year,date,exam_type,subject,question_no,question,option_A,option_B,option_C,option_D,correct_answers,notes,_場次
110,2021/11/6,保健食品初級工程師,保健食品概論,1,"何者非向衛生福利部申請國產維生素類錠狀膠囊狀食品查驗登記之審查資料表之必填資
料？ a.產品中文名稱 b.產品外文外稱 c.產品製程 d.產品包裝工廠名稱",ab,bd,ac,cd,B,,第二次
110,2021/10/2,保健食品初級工程師,保健食品概論,1,"食品中添加「矽酸鈣」作為品質改良劑時，使用限量為 2%以下，下列何者符合規定？ 
a.膠囊每顆500 mg中含有矽酸鈣 10 mg b.每150 kg食品中含有矽酸鈣 3 kg c.500顆錠
狀食品（每顆200 mg）總計含有矽酸鈣 20 g d.每25 kg食品中含有矽酸鈣 550 g",abcd,abc,abd,ab,D,答案有更正,第一次
110,2021/11/6,保健食品初級工程師,保健食品概論,2,"特殊營養食品中之特定疾病配方食品除一般包裝食品規定標示事項外，應另標示以下何
項？ a.適用對象 b.產品可以改善何種疾病 c.「本品屬特定疾病配方食品，不適合一般
人食用，須經醫師或營養師指導使用」或等同意義之詞句 d.產品中所含特殊營養素之生
理功能",ab,cd,ac,bd,C,,第二次
110,2021/10/2,保健食品初級工程師,保健食品概論,2,國內對食品原料輔酵素 Q10的使用限制及標示規定，何者為非？,每日食用限量 30毫克,15歲以下小孩不宜食用，且需標示,懷孕或哺乳期間婦女不宜食用，且需標示,服用抗凝血藥品病患可酌量食用,D,,第一次
110,2021/11/6,保健食品初級工程師,保健食品概論,3,申請健康食品查驗的產品，對其保健功效評估報告的審查，何為為非？,試驗產品應是申請的最終產品,人體食用研究者應有人體研究倫理審查委員會同意書,動物實驗應有試驗執行機構之實驗動物照護及使用委員會或小組同意書,應有二批結果報告，其中至少一批檢驗完成日期需在三年內,D,,第二次
110,2021/10/2,保健食品初級工程師,保健食品概論,3,申請健康食品查驗的產品，對其保健功效評估報告的審查，何者為非？,試驗產品應是申請的最終產品,人體食用研究者應有人體研究倫理審查委員會同意書,動物實驗應有試驗執行機構之實驗動物照護及使用委員會或小組同意書,應有二批結果報告，其中至少一批檢驗完成日期需在三年內,D,,第一次
110,2021/11/6,保健食品初級工程師,保健食品概論,4,我國最早可供外銷的保健食品品項為何？,乳酸菌,紅麴,綠藻,雞精,C,,第二次
110,2021/10/2,保健食品初級工程師,保健食品概論,4,健康食品查驗登記新案申請案審核為應送驗確認者之後續，何者錯誤？,"經中央主管機關通知後應於一個月內依通知函說明事項，向地方政府衛生局送交產
品樣品",應繳納檢驗費,應送繳原裝完整樣品檢體,"逾期未將檢體送驗者，其申請案得逕予否准 
Aor",A,,第一次
110,2021/11/6,保健食品初級工程師,保健食品概論,5,目前以膠原蛋白為主原料並通過健康食品認證之產品，其主要訴求功效為何？,骨質保健,美白保濕,延緩衰老,輔助調整過敏體質 ,A,,第二次
110,2021/10/2,保健食品初級工程師,保健食品概論,5,依健康食品管理法申請健康食品查驗登記（個案審查）新案之規定，何者錯誤？,"申請案初審為資料不完整者，經通知後應於二個月內補送必要之文件資料。必要
時，得申請延長一個月",經通知補送必要之文件資料，逾期未補送完整者，其申請案得逕予否准,"經初審通過者，應於初審通過通知送達之次日起一個月內，並依通知指定之份數，
檢送經補正後之完整文件資料影本至中央衛生主管機關，免繳審查費","每件申請案產品每次僅受理乙項保健功效之查驗登記 
 
 
","A,C",答案有更正,第一次
110,2021/11/6,保健食品初級工程師,保健食品概論,6,"依國內法規的規定，使用「蛹蟲草」為原料之食品，中文標示警語不需對誰提出不適合食
用的建議？",孕婦,兒童,高齡者,真菌過敏者,C,,第二次
110,2021/10/2,保健食品初級工程師,保健食品概論,6,"有關「包裝維生素礦物質類之錠狀膠囊狀食品營養標示應遵行事項」中對維生素 D 之規
定，下列何者錯誤？",維生素D之單位得標示「微克」或「μg」,有效數字不超過三位為原則,應加註明國際單位（IU）之含量標示,營養標示值之誤差允許範圍為 50%~150%,D,,第一次
110,2021/11/6,保健食品初級工程師,保健食品概論,7,我國所稱健康食品必須符合以下何種條件，得發給健康食品許可：,安全性評估試驗,安定性評估,證明無害人體健康之評估,以上皆是,D,,第二次
110,2021/10/2,保健食品初級工程師,保健食品概論,7,"以下何者不是包裝維生素礦物質類之錠狀膠囊狀食品營養標示，應遵行事項所規定之標示
內容？",「營養標示」之標題,每一份量（或每一份、每份）幾顆（或粒、錠）、本包裝所（含）幾份,於包裝容器上宣稱或自願標示之營養素含量,產品所含維生素、礦物質之生理功能,D,,第一次
110,2021/11/6,保健食品初級工程師,保健食品概論,8,有關向衛生福利部申請健康食品查驗登記，通過初審進入複審的案件，何者錯誤？,應繳納審查費,應檢送依初審結論補正的完整文件資料影本,應依通知指定之份數檢送資料,應於初審通過通知送達之次日起二個月內申請複審,D,,第二次
110,2021/10/2,保健食品初級工程師,保健食品概論,8,以下何者為取得衛福部健康食品查驗登記許可後，不可變更的項目？,產品中文名稱,增加包裝規格,配方中不影響產品之保健功效及安定性之抗氧化劑含量,配方中不影響產品之保健功效及安定性之色素含量,C,,第一次
110,2021/11/6,保健食品初級工程師,保健食品概論,9,食品原料標示時，對冬蟲夏草菌絲體的使用，何者敘述有誤？,要於外包加註「本產品非中藥材冬蟲夏草之製品」的醒語,完整「冬蟲夏草菌絲體」7 個字，字體大小要一致,需備菌株鑑定證明或分離來源等相關文件,可直接使用菌株英文名稱，不需中文名稱,D,,第二次
110,2021/10/2,保健食品初級工程師,保健食品概論,9,"業者向衛生福利部申請輸入錠狀、膠囊狀食品查驗登記許可文件有效期限之展延，何者不
是衛生福利部不予登記並發駁回書函之主要原因？",原許可文件已逾有效期限者,非原許可證有效期限期滿前三個月內辦理者,成分含量表與原登記內容不符者,未於提出申請時繳納審查費,D,,第一次
110,2021/11/6,保健食品初級工程師,保健食品概論,10,"以下何者為取得衛福部健康食品查驗登記許可後，得以申請變更的項目？（1）減少包裝
規格 （2）增加保健功效成分含量 （3）減少建議攝取量 （4）增加製造工廠",(1)(2),(2)(3),(3)(4),(1)(4) ,D,,第二次
110,2021/10/2,保健食品初級工程師,保健食品概論,10,下列何者不是健康食品護肝保健功效評估方法中，可進行的肝損傷模式？,疲勞性肝損傷,四氯化碳誘發化學性肝損傷,酒精液態飼料誘導酒精性脂肪肝,"止痛藥物乙醯胺基苯酚誘導化學性肝炎損傷 
",A,,第一次
110,2021/11/6,保健食品初級工程師,保健食品概論,11,有關健康食品查驗登記許可之展延登記申請，下列何者錯誤？,應繳納審查費,應檢附製造廠繼續製售之證明文件正本或產品原料成分含量表正本,應於原許可證到期前三個月前提出申請,每次申請，展延最多五年,C,,第二次
110,2021/10/2,保健食品初級工程師,保健食品概論,11,依衛生福利部公告之「包裝食品營養標示應遵行事項」之用詞定義，何者為非？,反式脂肪：指食品中非共軛反式脂肪（酸）之總和,糖：單醣、雙醣和多醣之總和,"膳食纖維：指人體小腸無法消化與吸收之三個以上單醣聚合之可食碳水化合物及木
質素","營養宣稱：指任何以說明、隱喻或暗示方式，表達該食品具有特定之熱量或營養素
性質",B,,第一次
110,2021/11/6,保健食品初級工程師,保健食品概論,12,"有關「包裝維生素礦物質類之錠狀膠囊狀食品營養標示應遵行事項」中對維生素 D 之規
定，下列何者錯誤？",維生素 D之單位得標示「微克」或「µg」,有效數字不超過三位為原則,應加註明國際單位（IU）之含量標示,營養標示值之誤差允許範圍為 50%~150%,D,,第二次
110,2021/10/2,保健食品初級工程師,保健食品概論,12,食品原料標示時，對冬蟲夏草菌絲體的使用，何者敘述有誤？,要於外包加註「本產品非中藥材冬蟲夏草之製品」的醒語,完整「冬蟲夏草菌絲體」7個字，字體大小要一致,需備菌株鑑定證明或分離來源等相關文件,可直接使用菌株英文名稱，不需中文名稱,D,,第一次
110,2021/11/6,保健食品初級工程師,保健食品概論,13,微生物類保健原料，申請健康食品時，需要附上：,購菌來源,菌種鑑定報告,菌株分型鑑別報告,以上皆要,D,,第二次
110,2021/10/2,保健食品初級工程師,保健食品概論,13,我國所稱健康食品必須符合以下何種條件，得發給健康食品許可：,安全性評估試驗,安定性評估,證明無害人體健康之評估,以上皆是,D,,第一次
110,2021/11/6,保健食品初級工程師,保健食品概論,14,糞腸球菌、尿腸球菌做為健康食品原料，需要的安全性證明，下列何者為非？,基因毒性試驗,90 天餵食毒性試驗,致癌性試驗,毒力相關因子檢測,C,,第二次
110,2021/10/2,保健食品初級工程師,保健食品概論,14,關於第二軌魚油類的健康食品規格審查標準，何者有誤？,以傳統供食用之魚類萃取製成粉狀、膠囊或錠狀之食品,所含ω-3脂肪酸之純度應為百分之三十至五十,可標示：「本產品可能有助於降低血中三酸甘油酯」,可以與大蒜、紅麴等組成複方產品,D,,第一次
110,2021/11/6,保健食品初級工程師,保健食品概論,15,中華民國 107 年 1 月 1 日生效的「健康食品應加標示事項」，要求那些事項？,加標保健用途、藥品區隔,加標請依建議攝取量食用,要求加註事項字體應與底色有區別,以上皆是 ,D,,第二次
110,2021/10/2,保健食品初級工程師,保健食品概論,15,糞腸球菌、尿腸球菌做為健康食品原料，需要的安全性證明，下列何者為非？,基因毒性試驗,90天餵食毒性試驗,致癌性試驗,毒力相關因子檢測 ,C,,第一次
110,2021/11/6,保健食品初級工程師,保健食品概論,16,健康食品必須標示效期為：,製造日期,有效期限,製造批號,有效日期、保存方法及條件,D,,第二次
110,2021/10/2,保健食品初級工程師,保健食品概論,16,"由黑麴菌絲體（Aspergillus niger mycelium）製備之食品原料幾丁聚醣（Chitosan），其中
何種毒素的含量應小於 1 ppb？",橘黴素（citrinin）,玉米赤黴毒素（zearalenone）,赭麴黴素-A（ochratoxin）,"伏馬黴素-B （fumonisin B ） 
1 1
Aor",C,,第一次
110,2021/11/6,保健食品初級工程師,保健食品概論,17,因發生福島輻射問題，全球食材原由日本供應，因而轉向台灣，主要為：,綠藻，藍藻,乳酸菌,雞精,漢方補品,A,,第二次
110,2021/10/2,保健食品初級工程師,保健食品概論,17,"下列有關我國目前對於國產及進口肉品中瘦肉精-萊克多巴胺（Ractopamine）殘留容
許量之敘述何者為正確？",進口豬牛肉品 10 ppb以下,國產豬牛肉品 10 ppb 以下,國產及進口家禽類肉品不得檢出,沒有特定規範,"A,C",答案有更正,第一次
110,2021/11/6,保健食品初級工程師,保健食品概論,18,健康食品第一軌申請許可作業流程為：,文件初審→評估結果審核→送驗確認→審核結果→核發許可證,文件初審→安全評估，功效評估→評估結果審核→送驗確認→審核結果→核發許可證,文件初審→功效評估→送驗確認→評估結果審核→審核結果→核發許可證,文件初審→審核結果→安全評估，功效評估→評估結果審核→送驗確認→核發許可證,B,,第二次
110,2021/10/2,保健食品初級工程師,保健食品概論,18,"兩種保健食品分別為牛樟芝固態培養菌絲體膠囊和牛樟芝椴木栽培子實體膠囊，欲申請健
康食品認證，請問此兩種產品共同需進行的安全性評估項目為何？a:基因毒性, b: 28天餵
食毒性試驗, c: 90天餵食毒性試驗, d:致畸試驗, e:致癌性試驗, f:繁殖試驗",a,"a,b","a,c,d","a,c,d,e,f",C,,第一次
110,2021/11/6,保健食品初級工程師,保健食品概論,19,"有一保健產品欲申請健康食品認證，有關進行安全性評估 28 天餵食毒性試驗時之試驗物
質投予途徑之考量，下列敘述，何者不正確？",一般採用胃管經口餵食,採用胃管經口餵食時之餵食體積需在 20 mL/kg動物體重以下,若試驗物質混入飼料或飲水中，則濃度不得超過 5%（w/w）,"當以胃管經口餵食，若在技術上可給予之最大劑量（但不得超過 1000 mg/kg），而
未顯現任何毒性徵兆，則以此劑量做為最高劑量",B,,第二次
110,2021/10/2,保健食品初級工程師,保健食品概論,19,"下列何者可作為食品原料使用？a.雪蓮（Saussurea involucrata）組織培養物，b.桑黃
（Phellinus linteus）菌絲體，c.印度仙人掌（Caralluma fimbriata）地上植株萃取物",a,ab,bc,abc,D,,第一次
110,2021/11/6,保健食品初級工程師,保健食品概論,20,下列有關乙型受體素-萊克多巴胺（Ractopamine）之敘述何者為不正確？,添加於動物飼料中可以增強家畜家禽的瘦肉比例,屬於類交感神經刺激劑,依規定其殘留容許量在牛肉及豬肉中為 10 ppb 以下,家禽類肉品中不得檢出 ,C,,第二次
110,2021/10/2,保健食品初級工程師,保健食品概論,20,下列有關河豚毒素（tetrodotoxin）之敘述，何者錯誤？,此毒素也存在於蠑螈,屬神經毒素,會抑制骨骼肌收縮,中毒時需儘速至醫院打抗毒血清 ,D,,第一次
110,2021/11/6,保健食品初級工程師,保健食品概論,21,"衛福部針對食品中真菌（黴菌）毒素訂有限量標準，有關真菌毒素：a.黃麴毒素 
（Aflatoxin） b.赭麴毒素 A（Ochratoxin A） c.棒麴毒素（Patulin） d.橘黴素（Citrinin），
 
上述有哪些訂有限量標準？",ab,cd,abc,abcd,D,,第二次
110,2021/10/2,保健食品初級工程師,保健食品概論,21,"下列有關二甲基黃（dimethyl yellow）之敘述：a.曾被用做人造奶油食用色素 b.動物實驗
發現其會致癌 c.屬用途限定食物染劑 d.訂定有限量標準，下列何者不正確？",a,cd,acd,abcd,B,,第一次
110,2021/11/6,保健食品初級工程師,保健食品概論,22,深井水中含有高濃度之砷物質可能與台灣南部沿海部分鄉鎮曾發生過的何種疾病有關？,豬頭皮（腮腺炎）,間質性腎炎,烏腳病（末梢血管病變）,眼睛黃斑部病變,C,,第二次
110,2021/10/2,保健食品初級工程師,保健食品概論,22,"下列物質：a.血紅素（heme） b.亞硝胺（nitrosamine） c.多環芳香烴（polycyclic aromatic 
hydrocarbons） d.異環胺（heterocyclic amines），何者為肉品中疑似易導致罹癌因子？",bc,abc,bcd,abcd,D,,第一次
110,2021/11/6,保健食品初級工程師,保健食品概論,23,有一可供食用之中藥材保健產品，欲申請健康食品認證，下列敘述何者為正確？,須為國產中藥材,需經衛福部中醫藥司同意,需有基原鑑定報告,沒有特定規範,C,,第二次
110,2021/10/2,保健食品初級工程師,保健食品概論,23,關於健康食品宣稱中有關木糖醇的牙齒保健功能，下列何者有誤？,有助於降低蛀牙的發生率,有助於減少口腔內的牙菌斑,有助於減少牙菌斑內突變形鏈球菌數量（Streptococcus mutans）,有助於減少牙周病,D,,第一次
110,2021/11/6,保健食品初級工程師,保健食品概論,24,"依據法規-紅麴健康食品規格標準，下列之敘述：a.產品除紅麴外之其他功效配方組成不
得超過 20%； b.所含之 citrinin 含量濃度應低於百萬分之二（2 ppm）； c.每日攝取量所含
monacolin K至少應達 15 毫克； d.應備有紅麴菌菌種鑑定報告。上述何者不正確？",a,bc,ac,bcd,C,,第二次
110,2021/10/2,保健食品初級工程師,保健食品概論,24,健康食品查驗登記採個案審查時：,依成分標準規格進行審查,審查費用為 5000 元,一般需耗時 30天,業者須檢具保健功效評估驗證,D,,第一次
110,2021/11/6,保健食品初級工程師,保健食品概論,25,"由黑麴菌絲體（Aspergillus niger mycelium）製備之食品原料幾丁聚醣（Chitosan），其中
何種毒素的含量應小於 1 ppb？",橘黴素（citrinin）,玉米赤黴毒素（zearalenone）,赭麴黴素-A（ochratoxin）,"伏馬黴素-B （fumonisin B ） 
1 1
 
 ",C,,第二次
110,2021/10/2,保健食品初級工程師,保健食品概論,25,下列何者不是目前國內健康食品認同的保健效果？,牙齒保健功能,抗疲勞功能,骨質保健功能,改善記憶功能 ,D,,第一次
110,2021/11/6,保健食品初級工程師,保健食品概論,26,依食品安全衛生管理法規定，下列有關含冬蟲夏草類產品之敘述何者錯誤？,冬蟲夏草可做為食品原料,產品須標示菌株之中文名稱及拉丁學名,使用之菌株須為中華被毛孢（Hirsutella sinensis）,以上皆非,A,,第二次
110,2021/10/2,保健食品初級工程師,保健食品概論,26,食品中添加「矽酸鈣」品質改良劑，使用限量為 2%以下，以下何者使用量不符規定？,膠囊每顆 500 mg中含有矽酸鈣 10 mg,每150 kg食品中含有矽酸鈣 1800 g,500顆錠狀食品（每顆 200 mg）總計含有矽酸鈣 2 g,每25 kg食品中含有矽酸鈣 6.5 kg,D,,第一次
110,2021/11/6,保健食品初級工程師,保健食品概論,27,食品原料受到甲基汞之汙染，可能引起下列何種器官毒性？,腦部,肺臟,肝臟,腎臟,A,,第二次
110,2021/10/2,保健食品初級工程師,保健食品概論,27,下列有關黴菌毒素特性之敘述，何者不正確？,是黴菌感染產生之副產物,在穀物或植物體中相當穩定,不受冷凍影響,遇熱會被分解,D,,第一次
110,2021/11/6,保健食品初級工程師,保健食品概論,28,"台灣南部沿海部分鄉鎮曾發生過所謂的烏腳病，此與長期飲用深井水有關，主要係因深井
水中含有高濃度之何種物質所致？",鎘,汞,鉛,砷,D,,第二次
110,2021/10/2,保健食品初級工程師,保健食品概論,28,"健康食品安全性評估類別：a.第一類 b.第二類 c.第三類 d.第四類，何者應進行基因毒
性試驗？",ab,bc,bcd,abcd,C,,第一次
110,2021/11/6,保健食品初級工程師,保健食品概論,29,毒性物質是否能進入腦部，下列何者是很重要的關鍵因素？,蛋白質,無機離子,酸鹼性,脂溶性,D,,第二次
110,2021/10/2,保健食品初級工程師,保健食品概論,29,"下列何種化學物質是屬於高碳水化合物食品在經過高溫油炸或烘焙過程後的產物且與食
物褐變的梅納反應密切相關？",丙烯醯胺,二硫化碳,聯苯胺,亞硝酸鹽,A,,第一次
110,2021/11/6,保健食品初級工程師,保健食品概論,30,下列工業原料中何者曾被作為起雲劑而用於飲料或食品中，造成民眾恐慌？,甲醇,多氯聯苯,鄰苯二甲酸二（2-乙基己基）酯,聯苯胺,C,,第二次
110,2021/10/2,保健食品初級工程師,保健食品概論,30,"申請健康食品認證，原則上非經傳統方式萃取、濃縮之傳統食用原料應歸為第幾類安全性
評估？",第一類,第二類,第三類,第四類 ,B,,第一次
110,2021/11/6,保健食品初級工程師,保健食品概論,31,日本曾發生之水俁病（Minamata disease）事件，是因何種化學物質汙染漁業食物所致？,有機錫,有機鎘,有機汞,有機砷,C,,第二次
110,2021/10/2,保健食品初級工程師,保健食品概論,31,香腸、臘肉等添加亞硝酸鹽是為了保色與防腐，其可以抑制下列何種細菌之形成？,肉毒桿菌,金黃葡萄球菌,綠膿桿菌,仙人掌桿菌,A,,第一次
110,2021/11/6,保健食品初級工程師,保健食品概論,32,申請健康食品認證，安全評估報告呈現之何種數值可供推算人體建議攝取量之安全性？,NOAEL,LOAEL,LD50,MOS,A,,第二次
110,2021/10/2,保健食品初級工程師,保健食品概論,32,世界衛生組織（WHO）將加工肉品，如培根、香腸、火腿跟熱狗列為第幾級致癌物？,1級,2A級,2B級,3級,A,,第一次
110,2021/11/6,保健食品初級工程師,保健食品概論,33,"健康食品安全性評估方法中動物 28 天及 90 天餵食試驗採用試驗物質混入飼料或飲水中
時，濃度不得超過多少%（w/w）？",1,5,10,15,B,,第二次
110,2021/10/2,保健食品初級工程師,保健食品概論,33,軟骨藻酸（domoic acid）可能與下列何種中毒事件有關？,麻痺性貝類中毒,失憶性貝類中毒,神經性貝類中毒,下痢性貝類中毒,B,,第一次
110,2021/11/6,保健食品初級工程師,保健食品概論,34,"台灣及日本皆曾發生過所謂的油症事件，是因米糠油製備過程受到何種化學物質汙染所致
之中毒事件？",多氯聯苯,戴奧辛,氯乙烯,聯苯胺,A,,第二次
110,2021/10/2,保健食品初級工程師,保健食品概論,34,下列有關食用油之敘述，何者錯誤？,大量煎炸食品時，以沙拉油較宜，豬油或動物性油脂較不適宜,植物油之不飽和脂肪酸含量較高，較具健康性,橄欖油適用涼拌或低溫拌炒,"用來油炸的油脂，發煙點應選用高於 200℃以上較為恰當 
Bor",A,,第一次
110,2021/11/6,保健食品初級工程師,保健食品概論,35,下列何種植物種子含有毒蛋白，其油品使用於食品時有法令規範？,沒食子,蓖麻子,五味子,牽牛花子 ,B,,第二次
110,2021/10/2,保健食品初級工程師,保健食品概論,35,下列有關食品添加物-銅葉綠素之敘述何者是正確的？,可添加於調味乳、湯類及不含酒精之調味飲料,為國際規範准許使用之食品添加物著色劑,各國均未准許使用於食用油脂產品中,以上皆是,"B,C",答案有更正,第一次
110,2021/11/6,保健食品初級工程師,保健食品概論,36,下列有關吊白塊（Rongalit）之敘述，何者錯誤？,為非法之食品漂白劑,含氰化物可能產生中毒,可能產生頭痛、眩暈、呼吸困難、嘔吐,以上皆非,B,,第二次
110,2021/10/2,保健食品初級工程師,保健食品概論,36,下列何種植物種子含有毒蛋白，其油品使用於食品時有法令規範？,沒食子,蓖麻子,五味子,牽牛花子 ,B,,第一次
110,2021/11/6,保健食品初級工程師,保健食品概論,37,失憶性（或健忘性）貝類中毒是下列何種海洋藻類之毒素所致？,藍綠藻,矽藻,微囊藻,渦鞭毛藻,B,,第二次
110,2021/10/2,保健食品初級工程師,保健食品概論,37,下列有關吊白塊（Rongalit）之敘述，何者錯誤？,為非法之食品漂白劑,含氰化物可能產生中毒,可能產生頭痛、眩暈、呼吸困難、嘔吐,以上皆非,B,,第一次
110,2021/11/6,保健食品初級工程師,保健食品概論,38,軟骨藻酸（domoic acid）可能與下列何種中毒事件有關？,麻痺性貝類中毒,失憶性貝類中毒,神經性貝類中毒,下痢性貝類中毒,B,,第二次
110,2021/10/2,保健食品初級工程師,保健食品概論,38,主管機關採行之食品安全管理措施是以下列何者為主要基礎考量？,毒性試驗,立法委員建議,多數民眾意見,風險評估,D,,第一次
110,2021/11/6,保健食品初級工程師,保健食品概論,39,下列有關食用油之敘述，何者錯誤？,大量煎炸食品時，以沙拉油較宜，豬油或動物性油脂較不適宜,植物油之不飽和脂肪酸含量較高，較具健康性,橄欖油適用涼拌或低溫拌炒,用來油炸的油脂，發煙點應選用高於 200℃以上較為恰當,A,,第二次
110,2021/10/2,保健食品初級工程師,保健食品概論,39,"下列工業原料中何者曾被使用於人造奶油，且其不當添加於食品中曾造成所謂毒豆干
事件？",喹啉黃,二甲基黃,檸檬黃,玉米黃素,B,,第一次
110,2021/11/6,保健食品初級工程師,保健食品概論,40,世界衛生組織（WHO）將加工肉品，如培根、香腸、火腿跟熱狗列為第幾級致癌物？,1 級,2A級,2B級,3 級,A,,第二次
110,2021/10/2,保健食品初級工程師,保健食品概論,40,"健康食品安全性評估方法中需使用所謂前置培養法或平板混合試驗法的是指下列何種
試驗？",體外哺乳類細胞基因毒性試驗,體外微生物基因突變試驗,體外骨髓細胞微核基因毒性試驗,以上皆非,B,,第一次
110,2021/11/6,保健食品初級工程師,保健食品概論,41,下列有關黴菌毒素特性之敘述，何者不正確？,是黴菌感染產生之副產物,在穀物或植物體中相當穩定,不受冷凍影響,遇熱會被分解 ,D,,第二次
110,2021/10/2,保健食品初級工程師,保健食品概論,41,"台灣及日本皆曾發生過所謂的油症事件，是因米糠油製備過程受到何種化學物質汙染所致
之中毒事件？",多氯聯苯,戴奧辛,氯乙烯,聯苯胺 ,A,,第一次
110,2021/11/6,保健食品初級工程師,保健食品概論,42,"健康食品安全性評估類別：a.第一類 b.第二類 c.第三類 d.第四類，何者應進行基因毒
性試驗？",ab,bc,bcd,abcd,C,,第二次
110,2021/10/2,保健食品初級工程師,保健食品概論,42,"下列何種實驗最常被使用於食品安全性評估中的""致突變試驗""？",染色體變異試驗,小鼠周邊血球微核試驗,安姆氏（Ames）試驗,DNA損傷確認試驗,C,,第一次
110,2021/11/6,保健食品初級工程師,保健食品概論,43,"下列何種化學物質是屬於高碳水化合物食品在經過高溫油炸或烘焙過程後的產物且與食
物褐變的梅納反應密切相關？",丙烯醯胺,二硫化碳,聯苯胺,亞硝酸鹽,A,,第二次
110,2021/10/2,保健食品初級工程師,保健食品概論,43,健康食品的安全性較不受下列何種因素影響？,原料來源,製造方式,設備價格,成分組成,C,,第一次
110,2021/11/6,保健食品初級工程師,保健食品概論,44,"申請健康食品認證，原則上非經傳統方式萃取、濃縮之傳統食用原料應歸為第幾類安全性
評估？",第一類,第二類,第三類,第四類,B,,第二次
110,2021/10/2,保健食品初級工程師,保健食品概論,44,缺乏碘時會產生下列何種病症？,Beriberi,Cretinism,Hemolytic anemia,Rickets,B,,第一次
110,2021/11/6,保健食品初級工程師,保健食品概論,45,一茶匙的液體卵磷脂可提供大約多少能量？,0 大卡路里,2 大卡路里,45 大卡路里,200 大卡路里,C,,第二次
110,2021/10/2,保健食品初級工程師,保健食品概論,45,下列何者是鈣攝取超出最高容許量（UL）的風險？,手足抽搐,萎縮性胃炎,維生素D缺乏症,腎結石的形成,D,,第一次
110,2021/11/6,保健食品初級工程師,保健食品概論,46,國人膳食營養素參考攝取量對鐵質的建議為何者正確？,10-18 歲男性與女性的建議攝取量相同,51 歲以上老化增加應增加攝取量,懷孕應從第一期開始每日增加 30 毫克,分娩後與成人期需求量相同 ,A,,第二次
110,2021/10/2,保健食品初級工程師,保健食品概論,46,國人膳食營養素參考攝取量對鐵質的建議為何者正確？,10-18歲男性與女性的建議攝取量相同,51歲以上老化增加應增加攝取量,懷孕應從第一期開始每日增加 30毫克,分娩後與成人期需求量相同,A,,第一次
110,2021/11/6,保健食品初級工程師,保健食品概論,47,下列有關於人體如何自行合成維生素之敘述，何者正確？,藉由葉黃素合成維生素 A，大部分儲存於肝臟,皮膚藉由日曬合成維生素 C，幫助調控血鈣,藉由色胺酸合成菸鹼素，食物烹煮時菸鹼素易流失,維生素 K可由結腸中細菌合成，滿足人體所需之 10%,D,,第二次
110,2021/10/2,保健食品初級工程師,保健食品概論,47,為了避免維生素攝取過量產生毒性的風險，綜合維生素和礦物質補充劑的劑量建議為何？,應少於每日參考值（DV）的兩倍,應少於上限攝取量（UL）的兩倍,應少於平均需要量（EAR）的兩倍,應少於包裝標示份量的兩倍 ,A,,第一次
110,2021/11/6,保健食品初級工程師,保健食品概論,48,"某人體重為 60 公斤，初估其基礎代謝率是每小時每公斤體重 0.9 大卡，若其過著靜態的
生活方式，則每日所需總能量約為多少大卡？",1200,1500,2100,2500,C,,第二次
110,2021/10/2,保健食品初級工程師,保健食品概論,48,下列有關於人體如何自行合成維生素之敘述，何者正確？,藉由葉黃素合成維生素 A，大部分儲存於肝臟,皮膚藉由日曬合成維生素 C，幫助調控血鈣,藉由色胺酸合成菸鹼素，食物烹煮時菸鹼素易流失,維生素K可由結腸中細菌合成，滿足人體所需之 10%,D,,第一次
110,2021/11/6,保健食品初級工程師,保健食品概論,49,下列何種蛋白中的鐵為儲存性鐵？,鐵蛋白,肌紅素,轉鐵蛋白,血紅素,A,,第二次
110,2021/10/2,保健食品初級工程師,保健食品概論,49,下列何種維生素的功能與能量釋放無直接關係？,"維生素B 
1",泛酸,菸鹼酸,"維生素B 
12",D,,第一次
110,2021/11/6,保健食品初級工程師,保健食品概論,50,以下何者是台灣十大死因？,禽流感,嚴重急性呼吸道症候群 SARS,糖尿病,缺鐵性貧血,C,,第二次
110,2021/10/2,保健食品初級工程師,保健食品概論,50,下列何者是鎂的主要功能？,運輸氧氣,預防貧血,能量代謝中的催化劑,甲狀腺激素的生產,C,,第一次
110,2021/11/6,保健食品初級工程師,保健食品概論,51,一個人的體重（kg）與身高（m2）的比值稱為：,身體質量指標,身高對體重指標,理想體重指標,期望的體重指標,A,,第二次
110,2021/10/2,保健食品初級工程師,保健食品概論,51,一個長期飢餓的人正在失去：,只有脂肪,只有肝醣,肝醣和脂肪,肝醣、蛋白質及脂肪,D,,第一次
110,2021/11/6,保健食品初級工程師,保健食品概論,52,下列何者可用來衡量一個人的腹部脂肪？,BMI,必須體脂肪,水中秤重法,腰圍 ,D,,第二次
110,2021/10/2,保健食品初級工程師,保健食品概論,52,下列何者不能用來製造身體蛋白質？,葡萄糖,甘油,脂肪酸,胺基酸,C,,第一次
110,2021/11/6,保健食品初級工程師,保健食品概論,53,[膳食營養素參考攝取量]可以簡稱為？,RDIs,IDFs,DRIs,RADs,C,,第二次
110,2021/10/2,保健食品初級工程師,保健食品概論,53,酒精攝取過量可能導致下列何種維生素缺乏？,維生素A,維生素C,菸鹼酸,維生素K,C,,第一次
110,2021/11/6,保健食品初級工程師,保健食品概論,54,純素食者最容易引起下列何種營養素缺乏？,"維生素 B 
1","維生素 B 
12",維生素 C,膳食纖維,B,,第二次
110,2021/10/2,保健食品初級工程師,保健食品概論,54,國人膳食營養素參考攝取量對 19歲以上的上限攝取量（UL）為何？,維生素A 1000 微克，維生素 C 2000 毫克，維生素E 3000 毫克,維生素A 1000 微克，維生素 C 3000 毫克，維生素E 2000 毫克,維生素A 3000 微克，維生素C 2000 毫克，維生素E 1000 毫克,維生素A 2000 微克，維生素 C 1000 毫克，維生素E 3000 毫克,C,,第一次
110,2021/11/6,保健食品初級工程師,保健食品概論,55,下列何者為必需脂肪酸？,Arachidonic acid,Eicosapentaenoic acid,Linoleic acid,Oleic acid,C,,第二次
110,2021/10/2,保健食品初級工程師,保健食品概論,55,以蛋白質消化率校正之胺基酸分數（PDCAAS）來看，以下何種食物的蛋白質品質較差？,牛奶,黃豆,玉米,肉類,C,,第一次
110,2021/11/6,保健食品初級工程師,保健食品概論,56,下列何種維生素的功能與能量釋放無直接關係？,"維生素 B 
1",泛酸,菸鹼酸,"維生素 B 
12",D,,第二次
110,2021/10/2,保健食品初級工程師,保健食品概論,56,下列何者為含硫胺基酸？,半胱胺酸,酪胺酸,麩胺酸,精胺酸,A,,第一次
110,2021/11/6,保健食品初級工程師,保健食品概論,57,一個長期飢餓的人正在失去：,只有脂肪,只有肝醣,肝醣和脂肪,肝醣、蛋白質及脂肪,D,,第二次
110,2021/10/2,保健食品初級工程師,保健食品概論,57,有關魚油EPA的結構描述下列何者是正確的？,C22:4,C20:4,C20:5,C22:5,C,,第一次
110,2021/11/6,保健食品初級工程師,保健食品概論,58,下列何者不能用來製造身體蛋白質？,葡萄糖,甘油,脂肪酸,胺基酸 ,C,,第二次
110,2021/10/2,保健食品初級工程師,保健食品概論,58,食物中所含之葉酸，必須經由哪一個酵素作用後才可被吸收？,二氫葉酸還原酶,葉酸合成解酶,蛋白酶,胰蛋白酶,A,,第一次
110,2021/11/6,保健食品初級工程師,保健食品概論,59,國人膳食營養素參考攝取量對 19 歲以上的上限攝取量（UL）為何？,維生素 A 1000 微克，維生素 C 2000 毫克，維生素 E 3000 毫克,維生素 A 1000 微克，維生素 C 3000 毫克，維生素 E 2000 毫克,維生素 A 3000 微克，維生素 C 2000 毫克，維生素 E 1000 毫克,維生素 A 2000 微克，維生素 C 1000 毫克，維生素 E 3000 毫克,C,,第二次
110,2021/10/2,保健食品初級工程師,保健食品概論,59,下列何者是可消化的多醣？,纖維素,木質素,棉籽糖,果膠 ,D,,第一次
110,2021/11/6,保健食品初級工程師,保健食品概論,60,美國運動醫學專科學會所命名的女運動員三症候群有那些特徵？,體溫異常、無月經週期、憂鬱症,睡眠異常、無月經週期、肌肉上癮症,飲食異常、無月經週期、骨質疏鬆症,血糖異常、無月經週期、健康食品症,C,,第二次
110,2021/10/2,保健食品初級工程師,保健食品概論,60,下列何者不是水溶性纖維？,樹膠,果膠質,木質素,黏液質,C,,第一次
110,2021/11/6,保健食品初級工程師,保健食品概論,61,下列哪一種脂蛋白的氧化與動脈粥狀硬化的成因有關？,乳糜微粒,低密度脂蛋白,極低密度脂蛋白,高密度脂蛋白,B,,第二次
110,2021/10/2,保健食品初級工程師,保健食品概論,61,下列何者是減重的最好方法？,避免含有碳水化合物的食物,排除飲食中所有脂肪及減少喝水,大量增加蛋白質的攝取量以防止體蛋白質流失,減少每天的能量攝取並增加能量的消耗,D,,第一次
110,2021/11/6,保健食品初級工程師,保健食品概論,62,下列何者為含硫胺基酸？,半胱胺酸,酪胺酸,麩胺酸,精胺酸,A,,第二次
110,2021/10/2,保健食品初級工程師,保健食品概論,62,以下何者為導致骨質疏鬆症的危險因素？,停經婦女,體力活動不足,缺乏維生素 D,以上皆是,D,,第一次
110,2021/11/6,保健食品初級工程師,保健食品概論,63,研究顯示，服用下列何者可降低神經管缺陷的風險？,菸鹼酸,葉酸,維生素 C,"維他命 B
12",B,,第二次
110,2021/10/2,保健食品初級工程師,保健食品概論,63,"下列有關攝食產熱效應（Termic Effect of Food, TEF）的敘述何者為是？",Carbohydrate 的 TEF值最高,protein 的 TEF值最高,Fat 的TEF值最高,Carbohydrate、protein、Fat 的TEF值一樣高,B,,第一次
110,2021/11/6,保健食品初級工程師,保健食品概論,64,以葡萄糖作為基準，評估攝入其他食物後血糖上升的情形，稱為該食物之：,Amylose Index,Sugar Index,Glycemic Index,Insulin Index ,C,,第二次
110,2021/10/2,保健食品初級工程師,保健食品概論,64,"全穀食品在保健食品市場(1)是全球保健食品發展的重要趨勢 (2)屬於Gluten Free的食品 
(3)富含膳食纖維、維生素和礦物質等 (4)含量需含總產品乾重51%以上始可宣稱 (5)需含
有穀物的麩皮、胚芽及胚乳，以下何者正確？",(1)(3)(5),(1)(2)(5),(2)(3)(4),(1)(2)(4) ,A,,第一次
110,2021/11/6,保健食品初級工程師,保健食品概論,65,"以 Ames test 進行基因毒性測試時，試驗物質至少需進行幾個劑量的評估，且最高劑量須
足以產生明顯的毒性？",6 種,5 種,4 種,3 種,B,,第二次
110,2021/10/2,保健食品初級工程師,保健食品概論,65,"根據「包裝維生素礦物質類之錠狀膠囊狀食品營養標示應遵行事項」之規定，欲敘述維生
素、礦物質之生理功能，其每日最低攝取量需達每日參考值之多少以上？",10%,15%,30%,50%,B,,第一次
110,2021/11/6,保健食品初級工程師,保健食品概論,66,"下列何種毒性試驗長期以口胃管、靜脈或皮下注射方式投予實驗動物，觀察在非致死劑量
之下所產生的毒性作用，是否有導致疾病發生之可能？",急性毒性試驗,亞急性毒性試驗,基因毒性試驗,慢性毒性試驗,D,,第二次
110,2021/10/2,保健食品初級工程師,保健食品概論,66,依健康食品規格標準審查通過之產品，其功效：,由經驗傳承,由公式計算,由學理得知,由實驗確認,C,,第一次
110,2021/11/6,保健食品初級工程師,保健食品概論,67,請舉出三種與蛋白質合成生成有關的維生素 B 群。,"Niacin、VitaminB 、VitaminB 
1 2","VitaminB 、VitaminB 、VitaminB 
1 2 6","VitaminB 、Folic acid、Biotin 
12","VitaminB 、VitaminB 、Lipoic acid 
1 6",C,,第二次
110,2021/10/2,保健食品初級工程師,保健食品概論,67,玻璃包裝之食品可能有何種毒物之汙染？,多氯聯苯,汞,鉛,甲醛,C,,第一次
110,2021/11/6,保健食品初級工程師,保健食品概論,68,下列有關鈣的敘述，何者錯誤？,膳食纖維會抑制腸道對鈣的吸收,血鈣濃度低時，維生素 D會在腎臟被活化,補充劑中鈣的含量相同時，檸檬酸鈣型態的吸收率會較佳,血鈣濃度低時，甲狀腺素濃度會增高,D,,第二次
110,2021/10/2,保健食品初級工程師,保健食品概論,68,迴腸切除者較容易缺乏下列何者？,"維生素B 
12","維生素B 
6",葉酸,菸鹼素,A,,第一次
110,2021/11/6,保健食品初級工程師,保健食品概論,69,下列何種蛋白的變異與牛海綿狀腦病（狂牛症）有關？,纖維母細胞生長因子-23（FGF-23）,腦源性神經營養因子蛋白（BDNF）,克洛素蛋白（klotho）,普立昂蛋白（prion） ,D,,第二次
110,2021/10/2,保健食品初級工程師,保健食品概論,69,有關三聚氰胺（Melamine）毒奶粉事件，為何不肖商人要故意添加三聚氰胺？,提高鈣質的檢測含量,提高乳蛋白的檢測含量,提高氮的檢測含量,以上皆非,C,,第一次
110,2021/11/6,保健食品初級工程師,保健食品概論,70,"何者為健康食品管理法所稱之保健功效？ a.增進民眾健康、減少疾病危害風險 b.具有實
質科學證據之功效 c.治療、矯正人類疾病之效能 d.經中央主管機關公告者",abc,bcd,acd,"abd 
A",D,,第二次
110,2021/10/2,保健食品初級工程師,保健食品概論,70,"下列何種食品添加物過去曾使用於麵包中，但經致癌性試驗評估後，被歸類於第二級致癌
物而遭禁用：",溴酸鉀,二甲基亞硝胺,糖精,BHA,A,,第一次
110,2021/11/6,保健食品初級工程師,保健食品概論,71,下列何者鈣的含量最高？,檸檬酸鈣,碳酸鈣,乳酸鈣,葡萄糖酸鈣,"A,B",答案有更正,第二次
110,2021/10/2,保健食品初級工程師,保健食品概論,71,以下何者非健康食品管理法規定之健康食品必須標示於容器、包裝或說明書上之項目：,有效日期,許可證字號、「健康食品」字樣及標準圖樣,核准之功效,符合HACCP,D,,第一次
110,2021/11/6,保健食品初級工程師,保健食品概論,72,我國保健食品產業外銷拓展的所遭遇之主要瓶頸何者為非？,跨國行銷能力與經驗不足,不了解國外目標市場的法規,外銷所需之官方證明文件申請冗長,專利佈局不足,D,,第二次
110,2021/10/2,保健食品初級工程師,保健食品概論,72,一般用於「動物活體基因毒性分析」的動物是哪一種？,雄性鼷鼠,兔子,倉鼠,小鼠,A,,第一次
110,2021/11/6,保健食品初級工程師,保健食品概論,73,口服酵素補充品的一般在腸胃道的代謝途徑為何？,被胃腸道蛋白酶消化,被唾液分泌液迅速分解,以原本型式在胃被吸收,以原本型式在空腸完全被吸收,A,,第二次
110,2021/10/2,保健食品初級工程師,保健食品概論,73,健康食品保健功效適合的表達方式，下列何者為非？,敘述攝取後一般性好處,提出科學證據支持影響人體生理結構或生理機能之說法,宣稱國際相關功效已有多元產品及廣大巿場,敘述攝特定營養素、特定成分或該食品對人體生理結構或生理機能之影響,C,,第一次
110,2021/11/6,保健食品初級工程師,保健食品概論,74,下列何者不是水溶性纖維（soluble fiber）？,樹膠,半纖維素,果膠,木質素,D,,第二次
110,2021/10/2,保健食品初級工程師,保健食品概論,74,以下何者非維生素 C 的功能？,具抗氧化能力,促進膠原蛋白合成,促進小腸對鐵的吸收,參與膽固醇的生合成,D,,第一次
110,2021/11/6,保健食品初級工程師,保健食品概論,75,以下哪一種飽和脂肪酸不容易增加血膽固醇？,肉豆蔻酸,月桂酸,棕櫚酸,硬脂酸 ,D,,第二次
110,2021/10/2,保健食品初級工程師,保健食品概論,75,"維生素D 必須靠哪些組織活化才能成為活化型維生素 D ？ 
3 3",肝臟與腎臟,肝臟與脾臟,腎臟與脾臟,骨髓與脾臟,A,,第一次
110,2021/11/6,保健食品初級工程師,保健食品概論,76,下列何種物質經致癌性試驗評估後，被歸類於第一級致癌物：,溴酸鉀,氯仿,糖精,黃麴毒素,D,,第二次
110,2021/10/2,保健食品初級工程師,保健食品概論,76,有關向衛生福利部申請健康食品查驗登記，所檢附之產品衛生檢驗報告，何者錯誤？,要檢附檢驗方法清單,應有三批檢驗報告,檢驗完成日期皆應在三年內,報告內容應符合健康食品衛生標準規定,C,,第一次
110,2021/11/6,保健食品初級工程師,保健食品概論,77,顛茄生物鹼-阿托品（atropine）可用於下列何種物質中毒時之解毒？,有機溶劑,有機磷農藥,有機汞,氰化物,B,,第二次
110,2021/10/2,保健食品初級工程師,保健食品概論,77,下列哪種糖是存在於豆類食品中最不易被消化的醣類？,阿拉伯糖,木糖,棉籽糖,核糖,C,,第一次
110,2021/11/6,保健食品初級工程師,保健食品概論,78,染色體異常分析法檢查染色體的結構與數目於？,分裂間期,分裂末期,分裂初期,分裂中期,D,,第二次
110,2021/10/2,保健食品初級工程師,保健食品概論,78,下列關於碳水化合物之敘述何者為非？,在人體內，葡萄糖也稱為血糖,半乳糖以單獨形式存在於牛乳中,蔗糖乃是由葡萄糖與果糖結合而成,麥芽糖含有兩個葡萄糖分子，以 α鍵結合,B,,第一次
110,2021/11/6,保健食品初級工程師,保健食品概論,79,工業局「保健食品工業技術推廣與輔導計畫」業務不包括？,產業諮詢服務窗口,研發成果資料庫建置,產業發展年度白皮書,專利授權,D,,第二次
110,2021/10/2,保健食品初級工程師,保健食品概論,79,申請健康食品認證，安全性評估原則上應以何種試驗物質形式進行？,不含賦形劑之主要原料,最終產品,不拘形式,以上皆非,B,,第一次
110,2021/11/6,保健食品初級工程師,保健食品概論,80,向衛生福利部申請健康食品查驗登記，產品使用乳酸菌為原料者，其審查原則何者為非？,應有購菌或菌株來源證明,應有菌種鑑定報告,應有菌株鑑定報告,"自行篩選菌株者，其安全性分類可為 第一類 
 
以 下 空 白",D,,第二次
110,2021/10/2,保健食品初級工程師,保健食品概論,80,"下列何種毒性試驗是研究胚胎形成過程中因化學物質的誘發，可能導致胎兒在構造上或功
能上的改變？",致突變性試驗,畸胎性試驗,慢性毒性試驗,"致癌性試驗 
 
 
以 下 空 白",B,,第一次
110,2021/11/6,保健食品初級工程師,食品科學概論,1,"禽畜產品、乳品、⽔產加工食品業及餐飲業以外的其他食品製造業，⾄少應置⼀名專⾨職
業人員，其資格為下列何者？",食品技師,營養師,獸醫師,⽔產養殖技師,A,,第二次
110,2021/10/2,保健食品初級工程師,食品科學概論,1,有關油炸油得換油的指標，下列何者錯誤？,發煙點低於 150℃時,"油炸油色深且又黏漬，具油耗味，泡沫多、大、有顯著異味且泡沫面積超過油炸鍋
二分之一以上者",酸價超過 2.0（mg KOH/g）,油炸油總極性物質含量達 25%以上者,A,,第一次
110,2021/11/6,保健食品初級工程師,食品科學概論,2,殺菌液蛋不得檢出的微生物為何？,沙⾨氏菌,仙人掌桿菌,腸炎弧型菌,金黃色葡萄球菌,A,,第二次
110,2021/10/2,保健食品初級工程師,食品科學概論,2,"中央主管機關對重大或突發性食品衛生安全事件，必要時得依風險評估或流行病學調查結
果，公告對特定產品或特定地區之產品採取的管理措施不包括下列哪一項？",限制或停止輸入查驗,限制或停止製造及加工方式或條件,限制或停止限期回收或限期改善,下架、封存、沒入、銷毀,C,,第一次
110,2021/11/6,保健食品初級工程師,食品科學概論,3,有關食品添加物業者之登錄，下列何者錯誤？,食品添加物製造場所無工廠登記業者，可以登錄,食品添加物應明顯標示產品登錄碼,登錄複方食品添加物A，成分若含複方添加物B，後者可以不用將個別成分展開登錄,"A公司委託B廠代工製造食品添加物，後由A公司販賣該食品添加物，A 公司應同
時登錄製造業及販賣業，並於製造業頁籤中登錄委託B 廠代工資訊。",C,,第二次
110,2021/10/2,保健食品初級工程師,食品科學概論,3,食品物流業應制定物流管制標準作業程序，下列規定何者錯誤？,作業過程中需管制溫度或濕度者，應建立管制方法及基準，並確實記錄,低溫食品之品溫再裝載前，應檢測及記錄,低溫食品之理貨或及裝卸，應於 15℃以下場所迅速進行,應依產品特性，適當調整產品保持溫度條件進行物流作業,D,,第一次
110,2021/11/6,保健食品初級工程師,食品科學概論,4,食品安全監測計畫中有關監測週期，每半年或每批需檢驗⾄少⼀次的，為下列何者？,動物性油脂產品,肉品加工產品,澱粉產品之原料或成品,複方食品添加物產品,A,,第二次
110,2021/10/2,保健食品初級工程師,食品科學概論,4,有關食品業者倉儲管制，下列規定何者錯誤？,作業性質或清潔程度要求不同的場所，應分別設置或予以適當區隔,倉儲作業應符合先進先出的原則，並確實記錄,倉儲過程中，可隨時依產品性質，適度修正原物料供應商原來設定的貯存條件,倉儲過程，應定期檢查，並確實記錄；有異狀時，應立即處理確保品質及衛生,C,,第一次
110,2021/11/6,保健食品初級工程師,食品科學概論,5,下列何者是食品添加物類別之保色劑？,碳酸鉀,硝酸鉀,氯化鉀,磷酸氫二鉀 ,B,,第二次
110,2021/10/2,保健食品初級工程師,食品科學概論,5,"食品業者依法訂定食品安全監測計畫，如變更計畫內容，原版本自修正日起至少保存 
（a）____年，依據監測計畫執行的檢驗結果紀錄至少應保存（b）____年，a、b依序為：",5，5,3，5,5，3,6，6 ,A,,第一次
110,2021/11/6,保健食品初級工程師,食品科學概論,6,"亞硫酸鹽使用於金針乾製品，用量以SO 殘留量計，為多少 g/kg？ 
2",2,3,4,5,C,,第二次
110,2021/10/2,保健食品初級工程師,食品科學概論,6,"食品安全監測計畫中，應就其半成品或成品，除一般法定項目外，尚需檢驗二氧化硫的產
品，為下列何者？",茶葉產品,糖產品,醬油產品,動物性油產品,B,,第一次
110,2021/11/6,保健食品初級工程師,食品科學概論,7,販賣、貯存食品添加物場所之光線除不得改變食品顏色外，應達到多少米燭光以上？,100,200,300,400,B,,第二次
110,2021/10/2,保健食品初級工程師,食品科學概論,7,下列何者不屬於應辦理食品添加物查驗登記事項？,改裝單方食品添加物,食品添加物標示無法反映產品本質或功能,產品規格不符合「食品添加物使用範圍及限量暨規格標準」,產品不屬於食品添加物,D,,第一次
110,2021/11/6,保健食品初級工程師,食品科學概論,8,"在製造中式香腸之預裝秤重包裝（真空）進行生物性危害分析，得知異常時，其危害之防
治措施，下列何者錯誤？",依標準作業程序進行包裝作業,全數經紅外線掃瞄，確認包裝之密封性,真空包裝機定期清潔消毒和維護保養（以確保真空度）,確實執行人員衛生管理,B,,第二次
110,2021/10/2,保健食品初級工程師,食品科學概論,8,食品添加物販售場所之規定，下列何者錯誤？,販賣、貯存食品之設施及場所，應保持清潔，並設置有效防止病媒金入之設施,食或食品添加物應避免汙染及腐敗，並一起妥善保存、整齊堆放,應有管理衛生人員,販賣貯存作業，應遵守先進先出之原則,B,,第一次
110,2021/11/6,保健食品初級工程師,食品科學概論,9,接獲某食品業者販售產品發生疑似食品中毒事件時，下列處置，何者錯誤？,對於該食品業者，得命其限期改善,"對於該業者，得命其派送相關食品從業人員⾄各級主管機關認可的機關（構），接受
⾄少6小時之食品中毒防治衛生講習",調查期間，得命其暫停營業、停止販賣及進行消毒,調查期間，並可封存該產品,B,,第二次
110,2021/10/2,保健食品初級工程師,食品科學概論,9,下列何者是食品添加物類別之保色劑？,碳酸鉀,硝酸鉀,氯化鉀,磷酸氫二鉀,B,,第一次
110,2021/11/6,保健食品初級工程師,食品科學概論,10,"低酸性罐頭食品（pH>4.6）之殺菌值F 須達到多少以上？ 
0",2,3,4,5,B,,第二次
110,2021/10/2,保健食品初級工程師,食品科學概論,10,"在製造中式香腸之預裝秤重包裝（真空）進行生物性危害分析，得知異常時，其危害之防
治措施，下列何者錯誤？",依標準作業程序進行包裝作業,全數經紅外線掃瞄，確認包裝之密封性,真空包裝機定期清潔消毒和維護保養（以確保真空度）,確實執行人員衛生管理 ,B,,第一次
110,2021/11/6,保健食品初級工程師,食品科學概論,11,有關食品工廠廠區環境之規定，下列何者錯誤？,工廠不得設於易遭汙染之區域，否則應有嚴格之食品汙染防制措施,鄰近及廠內道路，應鋪設柏油等，以防灰塵造成汙染,廠區內不得有發生不良氣味、有害（毒）氣體,廠區內嚴禁飼養包括警戒犬在內的任何動物,D,,第二次
110,2021/10/2,保健食品初級工程師,食品科學概論,11,下列何者不是防腐劑？,苯甲酸鉀,己二烯酸鉀,過氧化氫,丙酸,C,,第一次
110,2021/11/6,保健食品初級工程師,食品科學概論,12,有關香蕉在成熟過程中顏色由綠轉黃的原因之敘述，下列何者正確？,葉綠素轉化為核黃素,葉綠素破壞而葉黃素顯現,葉綠素轉化為胡蘿蔔素,葉綠素破壞而胡蘿蔔素顯現,D,,第二次
110,2021/10/2,保健食品初級工程師,食品科學概論,12,"乙烯二胺四醋酸二鈉（EDTANa ）除了可以作為食品改良用劑外，還可以做為： 
2",防腐劑,殺菌劑,結著劑,抗氧化劑,D,,第一次
110,2021/11/6,保健食品初級工程師,食品科學概論,13,有關蛋白質變性（denaturation）之敘述，下列何者有誤？,蛋白質變性後容易受到蛋白質分解酵素的作用,蛋白質變性後會失去生物活性,蛋白質變性後⼀級結構發生變化,蛋白質變性後溶解度降低,C,,第二次
110,2021/10/2,保健食品初級工程師,食品科學概論,13,發布食品衛生檢驗資訊時，應同時公布的資訊，何者不正確：,檢驗單位,檢驗方法,檢驗人員,結果判讀依據,C,,第一次
110,2021/11/6,保健食品初級工程師,食品科學概論,14,下列何者為魚油中富含的EPA脂肪酸的碳數及不飽和鍵的表示方式？,C20：5,C20：6,C22：5,C22：6,A,,第二次
110,2021/10/2,保健食品初級工程師,食品科學概論,14,殺菌液蛋不得檢出的微生物為何？,沙門氏菌,仙人掌桿菌,腸炎弧型菌,金黃色葡萄球菌,A,,第一次
110,2021/11/6,保健食品初級工程師,食品科學概論,15,利用火焰式原⼦吸光光譜法檢測稻米是否遭到鎘汙染，其檢測波⻑（nm）為何？,324.8,283.3,228.8,206,C,,第二次
110,2021/10/2,保健食品初級工程師,食品科學概論,15,有關食品工廠廠區環境之規定，下列何者錯誤？,工廠不得設於易遭汙染之區域，否則應有嚴格之食品汙染防制措施,鄰近及廠內道路，應鋪設柏油等，以防灰塵造成汙染,廠區內不得有發生不良氣味、有害（毒）氣體,廠區內嚴禁飼養包括警戒犬在內的任何動物,D,,第一次
110,2021/11/6,保健食品初級工程師,食品科學概論,16,有關蛋白質分析技術與原理，以下敘述何者不正確？,利用凱氏方法定量蛋白質時，係數6.25可適用於不同來源的蛋白質,添加三聚氰胺於生乳或飼料中，是用來誤導凱氏蛋白質定量方法的數值,愛德曼降解法（Edman degradation）是用來做蛋白質中胺基酸定序的主要方法之⼀,並非所有胺基酸定量，都適合利用強酸分解蛋白質後再定量個別胺基酸 ,A,,第二次
110,2021/10/2,保健食品初級工程師,食品科學概論,16,"有關乳品加工廠各作業區之落菌數標準如下:清潔作業區， a 個以下；準清潔作業， 
 b 個以下；一般作業區， c 個以下；a、b、c依序為：",20，30，400,20，50，500,30，50，500,30，50，700 ,C,,第一次
110,2021/11/6,保健食品初級工程師,食品科學概論,17,下列有關⽔分與食品的基本關係之描述，何者敘述有誤？,⽔分通常佔⼀般食品重量的60～70%以上,⽔分能夠直接影響食品之質地和組織,⽔分⼦之間是以許多氫鍵（hydrogen bond）相互連接,⽔之特性為具有電偶極，為非極性分⼦,D,,第二次
110,2021/10/2,保健食品初級工程師,食品科學概論,17,"低酸性罐頭食品（pH>4.6）之殺菌值F 須達到多少以上？ 
0",2,3,4,5,B,,第一次
110,2021/11/6,保健食品初級工程師,食品科學概論,18,有關蔗糖的敘述，下列何者正確？,蔗糖甜度較麥芽糖低,轉化糖甜度高於蔗糖,蔗糖可以與斐林試劑反應,"蔗糖是由⼀分⼦葡萄糖與⼀分⼦果糖以α-1, 4 鍵結合而成",B,,第二次
110,2021/10/2,保健食品初級工程師,食品科學概論,18,"食品安全監測計畫中，棉籽油產品主要檢驗項目除重金屬、真菌毒素、總極性化合物、苯
并芘以外，還需檢驗：",維生素E,棉籽酚,二氧化硫,亞麻油酸,B,,第一次
110,2021/11/6,保健食品初級工程師,食品科學概論,19,有關澱粉糊化（gelatinization）與回凝（retrogradation）的敘述，下列何者有誤？,糊化澱粉回凝後，其結構晶體化程度比生澱粉低,直鏈澱粉含量較多者，較易回凝,生澱粉糊化後，其雙折射性（birefringence）會消失,糊化澱粉回凝速率不受其⽔分含量的影響,D,,第二次
110,2021/10/2,保健食品初級工程師,食品科學概論,19,"食品業者所聘任專門職業人員於從業期間，應持續接受訓練機關（構）辦理食品安全管制
系統有關的課程，每年至少幾小時以上？",6,8,10,16,B,,第一次
110,2021/11/6,保健食品初級工程師,食品科學概論,20,"QuEChERS 前處理方法為國際間普遍使用的農藥前處理技術，請問 QuEChERS ⼀詞中最
後⼀個字⺟“S”為哪⼀個英文單字的縮寫？",Standard,Satisfaction,Speed,Safe,D,,第二次
110,2021/10/2,保健食品初級工程師,食品科學概論,20,痛痛病乃是食用下列何種金屬污染之農作物所致？,鉛,銅,鎘,汞,C,,第一次
110,2021/11/6,保健食品初級工程師,食品科學概論,21,有關利用TBA價（thiobarbituric acid value）作為油脂氧化的檢測，下列何者錯誤？,TBA 價可作為油脂氧化末期指標,油脂氧化物與TBA作用產生粉紅色物質,TBA 價越高，油脂品質越差,油脂氧化所產生的丙二酸可作為氧化指標,D,,第二次
110,2021/10/2,保健食品初級工程師,食品科學概論,21,"依「食品及其相關產品追溯追蹤系統管理辦法」第 8 條規定，業者應以「書面或電子文
件」方式，完整保存食品追溯追蹤憑證、文件等記錄至少幾年？",1年,2年,3年,5年 ,D,,第一次
110,2021/11/6,保健食品初級工程師,食品科學概論,22,下列何者不是人體必需胺基酸：,甲硫胺酸（methionine）,絲胺酸（serine）,白胺酸（leucine）,離胺酸（lysine） ,B,,第二次
110,2021/10/2,保健食品初級工程師,食品科學概論,22,有關酵素與溫度交互作用的說明，下列何者最正確？,Arrhenius 方程式,Michaelis & Menten 動力學,鎖頭與鑰匙（lock & key）學說,induced fit 學說,A,,第一次
110,2021/11/6,保健食品初級工程師,食品科學概論,23,下列關於中濕性食品（intermediate moisture food；IMF）之敘述，何者為非？,"傳統乾燥方法所製成的食品可能會產生收縮、多孔性、質地較硬等不良品質變化，
因此針對食品中的 Aw 控制在⼀般微生物無法生⻑的條件之下，達到保存食品之目
的，進而發展出中濕性食品",常見中濕性食品如果醬、乳酪、義大利香腸等,"儘管中濕性食品含⽔量介於自然狀態與乾燥食品之間，但其仍無法於室溫下保存，
需將中濕性食品放置於冷藏或冷凍",中濕性食品可以添加如己二烯酸鹽、苯甲酸鹽等抗真菌物質,C,,第二次
110,2021/10/2,保健食品初級工程師,食品科學概論,23,"有一批油其皂化價為 200 mg KOH/g-oil，不皂化物為 5%，酸價為30 mg KOH/g-oil，如將
這批油精製，請問其油脂的收率應為多少%？",50.67,65.52,75.38,80.75,D,,第一次
110,2021/11/6,保健食品初級工程師,食品科學概論,24,"取⼀油脂樣品其重量為5克並加入酒精及⼄醚混合溶劑溶解後，以 0.1 N氫氧化鉀酒精溶
液（力價＝0.9）滴定，試樣滴定消耗4.2毫升，空白試驗消耗0.2毫升，求此油脂樣品的
酸價（AV）為多少 mg KOH/g？（氫氧化鉀分⼦量＝56）",1.01,2.02,4.03,8.06,C,,第二次
110,2021/10/2,保健食品初級工程師,食品科學概論,24,"某新鮮食品樣品取1000 g，將樣品製備成風乾物重 150 g，秤取1.000 g風乾物，依水分測
定於105 ℃烘箱中至恆量為 20.420 g（連秤量瓶），秤量瓶恆量為 19.540 g，請計算此食品
風乾物之溼重水分含量（%）？",15,13.6,12,10,C,,第一次
110,2021/11/6,保健食品初級工程師,食品科學概論,25,"20 mL之柳橙汁需用0.1N之NaOH 25 mL滴定⾄終點，則此柳橙汁的含酸量為多少mg/mL？
（各種酸之分⼦量：酒石酸150、檸檬酸192、醋酸60、蘋果酸134）",7,8,9,9.375,B,,第二次
110,2021/10/2,保健食品初級工程師,食品科學概論,25,"有關樣品前處理時所採用研磨操作之敘述，請選出正確的選項？ a.操作過程不應使樣品
受熱破壞 b.粉碎過程應避免水分明顯損失 c.樣品顆粒大小可用篩網目數表示，目數愈
大者表示其顆粒愈大 d.可應用雷射繞射的原理進行顆粒大小的分析",acd,ab,abd,bd,C,,第一次
110,2021/11/6,保健食品初級工程師,食品科學概論,26,⼀般餐館餐飲業者所聘用調理烘焙從業人員中，持有證照比率為：,0.3,0.5,0.7,0.75,B,,第二次
110,2021/10/2,保健食品初級工程師,食品科學概論,26,"下列有關維生素的安定性之敘述，何者為正確之選項？ a.維生素B 僅於鹼性溶液中對熱
6
安定 b.有鐵鹽存在時，維生素 E 會被空氣快速氧化 c.維生素 B 對強酸、鹼及光線均
12
安定 d.菸鹼酸對酸、鹼、溫度、氧化劑、熱及光線均安定",ac,bd,cd,abd ,B,,第一次
110,2021/11/6,保健食品初級工程師,食品科學概論,27,食品安全監測計畫中，糖的輸入業者應就其半成品或成品，檢驗：,真菌毒素,農藥殘留,丙烯醯胺,二氧化硫 ,D,,第二次
110,2021/10/2,保健食品初級工程師,食品科學概論,27,有關蛋白質分析技術與原理，以下敘述何者不正確？,利用凱氏方法定量蛋白質時，係數 6.25 可適用於不同來源的蛋白質,添加三聚氰胺於生乳或飼料中，是用來誤導凱氏蛋白質定量方法的數值,愛德曼降解法（Edman degradation）是用來做蛋白質中胺基酸定序的主要方法之一,並非所有胺基酸定量，都適合利用強酸分解蛋白質後再定量個別胺基酸,A,,第一次
110,2021/11/6,保健食品初級工程師,食品科學概論,28,餐飲業洗滌場所應有充足流動自來⽔，其功能不包括下列何者？,洗滌,沖洗,漂白,有效殺菌,C,,第二次
110,2021/10/2,保健食品初級工程師,食品科學概論,28,有關蔗糖的敘述，下列何者正確？,蔗糖甜度較麥芽糖低,轉化糖甜度高於蔗糖,蔗糖可以與斐林試劑反應,"蔗糖是由一分子葡萄糖與一分子果糖以 α-1, 4鍵結合而成",B,,第一次
110,2021/11/6,保健食品初級工程師,食品科學概論,29,乳品加工食品業者如需聘任專⾨職業人員時，下列何者不符合資格？,食品技師,營養師,畜牧技師,獸醫師,B,,第二次
110,2021/10/2,保健食品初級工程師,食品科學概論,29,有關梅納反應的敘述，下列何者錯誤？,氧氣的存在會促進梅納反應,食品中若含銅、鐵離子會促進梅納反應,有些食品在製造時需要適度的梅納反應,胺基化合物所含第一胺基比第二胺基的梅納反應活性弱,D,,第一次
110,2021/11/6,保健食品初級工程師,食品科學概論,30,不當燃燒廢電纜、塑膠或廢五金製品後，其廢氣中含有俗稱「世紀之毒」的成分為何？,多氯聯苯,阿摩尼亞,戴奧辛,塑化劑,C,,第二次
110,2021/10/2,保健食品初級工程師,食品科學概論,30,利用HPLC之光二極體陣列檢出器來分析維生素C含量時，選用波長以下列何者最合適？,265 nm,450 nm,560 nm,750 nm,A,,第一次
110,2021/11/6,保健食品初級工程師,食品科學概論,31,下列何者是HACCP 之⼀項特點：,廠房動線的嚴密規劃,強調終產品的全面檢驗,生產場所之衛生條件管制,製程的危害分析與預防,D,,第二次
110,2021/10/2,保健食品初級工程師,食品科學概論,31,某澱粉樣品經還原糖定量法測定出含葡萄糖 80％，請問其澱粉含量多少％？,40,64,72,76,C,,第一次
110,2021/11/6,保健食品初級工程師,食品科學概論,32,有關食品內容物標示，如為二種以上混合物時，依其含量多寡的標示順序為何？,由低⾄高,由高⾄低,依食品種類而定,依廠商習慣而定。,B,,第二次
110,2021/10/2,保健食品初級工程師,食品科學概論,32,有關濾紙層析法（PPC）與薄層層析法（TLC）的比較之敘述，下列何者錯誤？,PPC 實驗所需時間較長，TLC 實驗所需時間較短,PPC 分離效果較差，TLC 分離效果較佳,PPC 靈敏度較低，TLC 靈敏度較高,PPC 再現性不高，TLC 再現性高 ,D,,第一次
110,2021/11/6,保健食品初級工程師,食品科學概論,33,得免營養標示之包裝食品規定，何者不正確：,飲用⽔、礦泉⽔,鹽及鹽代替品,糖及糖代替品,調味香辛料,C,,第二次
110,2021/10/2,保健食品初級工程師,食品科學概論,33,有關利用羊毛線染色法檢測食品色素之敘述，下列何者錯誤？,可檢測煤焦色素,羊毛絲在酸鹼條件呈現不同電荷,酸性色素在酸性條件可被羊毛絲吸附,酸性條件下羊毛絲帶負電,D,,第一次
110,2021/11/6,保健食品初級工程師,食品科學概論,34,有關清潔及消毒等化學物質及用具之管理規定，下列何者錯誤？,"病媒防治使用之環境用藥，應符合相關規定，並明確標示、存放於固定場所，且應
指定專人負責保管及記錄用量",食品作業場所除維護衛生所必須藥劑外，同時存放解毒及急救藥劑,有毒化學物質，應標明其毒性、使用及緊急處理,清潔、清洗及消毒機具，應有專用場所妥善保存。,B,,第二次
110,2021/10/2,保健食品初級工程師,食品科學概論,34,當pH值的變色範圍在 4.4至6.2之間，下列何者為最佳指示劑？,瑞香草酚藍（thymol blue）,甲基紅（methyl red）,酚紅（phenol red）,酚酞（phenolphthalein）,B,,第一次
110,2021/11/6,保健食品初級工程師,食品科學概論,35,餐飲業進行殺菌時，下列方法何者錯誤？,煮沸殺菌：毛巾或抹布等，以100℃沸⽔煮沸5分鐘以上,蒸汽殺菌：餐具等，以100℃蒸汽，加熱2分鐘以上,熱⽔殺菌：餐具等，以80℃以上熱⽔，加熱2分鐘以上,氯液殺菌：餐具等，以氯液總有效氯300 ppm以下，浸入溶液中 2分鐘以上,D,,第二次
110,2021/10/2,保健食品初級工程師,食品科學概論,35,下列何者不是高效液相層析儀（HPLC）常用之檢測器？,火焰離子化（FID）,紫外-可見光（UV-VIS）,光電二極體陣列（PDA）,示差折射（RI）,A,,第一次
110,2021/11/6,保健食品初級工程師,食品科學概論,36,食品販賣業者應符合之規定，下列何者錯誤？,食品之熱藏，溫度應保持在65℃以上,應有食品管理衛生人員，於現場負責食品衛生管理工作,販賣貯存作業需管控溫度、濕度者，應建立相關管制方法及基準，並據以執行,販賣場所之光線應達到200米燭光以上，使用之光線，不得改變食品之顏色,A,,第二次
110,2021/10/2,保健食品初級工程師,食品科學概論,36,下列何者是油脂氧化初期的指標？,過氧化價,碘價,酸價,皂化價,A,,第一次
110,2021/11/6,保健食品初級工程師,食品科學概論,37,有關食品業者倉儲管制，下列規定何者錯誤？,作業性質或清潔程度要求不同的場所，應分別設置或予以適當區隔,倉儲作業應符合先進先出的原則，並確實記錄,倉儲過程中，可隨時依產品性質，適度修正原物料供應商原來設定的貯存條件,倉儲過程，應定期檢查，並確實記錄；有異狀時，應立即處理確保品質及衛生,C,,第二次
110,2021/10/2,保健食品初級工程師,食品科學概論,37,有關蛋白質變性（denaturation）之敘述，下列何者有誤？,蛋白質變性後容易受到蛋白質分解酵素的作用,蛋白質變性後會失去生物活性,蛋白質變性後一級結構發生變化,蛋白質變性後溶解度降低,C,,第一次
110,2021/11/6,保健食品初級工程師,食品科學概論,38,下列那個胺基酸的吸光性質最強？,Histidine,Glycine,Tryptophan,Alanine,C,,第二次
110,2021/10/2,保健食品初級工程師,食品科學概論,38,下列何者為魚油中富含的 EPA脂肪酸的碳數及不飽和鍵的表示方式？,C20：5,C20：6,C22：5,C22：6 ,A,,第一次
110,2021/11/6,保健食品初級工程師,食品科學概論,39,下列何者用以表示油脂的不飽和程度？,過氧化價（peroxide value）,酸價（acid value）,皂化價（saponification value）,碘價（iodine value） ,D,,第二次
110,2021/10/2,保健食品初級工程師,食品科學概論,39,HACCP 與申請驗證之作業流程中，廠商在驗證作業時不需要提供下列何種資料？,HACCP 計畫書,營業稅繳交證明,引用法令/法規之清單,工廠生產流程圖,B,,第一次
110,2021/11/6,保健食品初級工程師,食品科學概論,40,若以分光光度計評估樣品中葉綠素含量，請問X與Y 軸分別是哪兩個變因？,濃度、吸光值,溫度、濃度,時間、吸光值,濕度、濃度,A,,第二次
110,2021/10/2,保健食品初級工程師,食品科學概論,40,通常含有胺基之化合物、還原糖及水在高溫下反應產生黃褐色物質稱為什麼反應？,焦糖化反應,冬化反應,梅納反應,酵素性褐變反應,C,,第一次
110,2021/11/6,保健食品初級工程師,食品科學概論,41,利用紫外線分光度計法檢測芳香族胺基酸，波⻑設定在多少nm？,220,250,280,336,C,,第二次
110,2021/10/2,保健食品初級工程師,食品科學概論,41,有關α-澱粉酶的敘述下列何者是錯誤的？,"可隨機切斷α-1,4-葡萄糖苷鍵結",是一種外切酵素,能迅速降低澱粉液的黏度,又稱為液化酵素,B,,第一次
110,2021/11/6,保健食品初級工程師,食品科學概論,42,下列何者不是磷酸鈉（Sodium Phosphate）具備之功能？,抗氧化,穩定pH值,產生CO,促進鈣吸收,D,,第二次
110,2021/10/2,保健食品初級工程師,食品科學概論,42,下列測量水分的方法中，何者不需要用到加熱？,蒸餾法,擴散法,碘量法,減壓乾燥法,C,,第一次
110,2021/11/6,保健食品初級工程師,食品科學概論,43,通常含有胺基之化合物、還原糖及⽔在高溫下反應產生黃褐色物質稱為什麼反應？,焦糖化反應,冬化反應,梅納反應,酵素性褐變反應,C,,第二次
110,2021/10/2,保健食品初級工程師,食品科學概論,43,下列有關梅納反應（Maillard reaction）的敘述，何者有誤？,通常是還原糖與胺基酸之間的反應,最終產物通常是褐色物質,與烘焙食品之顏色有關,是一種酵素性褐變,D,,第一次
110,2021/11/6,保健食品初級工程師,食品科學概論,44,"下列何者可作為製造豆腐的凝固劑？1 葡萄糖酸-δ-內酯、2 硫酸鈣、3 鹽滷、4 氯化鉀、
5氯化鈉、6氯化鎂",1256,1236,1235,3456,B,,第二次
110,2021/10/2,保健食品初級工程師,食品科學概論,44,下列哪種層析法最適合用於測定蔥、蒜中的含硫化合物之含量？,氣相層析法,親和力高效液相層析法,濾紙層析法,離子層析法,A,,第一次
110,2021/11/6,保健食品初級工程師,食品科學概論,45,何者是由發酵植物原料而來之乳酸菌屬？,Streptococcus sp.,Pediococcus sp.,Lactobacillus sp.,Bifidobacterium sp. ,B,,第二次
110,2021/10/2,保健食品初級工程師,食品科學概論,45,有關醃漬蔬果食品的變敗與造成原因之關聯性配對，下列何者錯誤？,表面滑溜－產膜酵母的菌體黏在表面,醃漬物黑變－青黴菌汙染導致,醃漬胡瓜脹氣上浮－胡瓜本身呼吸作用產生,軟化－果膠分解酵素導致,B,,第一次
110,2021/11/6,保健食品初級工程師,食品科學概論,46,無法有效減少「炸蝦餅」在貯存過程中所產生油耗味的包裝方法為下列何者？,充氮氣包裝,以市售透明夾鏈袋包裝,以真空袋抽真空包裝,包裝袋放入脫氧劑,B,,第二次
110,2021/10/2,保健食品初級工程師,食品科學概論,46,"有關在某些食品表面或內容物，會有白色粉末或結晶物析出的成分敘述，下列哪二者正
確？ a.魷魚乾－牛磺酸 b.蜜柑罐頭汁液－酪胺酸 c.乾海帶－甘露糖醇 d.水產類水煮
罐頭－硫酸鎂",ab,ac,bd,cd,B,,第一次
110,2021/11/6,保健食品初級工程師,食品科學概論,47,"某種⽔果之品質劣變反應的Q10（溫度係數）為1.6，則該⽔果於30℃的品質劣變速率是
10℃的多少倍？",0.8,1.6,2.56,3.2,C,,第二次
110,2021/10/2,保健食品初級工程師,食品科學概論,47,中式酥皮的組成中，何者製作過程中須添加水並揉至出筋？,油皮,油酥,油麵,以上皆非,A,,第一次
110,2021/11/6,保健食品初級工程師,食品科學概論,48,下列何者為市售鮮乳使用超高溫瞬間殺菌（UHT）的加熱條件？,63～65℃，30分,71～73℃，15～30秒,100～105℃，2～5秒,130～150℃，2～5秒,D,,第二次
110,2021/10/2,保健食品初級工程師,食品科學概論,48,"魚類死後隨著鮮度下降之同時，下列何種成分會伴隨增加？ a.氧化三甲胺（TMAO） 
b.三甲胺（TMA） c.揮發性鹽基態氮（VBN） d.尿素（Urea）",ab,ac,bc,cd,C,,第一次
110,2021/11/6,保健食品初級工程師,食品科學概論,49,下列何種肉品加工的機械，對肉製品同時具有嫩化作用與增加結著性之效果？,細切機,按摩機,絞碎機,充填機,B,,第二次
110,2021/10/2,保健食品初級工程師,食品科學概論,49,海鮮食品造成細菌性食物中毒，係因感染何種細菌所導致呢？,Aspergills flavus,Bacillus cereus,Clostridium botulinum,Vibrio parahaemolyticus,D,,第一次
110,2021/11/6,保健食品初級工程師,食品科學概論,50,下列何種傳統⽔產品從原料魚開始，於整個加工過程均皆不須經擂潰處理？,魚糕（板）,竹輪,魚果,鱈魚香絲,C,,第二次
110,2021/10/2,保健食品初級工程師,食品科學概論,50,微波加熱時，熱的傳遞是？,對流,輻射,傳導,以上皆是 ,D,,第一次
110,2021/11/6,保健食品初級工程師,食品科學概論,51,市售蛋粉在加工過程中，為避免褐變產生，乾燥前常會進行下列何種處理？,加鹽處理,冷凍處理,高溫處理,脫糖處理 ,D,,第二次
110,2021/10/2,保健食品初級工程師,食品科學概論,51,鯖魚製作成番茄漬罐頭，營養價值有何改變？,蛋白質消失,維生素C 增加,脂肪增加,鈣質增多,D,,第一次
110,2021/11/6,保健食品初級工程師,食品科學概論,52,葡萄酒的製程中，添加亞硫酸鹽的主要目的為下列何者？,抑制苦味的產生,增加混濁度,減少酸度,抑制雜菌的生⻑,D,,第二次
110,2021/10/2,保健食品初級工程師,食品科學概論,52,下列何種酵素活性是以低溫長時間殺菌市售鮮乳之檢測指標？,磷酸酶,氧化酶,凝乳酶,乳糖酶,A,,第一次
110,2021/11/6,保健食品初級工程師,食品科學概論,53,將香蕉放在冰箱冷藏⼀段時間後，表⽪會變⿊，此種現象稱為下列何者？,凍燒,變性,冷傷,回凝,C,,第二次
110,2021/10/2,保健食品初級工程師,食品科學概論,53,以馬鈴薯為原料製造薯條時，應於加工前保存於 10-15℃冷藏，主要目的為何？,增加茄靈產生,抑制糖分增加,降低單寧含量,減少氧化作用,B,,第一次
110,2021/11/6,保健食品初級工程師,食品科學概論,54,有關冷凍食品技術發展與應用，以下敘述何者不正確？,"食物的比熱（specific heat）會受到凍結狀態而改變，凍結點溫度以上的比熱小於凍
結後的食品比熱",任何食品凍結時，都會有過冷點（super-cooling）現象發生,"浮動床式（fluidized-bed）冷凍設備適用於平板塊狀的食品，因為其能提供最有效的
熱傳導效果",相較於食品未凍結的狀態，冷凍食品解凍後更容易腐敗,C,,第二次
110,2021/10/2,保健食品初級工程師,食品科學概論,54,使用相同濃度之糖類製作的蜜餞，下列何者製成的產品保存性最佳？,果糖,蔗糖,麥芽糖,乳糖,A,,第一次
110,2021/11/6,保健食品初級工程師,食品科學概論,55,"魚類死後隨著鮮度下降之同時，下列何種成分會伴隨增加？ a.氧化三甲胺（TMAO） 
b.三甲胺（TMA） c.揮發性鹽基態氮（VBN） d.尿素（Urea）",ab,ac,bc,cd,C,,第二次
110,2021/10/2,保健食品初級工程師,食品科學概論,55,"飲用冰箱中放置隔夜後之珍珠（粉圓）奶茶，會導致珍珠口感變硬的最可能澱粉變化為下
列何者？",α化,β 化,水解,液化,B,,第一次
110,2021/11/6,保健食品初級工程師,食品科學概論,56,"有關蛋的品質會隨貯藏時間增加變化之敘述，下列何者錯誤？（1）重量增加 （2）氣室
變大 （3）pH值下降 （4）比重下降",(1)(2),(1)(3),(1)(4),(3)(4) ,B,,第二次
110,2021/10/2,保健食品初級工程師,食品科學概論,56,下列何者是市售紅茶的製造流程？,茶葉採摘→殺菁→揉捻→曬乾→渥堆（濕倉）→晾乾→分級包裝,茶葉採摘→萎凋→揉捻→解塊→發酵→乾燥→精製分級→焙火,茶葉採摘→蒸菁→揉捻→乾燥→成品,茶葉採摘→殺菁→日光萎凋→炒菁→揉捻→初焙→再乾燥 ,B,,第一次
110,2021/11/6,保健食品初級工程師,食品科學概論,57,"有關米澱粉特性的敘述，下列哪二項正確？ a.支鏈澱粉含量：糯米＞蓬萊米＞在來米 b.碾
出粳稻後的白米稱為蓬萊米，是台灣煮白飯的米類 c.糊化後之黏性：在來米＞蓬萊米＞
糯米 d.糯米之澱粉粒經碘試驗的結果呈藍色",ab,ac,bd,cd,A,,第二次
110,2021/10/2,保健食品初級工程師,食品科學概論,57,關於蛋的加工特性與產品之關聯性配對，下列何者錯誤？,乳化性－鹹蛋,起泡性－蛋糕,熱凝固性－布丁,酸鹼之蛋白質變性－皮蛋,A,,第一次
110,2021/11/6,保健食品初級工程師,食品科學概論,58,對於傳統果蔬罐頭的製造步驟，下列製作順序何者正確？,脫氣密封充填殺菌,脫氣充填密封殺菌,充填密封脫氣殺菌,充填脫氣密封殺菌,D,,第二次
110,2021/10/2,保健食品初級工程師,食品科學概論,58,馬鈴薯有發芽現象時，會含何種毒素？,黃樟素,茄靈,蘇鐵素,草酸鹽,B,,第一次
110,2021/11/6,保健食品初級工程師,食品科學概論,59,"製作香腸時，10公斤原料肉中要含有100ppm的亞硝酸鈉，請問需添加的桃紅素（含20%
亞硝酸鈉與80%食鹽）的重量最接近下列何者？",0.5公克,1公克,5公克,10公克,C,,第二次
110,2021/10/2,保健食品初級工程師,食品科學概論,59,市售蛋粉在加工過程中，為避免褐變產生，乾燥前常會進行下列何種處理？,加鹽處理,冷凍處理,高溫處理,脫糖處理,D,,第一次
110,2021/11/6,保健食品初級工程師,食品科學概論,60,下列何者為綠茶的主要澀味成分？,咖啡因,單寧,葉綠素,皂素,B,,第二次
110,2021/10/2,保健食品初級工程師,食品科學概論,60,有關罐頭殺菌的敘述，下列何者錯誤？,D值所代表的意義為減少 90%菌數所需要增加之溫度,罐頭殺菌是一種商業滅菌之操作,"F 值通常以250℉為參考溫度 
0",低酸性罐頭食品進行殺菌時通常需要加壓,A,,第一次
110,2021/11/6,保健食品初級工程師,食品科學概論,61,生食⽔產品時，易引起細菌型食品中毒之細菌為？,肉毒桿菌,彎曲桿菌,仙人掌桿菌,腸炎弧菌 ,D,,第二次
110,2021/10/2,保健食品初級工程師,食品科學概論,61,"某種水果之品質劣變反應的 Q10（溫度係數）為 1.6，則該水果於30℃的品質劣變速率是
10℃的多少倍？",0.8,1.6,2.56,3.2,C,,第一次
110,2021/11/6,保健食品初級工程師,食品科學概論,62,遭受到化學物質汙染會導致食品品質劣變，下列何者不屬於化學物質汙染之因素？,農藥,戴奧辛,紫外線,塑化劑,C,,第二次
110,2021/10/2,保健食品初級工程師,食品科學概論,62,下列那種產品是利用微生物發酵技術製得？,果凍,皮蛋,米醋,蔗糖 ,C,,第一次
110,2021/11/6,保健食品初級工程師,食品科學概論,63,澱粉粒與足夠的⽔加熱⾄75℃以上時，會吸⽔而膨潤，此為何種現象？,糊化,老化,氧化,脂化,A,,第二次
110,2021/10/2,保健食品初級工程師,食品科學概論,63,下列食品與主要發酵菌種的組合中，何者是錯誤？,泡菜-醋酸菌,韓式泡菜-乳酸菌,啤酒-酵母,納豆-納豆菌,A,,第一次
110,2021/11/6,保健食品初級工程師,食品科學概論,64,下列何種魚肉的成分與罐壁產生化學作用，造成⽔產罐頭容易產生⿊變？,鋅化物,氧化三甲胺,組胺酸,硫化物,D,,第二次
110,2021/10/2,保健食品初級工程師,食品科學概論,64,"食品中的油脂受到物理、化學或微生物作用，發生氧化水解而產生的異味、異臭現象，
稱之為？",腐敗,褐變,酸敗,老化,C,,第一次
110,2021/11/6,保健食品初級工程師,食品科學概論,65,在食品工業中，若要去除牛乳殺菌的殘留H2O2，應採用下列何種微生物酶？,蛋白酶,凝乳酶,過氧化氫酶,轉化酶,C,,第二次
110,2021/10/2,保健食品初級工程師,食品科學概論,65,下列何者發生化學變化時，會導致冷凍鮪魚凍燒的現象？,脂質,蛋白質,維生素,碳水化合物,A,,第一次
110,2021/11/6,保健食品初級工程師,食品科學概論,66,在牛奶殺菌法中，UHT的條件最接近下列何者？,63℃，30分鐘,121℃，10分鐘,135℃，2秒,72℃，15秒,C,,第二次
110,2021/10/2,保健食品初級工程師,食品科學概論,66,有關食品在冷藏與冷凍過程中所造成品質變化之形成原因，下列何者正確？,由於澱粉老化造成滴液流失,食品中蛋白質變性造成凍燒現象,肉類自家消化作用造成肉質老化,脂質氧化造成油燒現象,D,,第一次
110,2021/11/6,保健食品初級工程師,食品科學概論,67,下列有關食品業者應設立食品安全管制系統（HACCP）工作小組之敘述，何者不正確？,管制小組成員⾄少三人,管制小組成員，其中負責人或其授權人為必要之成員,管制小組成員應接受HACCP訓練機關（構）辦理之相關課程並領有合格證書者,管制小組成員中⾄少二人應具備食品技師證書 ,D,,第二次
110,2021/10/2,保健食品初級工程師,食品科學概論,67,製作啤酒時使用大麥芽的目的為何？,提供澱粉水解酶,增加苦澀味,增進色澤,降低糖度,A,,第一次
110,2021/11/6,保健食品初級工程師,食品科學概論,68,下列有關灰化的敘述何者是錯誤的？,主要用於礦物質分析,微波灰化不用添加任何試劑,濕式灰化需要氧化劑,乾式灰化會有揮發性物質的損失,B,,第二次
110,2021/10/2,保健食品初級工程師,食品科學概論,68,下列何者不屬於常見之環境荷爾蒙？,多氯聯苯,聚乙烯,壬基苯酚,烷基酚 ,B,,第一次
110,2021/11/6,保健食品初級工程師,食品科學概論,69,包冰作用可以？,在食品降溫時實施可加速食品冷凍,在食品凍結後實施可防止食品氧化,作為急速冷凍前處理可分離食品顆粒,以上皆非,B,,第二次
110,2021/10/2,保健食品初級工程師,食品科學概論,69,金針菇乾製品添加亞硫酸鹽用量，以二氧化硫殘留量計，應在多少 ppm 以下？,2000,3000,4000,5000,C,,第一次
110,2021/11/6,保健食品初級工程師,食品科學概論,70,在冷凍加工法，下列何種介質為二次冷媒？,氨氣,氯化⼄烯,丙二醇,Freon-12,C,,第二次
110,2021/10/2,保健食品初級工程師,食品科學概論,70,由原料乳製造奶粉時，要進行 a.濃縮 b.乾燥 c.標準化 d.殺菌，其加工步驟為？,abcd,dcba,dacb,cdab,D,,第一次
110,2021/11/6,保健食品初級工程師,食品科學概論,71,我國「基因改造食品查驗登記」的主管機關是？,行政院農業委員會,行政院衛生福利部,行政院科技部,由以上三個部會會同審議,B,,第二次
110,2021/10/2,保健食品初級工程師,食品科學概論,71,我國目前管理基因改造食品之法律依據為：,健康食品管理法,食品安全衛生管理法,基因改造食品管理法,基因改造作物輸出入許可辦法,B,,第一次
110,2021/11/6,保健食品初級工程師,食品科學概論,72,有關河豚毒素之敘述，下列何者錯誤？,河豚毒素具耐熱性,100℃加熱30分鐘無法破壞所有河豚毒素,不易被強酸或鹼破壞,在河豚之內臟組織多少均含有毒物質，⼀般而⾔卵巢、肝臟係屬劇毒,C,,第二次
110,2021/10/2,保健食品初級工程師,食品科學概論,72,我國食品良好衛生規範準則中，對於外包裝材料之用詞定義下列何者錯誤？,食品之標籤,食品之紙箱,食品之直接接觸覆蓋物,食品之捆包材料,C,,第一次
110,2021/11/6,保健食品初級工程師,食品科學概論,73,下列何種醣類不與菲林試劑產生反應？,葡萄糖,乳糖,麥芽糖,蔗糖 ,D,,第二次
110,2021/10/2,保健食品初級工程師,食品科學概論,73,"在我國「生鮮蛋品洗選作業指引」中，下列敘述何者正確？ a.洗蛋主要目的是要降低沙
門氏菌污染 b.洗蛋可採用濕式浸泡、沖洗或乾式刷洗等方式進行 c.洗蛋用水，水溫宜
維持在40℃以上，並至少應高於蛋品溫度 5℃以上 d.洗蛋後可使用，可供食品使用之原
料或食品添加物之油蠟，進行包覆處理",ac,ab,ad,acd ,C,,第一次
110,2021/11/6,保健食品初級工程師,食品科學概論,74,下列何者是⽔梨削⽪後，在室溫放置容易變色的原因？,油脂氧化,梅納反應,酵素性褐變,非酵素性褐變,C,,第二次
110,2021/10/2,保健食品初級工程師,食品科學概論,74,"將澱粉經過加水及加熱後，置於 4℃冷藏溫度下時會導致組織變硬的情形，下列何者最適
合說明此現象？",變性,熟成,老化,凝膠化,C,,第一次
110,2021/11/6,保健食品初級工程師,食品科學概論,75,下列對萃取之的敘述，何者有誤？,食品工廠的萃取以固-液萃取居多，液-液萃取較少,固-液萃取之後，通常分成萃取液和殘渣二個部份,萃取過程中包括萃取物的溶解與擴散作用，所以溫度不會影響萃取率,萃取花生油可以正己烷為溶劑，萃取咖啡可以⽔為溶劑,C,,第二次
110,2021/10/2,保健食品初級工程師,食品科學概論,75,有關食品業者之檢驗及量測管制，下列規定何者錯誤？,"設有檢驗場所者，應具有足夠空間及檢驗設備，供進行品質管制及衛生管理相關檢
驗工作",衛生管理相關檢驗工作，得委託具公信力的研究或檢驗機構辦理,測定、控制或紀錄之測量器或記錄儀，要定期校正其準確性,微生物檢驗可一併設於一般檢驗場所內，無須隔離,D,,第一次
110,2021/11/6,保健食品初級工程師,食品科學概論,76,"⼀般物料在乾燥過程中，臨界⽔分含量（critical moisture content）會發生在乾燥速率曲線
上的那⼀期？",恆率乾燥期進入第⼀減率乾燥期,第⼀減率乾燥期進入第二減率乾燥期,第二減率乾燥期進入乾燥終點,預熱期進入恆率乾燥期,A,,第二次
110,2021/10/2,保健食品初級工程師,食品科學概論,76,"由原料乳製造鮮奶時，要進行 1標準化、2均質、3牛乳檢查、4殺菌、5充填包裝，其加
工步驟為：",31245,14325,13425,34125,A,,第一次
110,2021/11/6,保健食品初級工程師,食品科學概論,77,市售魚丸的製程中，下列哪個製程可去除酵素、胺、尿素等具腥臭味之物質？,⽔漂,擂潰,除筋,加熱成形,A,,第二次
110,2021/10/2,保健食品初級工程師,食品科學概論,77,下列何種加工處理不會造成蛋白質的變性？,加熱,加壓,輻射照射,加水,D,,第一次
110,2021/11/6,保健食品初級工程師,食品科學概論,78,有關豬隻屠宰後形成⽔化肉（watery pork）的敘述，下列何者錯誤？,又稱為⽔樣肉,肉的表面蒼白、質地軟化,會有大量解凍滴液產生,因屠宰前掙扎使肝醣耗盡，無法生成乳酸，以致於pH無法下降所致 ,D,,第二次
110,2021/10/2,保健食品初級工程師,食品科學概論,78,有容器或包裝之食品，不需標示出製造廠商之下列何種資訊？,地址,電話號碼,郵政信箱,名稱 ,C,,第一次
110,2021/11/6,保健食品初級工程師,食品科學概論,79,下列何者不是常使用於氣相層析儀的偵測器？,熱傳導偵測器（thermal conductivity detector）,折射率偵測器（refractive index detector）,焰式游離偵測器（flame ionization detector）,電⼦捕獲偵測器（electron capture detector）,B,,第二次
110,2021/10/2,保健食品初級工程師,食品科學概論,79,水煮後的粉圓，置於冷藏庫中會發生組織變硬的現象，主要是因為澱粉發生何種反應？,氧化,回凝,糊化,水解,B,,第一次
110,2021/11/6,保健食品初級工程師,食品科學概論,80,食品工廠使用的油炸油最好選用那⼀種油？,大豆沙拉油,氫化油,橄欖油,"豬油 
 
 
 
以 下 空 白",B,,第二次
110,2021/10/2,保健食品初級工程師,食品科學概論,80,"TQF 管理技術規範，品質管制委員會負責食品安全管理制度之人員，至少每三年應接受
HACCP 有關之專業訓練，累計受訓時數達多少小時以上？",8,12,16,"24 
 
 
 
以 下 空 白",B,,第一次
113,2024/4/20,保健食品初級工程師,保健食品概論,1,"下列哪些是具有抗疲勞功效的支鏈胺基酸？1. Leucine, 2. Isoleucine, 3. Arginine, 4. Valine, 
5. Glycine",1、2、3、4,1、3、5,2、3、4、5,1、2、4,D,,第二次
113,2024/10/19,保健食品初級工程師,保健食品概論,1,下列何者不屬於健康食品之保健功效成分鑑定報告及檢驗方法之規範事項？,成分應具有明確之保健功效成分,鑑定報告應包括保健功效成分之定性及定量試驗結果,僅依特定文獻敘述的檢驗方法檢驗,"在現有技術下無法確定有效功效成分者，應列舉具該保健功效之各項原料或佐證
文獻",C,,第一次
113,2024/4/20,保健食品初級工程師,保健食品概論,2,何者不是可宣稱「低」、「少」、「薄」、「微」或「略含」之營養素？,熱量,飽和脂肪,反式脂肪,膽固醇,C,,第二次
113,2024/10/19,保健食品初級工程師,保健食品概論,2,乳酸菌通過健康食品最多的三項目是？,胃腸道保健，護肝，抗過敏,胃腸道保健，抗過敏，調節免疫,免疫調節，胃腸道保健，降血脂,抗感染，抗過敏，免疫調節,B,,第一次
113,2024/4/20,保健食品初級工程師,保健食品概論,3,下列有關健康食品之營養成分標示內容，下列何者敘述錯誤？,熱量（大卡）,脂肪（公克）,蛋白質（公克）,碳水化合物（毫克）,D,,第二次
113,2024/10/19,保健食品初級工程師,保健食品概論,3,國內目前取得健康食品認證的產品，膳食補充劑型態那個類別最多？,錠劑,粉末,膠囊,以上皆非,C,,第一次
113,2024/4/20,保健食品初級工程師,保健食品概論,4,有關維生素類的營養補充食品，以下何者為非？,原料以進口為主,受到法規要求僅能於特定銷售通路如藥局或藥妝店販賣,近年來產值持續成長,維生素 B 群產品為大宗,B,,第二次
113,2024/10/19,保健食品初級工程師,保健食品概論,4,"某公司製造之複方食品添加物含有以下4種營養添加劑： 
單方食品添加物名稱 使用食品範圍 
硒酸鈉 可使用於各類食品 
葡萄糖酸錳 1.膠囊狀、錠狀食品 2.⼀般食品 3.嬰兒(輔助)食品 
L-肉酸 1.膠囊狀、錠狀食品 2.特殊營養食品 
脂肪酸磷酸鈉 特殊營養食品 
請問該複方食品添加物可用的食品範圍為何？",各類食品,膠囊狀、錠狀食品,特殊營養食品,膠囊狀、錠狀食品及特殊營養食品,C,,第一次
113,2024/4/20,保健食品初級工程師,保健食品概論,5,目前以膠原蛋白為主原料並通過健康食品認證之產品，其主要訴求功效為何？,骨質保健,美白保濕,延緩衰老,輔助調整過敏體質 ,A,,第二次
113,2024/10/19,保健食品初級工程師,保健食品概論,5,關於保健食品之功效評估，其護肝功能評估中，是以何種物質誘導老鼠慢性肝損傷？,"碳酸氫鈉（NaHCO ） 
3","氫硼化鈉（NaBH ） 
4","四氯化碳（CCl ） 
4",次氯酸鈉（NaClO）,C,,第一次
113,2024/4/20,保健食品初級工程師,保健食品概論,6,"向衛生福利部申請輸入錠狀、膠囊狀食品查驗登記，應檢附產品成分含量表，有關該產品
成分含量表，何者為非？",由申請商於近一年內出具,屬膠囊狀食品者，尚須包括空膠囊之原料及其食品添加物詳細名稱及含量,文件應載明「產品之每日建議食用量」,產品如含複方食品添加物，應詳細載明其所含各成分化學名稱及其含量百分比,A,,第二次
113,2024/10/19,保健食品初級工程師,保健食品概論,6,下列何者不是現今健康食品管理法規範的保健功效？,改善睡眠,調節血脂,護肝,調節血壓,A,,第一次
113,2024/4/20,保健食品初級工程師,保健食品概論,7,下列何為不是國內「健康食品之牙齒保健功效評估方法」須檢測指標與方法？,蛀牙數量,牙菌斑酸鹼值,牙菌斑堆積量,牙菌斑內突變形鏈球菌,A,,第二次
113,2024/10/19,保健食品初級工程師,保健食品概論,7,目前臺灣通過健康食品規格基準審查過的產品，何者敘述錯誤？,有魚油及紅麴兩類,功效訴求以調節血脂及胃腸功能改善為主,產品項數紅麴大於魚油,申請商與製造商可不相同,B,,第一次
113,2024/4/20,保健食品初級工程師,保健食品概論,8,對國內「健康食品之輔助調節血鐵保健功效評估方法」相關敘述，下列何者有誤？,原為「健康食品之促進鐵可利用率保健功效評估方法」，名稱重新修正,評估受試對象可為年齡 12歲至 65歲之女性,若受試者罹有與貧血有關之婦科疾病或遺傳性疾病須排除,若受試對象近 3個月有輸血者應排除,B,,第二次
113,2024/10/19,保健食品初級工程師,保健食品概論,8,以下何類產品是目前國產保健食品產業發展的主力？,膠囊錠劑產品,類似雞精的動物來源保健食品,綠茶類的飲品,微生物類的保健食品例如乳酸菌產品,D,,第一次
113,2024/4/20,保健食品初級工程師,保健食品概論,9,"有關申請健康食品查驗登記之功效評估，何者正確？ a.得以主要功效成分取代食品全產
品進行功效試驗 b.報告係人體食用研究者，應有醫師參與 c.報告係人體食用研究者，
應於醫學中心等級之醫院執行 d.所附之報告應有所有試驗個體之完整數據以供驗證",ab,bc,bd,cd ,C,,第二次
113,2024/10/19,保健食品初級工程師,保健食品概論,9,第二軌健康食品申請許可證承辦時間約為多少天？,60天,90天,100天,180天,A,,第一次
113,2024/4/20,保健食品初級工程師,保健食品概論,10,"衛生福利部公告應辦理國產維生素類錠狀膠囊狀食品查驗登記之認定基準中，維生素
C 及維生素 K 之基準如下：維生素 C-大於或等於 150 mg且不超過 1000 mg維生素 K-大
於或等於 140 μg且不超過 500 μg請問以下方產品如為國內產製，何項屬於應辦理國產維
生素類錠狀膠囊狀食品查驗登記之產品？ a.每顆添加維生素 C 900 mg，每日建議食用 1
顆 b.每顆添加維生素 K 130 μg，每日建議食用 1顆 c.每顆添加維生素 C 900 mg及維生
素 K 130 μg，每日建議食用 1顆 d.每顆添加維生素 C 900 mg及維生素 K 600 μg，每日
建議食用 1顆",abcd,acd,ac,ad,C,,第二次
113,2024/10/19,保健食品初級工程師,保健食品概論,10,若是含致癌類似物，應進行下列何種試驗？,免進行毒物性測試,28日連續口服為食試驗，基因毒性試驗,90日餵食試驗，基因毒性試驗，致畸試驗,90日餵食試驗，基因毒性試驗，致畸試驗，繁殖試驗--健康食品申請許可作業流程 ,"B,C",答案有更正,第一次
113,2024/4/20,保健食品初級工程師,保健食品概論,11,"包裝維生素礦物質類之錠狀膠囊狀食品營養標示之數據修正方式，以下何者為正確：
a.每包裝所含之份數，可標示至小數點後一位 b.維生素、礦物質含量以有效數字不超過
三位為原則 c.每日參考值百分比，可至小數點後二位 d.「數據修整應參照中華民國國
家標準 CNS2925「規定極限值之有效位數指示法」規定或四捨五入法",ac,bd,ab,cd,B,,第二次
113,2024/10/19,保健食品初級工程師,保健食品概論,11,"國內法規規定，何時開始製造的產品不得使用糞腸球菌（Enterococcus faecalis）作為食品
原料使用（以製造為主）？",中華⺠國107年1月1日,中華⺠國107年7月1日,中華⺠國108年1月1日,中華⺠國109年1月1日,B,,第一次
113,2024/4/20,保健食品初級工程師,保健食品概論,12,"國內法規陸續為食品原料或萃取物進行使用限制及標示規定，下列那些需標示兒童或嬰幼
兒不宜使用的警語？",苦橙果實或其萃取物,桑黃菌絲體,雪蓮組織培養物,以上皆是,D,,第二次
113,2024/10/19,保健食品初級工程師,保健食品概論,12,"向衛生福利部申請健康食品查驗登記之原料成分規格含量表之審核，何者為正確？ a.原
料成分殘留農藥含量不可超過中央主管機關所定安全容許量。 b.原料成分之規格含量僅
須列載主原料及其保健功效成分含量，輔料得免申報。 c.進行第三類安全評估之申請案，
其產品添加食品添加物之不受衛生福利部依食安法公告「食品添加物使用範圍及限量暨
規格標準」之限制。 d.所列載之原料皆應有供貨來源、供貨規格及驗收報告。",ab,cd,ad,bc,C,,第一次
113,2024/4/20,保健食品初級工程師,保健食品概論,13,健康食品成品需留樣保存多久？,生產後 1個月,生產後 6個月,生產後 3年,保留每批成品至有效日期,D,,第二次
113,2024/10/19,保健食品初級工程師,保健食品概論,13,以下健康食品標章上之字號，何者為經第二軌查驗登記審查通過者？,衛部健食規字第000001號,衛部健食健字第000001號,衛部健食規字000001號,以上皆非,A,,第一次
113,2024/4/20,保健食品初級工程師,保健食品概論,14,國內目前取得健康食品認證的產品，膳食補充劑型態那個類別最多？,錠劑,粉末,膠囊,以上皆非,C,,第二次
113,2024/10/19,保健食品初級工程師,保健食品概論,14,"何者是食品安全衛生管理法對「特殊營養食品」定義之範圍？ a.保健食品 b.膠囊、錠狀
營養補充品 c.特定疾病配方食品 d.嬰兒與較大嬰兒配方食品",abc,bcd,ab,cd,D,,第一次
113,2024/4/20,保健食品初級工程師,保健食品概論,15,根據健康食品申請許可辦法規定，申請健康食品認證標章應具備的資格，何者為非？,產品應檢具安全、功效評估及安定性試驗等報告,需有建議攝取食用量,核准產品須於包裝標示「健康食品」字樣與小綠人標準圖像,保健功效敘述可自由發揮,D,,第二次
113,2024/10/19,保健食品初級工程師,保健食品概論,15,"包裝食品營養標示之單位，以下何者為正確？ a.熱量以仟焦、kJ 標示 b.飽和脂肪（酸）、
反式脂肪（酸）以公克或 g 標示 c.鈉以毫克或 mg 標示 d.膽固醇以毫克或 mg 標示 e.碳
水化合物、糖、膳食纖維以公克或g標示",acde,bde,bcde,abcde ,C,,第一次
113,2024/4/20,保健食品初級工程師,保健食品概論,16,已取得健康食品查驗登記許可之產品，下列何者不是屬於可申請變更的項目？,產品中文或原文名稱變更,申請廠商名稱變更,增加製造工廠,增加保健功效宣稱,D,,第二次
113,2024/10/19,保健食品初級工程師,保健食品概論,16,關於國人膳食營養素參考攝取量之敘述，下列何者正確？,根據實證科學之證據，不可修訂標準值,DRIs 指的是人體所能耐受的最高劑量,EAR 是指滿足健康人群中80%的人的⼀日攝取量推算值,RDA 是指滿足特定年齡層及性別的健康人群中97%-98%的人⼀日所需要的攝取量,D,,第一次
113,2024/4/20,保健食品初級工程師,保健食品概論,17,"向衛生福利部申請健康食品查驗登記之案件，若功效評估試驗是人體食用研究，下列何者
不正確？",有營養師參與可免醫師參與,應有人體研究倫理審查委員會同意書,計畫書應有研究對象之實施方法及受試者體重、年齡、篩選條件等基本資料,應有每日飲食追蹤紀錄,A,,第二次
113,2024/10/19,保健食品初級工程師,保健食品概論,17,國內112年12月4日發布的「健康食品製造良好作業規範標準」正式施行日期為何？,112年12月4日,113年1月1日,114年1月1日,115年1月1日,C,,第一次
113,2024/4/20,保健食品初級工程師,保健食品概論,18,對保健食品需求之產生其背景主要是因為：,人們得到溫飽後對食品提出了新的需求,攝取食品不僅是為了從中獲取營養素維持生存，並期待具有調節機體生理活動的功能,高齡化與少子化之人口結構改變,以上皆是,D,,第二次
113,2024/10/19,保健食品初級工程師,保健食品概論,18,"衛福部食藥署 2021 年 5 月公告阿勃勒果實不得作為食品原料使用，2022 年 7 月 1 日生
效。下列敘述何者為非？",只限制國產品遵行,國產及進口產品⼀律需遵行,國產產品製造日期在生效日前，可繼續販賣至有效日期屆至,進口產品輸入日期在生效前，可繼續販賣至其有效日期屆至,A,,第一次
113,2024/4/20,保健食品初級工程師,保健食品概論,19,下列何者不是健康食品產品原料成分規格應遵守之項目？,申請資料之原料成分規格含量表，應包括所有原料及食品添加物之詳細名稱及含量,原料成分應對人體健康安全無害,"食品原料應為載於衛生福利部食品藥物管理署網站公布之「可供食品原料一覽表」
之品項",食品添加物之使用範圍及用量，應符合衛生福利部公告之規定 ,C,,第二次
113,2024/10/19,保健食品初級工程師,保健食品概論,19,有關申請健康食品查驗登記之安全評估，何者不正確？,產品之安全評估試驗，應依衛生福利部公告之健康食品安全評估方法進行,"產品之原料為傳統食用，且以通常加工食品形式供食者，得免依衛生福利部公告之
健康食品安全評估方法進行安全評估",得以主要功效原料取代食品全產品進行安全評估,所附之安全性評估報告應有試驗計畫主持人及試驗執行人簽名以示負責,C,,第一次
113,2024/4/20,保健食品初級工程師,保健食品概論,20,何者為衛生福利部公告不得作為食品原料之素材？,番瀉（Cassia angustifolia Vahl）葉,阿勃勒（Cassia fistula L.）果實,擬黑多刺蟻（Polyrhachis vicina Roger）蟲體,以基因改造啤酒酵母EFSC4687菌株發酵生產之食品原料反式白藜蘆醇（trans-resveratrol）,B,,第二次
113,2024/10/19,保健食品初級工程師,保健食品概論,20,當取得衛生福利部查驗登記許可之健康食品許可證逾有效期限，何者不正確？,逾期未申請展延者，原許可證自動失效,"得於期限屆至後六個月內，重新申請查驗登記，若中央主管機關未要求，得免附安
全評估報告","得於期限屆至後六個月內，重新申請查驗登記，若中央主管機關未要求，得免附保
健功效評估報告","得於期限屆至後六個月內，重新申請查驗登記，若中央主管機關未要求，得免繳審
查費 ",D,,第一次
113,2024/4/20,保健食品初級工程師,保健食品概論,21,何者不可供作為保健食品之原料？,可可豆殼,去除大麻二酚之大麻葉,番瀉葉,"人參 
B",B,,第二次
113,2024/10/19,保健食品初級工程師,保健食品概論,21,"向衛生福利部申請健康食品查驗登記之案件，有關其安全評估報告，下列何者並不屬於免
提毒性測試資料之要件？",相同原料配方之產品已取得健康食品查驗登記許可,產品之原料為傳統食用，且以通常加工食品形式供食,"產品具有完整之毒理學安全評估學術文獻報告及⻑期供食用之紀錄，且其原料組成
成分及製造過程與所提出之學術文獻報告相符","原料具有完整之毒理學安全評估學術文獻報告及⻑期供食用之紀錄，且其原料組成
成分及製造過程與所提出之學術文獻報告相符",A,,第一次
113,2024/4/20,保健食品初級工程師,保健食品概論,22,有關衛生福利部公告之健康食品之抗疲勞保健功評估方法，何者不正確？,針對抗運動疲勞,可採用動物游泳至無力溺水的試驗模試,人體食用研究的受試者必須是相近生理年齡層,可依試驗內容及結果申請宣稱「有於於促進運動後疲勞消除」,D,,第二次
113,2024/10/19,保健食品初級工程師,保健食品概論,22,"可向衛生福利部食品藥管理署申請保健食品優良製造作業（GMP）自願性驗證的業者條
件，何者錯誤？",具工廠登記，並於食品藥物業者登錄平台登載為保健營養食品製造業,取得衛生福利部食品藥管理署辦理之食品衛生安全管理系統驗證（又稱第二級品管）,"製造申請產品型態之業者，或僅執行非直接包覆內容物之裝盒、裝箱或貼標等簡單
製程者皆可申請","申請者之產品外包裝標示具有保健或營養訴求之指標成分及含量，其指標成分應與
產品訴求及成分具合理關聯性","B,D",答案有更正,第一次
113,2024/4/20,保健食品初級工程師,保健食品概論,23,"下列有關肉毒桿菌中毒之敘述何者是錯誤的組合：a.中毒死亡率占所有細菌性食品中毒第
1位，b.嚴重時因腎臟衰竭死亡，c.肉毒桿菌毒素耐熱，高溫無法破壞",ab,bc,ac,以上皆非,B,,第二次
113,2024/10/19,保健食品初級工程師,保健食品概論,23,"保健食品採小包裝販售，外包裝之最大表面積不足二十平方公分，且未採用「QR Code」
或其他電子化方式揭露食品資訊者，可免標示何項資訊？",國內負責廠商名稱,內容物名稱,有效日期,過敏原等醒語資訊,B,,第一次
113,2024/4/20,保健食品初級工程師,保健食品概論,24,"下列有關赭麴毒素（ochratoxin）之敘述，何者是正確的組合？ a.分為 A、B、C 三種，
其中以 A 毒性最強，b.可受到高溫破壞，c.具有腎臟毒性",ab,bc,ac,abc ,D,,第二次
113,2024/10/19,保健食品初級工程師,保健食品概論,24,何者為保健食品標示、宣傳或廣告內容通常可使用，符合食品安全衛生管理法之詞句？,增強記憶力,溫肺化痰,調整內分泌,調整體質,D,,第一次
113,2024/4/20,保健食品初級工程師,保健食品概論,25,"下列有關萊克多巴胺之敘述何者是錯誤的組合？ a.豬之肌肉及脂（含皮）殘留容許量 0.1 
ppm，b.具有促進肌肉合成，抑制脂肪蓄積的作用，c.每日可接受攝取量（ADI）為 10微
克/公斤/天",ab,bc,ac,以上皆錯,C,,第二次
113,2024/10/19,保健食品初級工程師,保健食品概論,25,可供食品使用原料冬蟲夏草菌絲體之使用限制及標示規定，下列何者正確？,應加註「本產品為中藥材冬蟲夏草之製品」,應標示菌株之中文名稱及拉丁學名,應完整之「冬蟲夏草菌絲體」七個字，其中「冬蟲夏草」四個字，應特別放大字體,不得單⼀原料使用 ,B,,第一次
113,2024/4/20,保健食品初級工程師,保健食品概論,26,"下列有關諾羅病毒之敘述，何者是正確的組合？ a.主要透過糞口途徑傳染，b.能長時間存
活於患者的嘔吐物及糞便中，c.病毒顆粒非常少量（約 1∼10個）即可致病",ab,bc,ac,abc,D,,第二次
113,2024/10/19,保健食品初級工程師,保健食品概論,26,國內獲健食字號的茶飲料產品，下列何項非產品申請的保健功能？,調節血脂,不易形成體脂肪,促進鐵吸收,胃腸功能改善,C,,第一次
113,2024/4/20,保健食品初級工程師,保健食品概論,27,"下列有關澱粉類食物油炸後會產生的毒性物質之敘述，何者是正確的組合？ a.多氯聯
苯，b.順丁烯二酸酐，c.丙烯醯胺",ab,bc,ac,以上皆非,D,,第二次
113,2024/10/19,保健食品初級工程師,保健食品概論,27,下列何種保健食品尚未獲得健康食品之護肝功能認證？,乳酸菌,牛磺酸,肝醣,人參皂苷,D,答案有更正,第一次
113,2024/4/20,保健食品初級工程師,保健食品概論,28,"下列有關軟骨藻酸（domoic acid ）造成的貝類中毒之敘述，何者是正確的組合？ a.來源
為矽藻 Pseudonitzschia pungens，b.引起短期記憶喪失，c.引起運動神經麻痺",ab,bc,ac,abc,A,,第二次
113,2024/10/19,保健食品初級工程師,保健食品概論,28,健康食品產品配方依每日建議攝取量，所含之外加精緻糖之限量為何？,50公克,25公克,17公克,10公克,B,,第一次
113,2024/4/20,保健食品初級工程師,保健食品概論,29,健康食品之許可證於有效期間內，中央機關得以重新評估之項目：,科學研究對該產品之功效發生疑義,產品之成分，配方，生產方是受到質疑,其他經食品衛生機關認定有必要時,以上皆是,D,,第二次
113,2024/10/19,保健食品初級工程師,保健食品概論,29,"以下何者是應依食品安全衛生管理法第21條及衛生福利部公司之應申請查驗登記並發給
許可文件，始得製造、輸入之特殊營養食品？",1歲以下之嬰兒奶粉,嬰兒米精,嬰兒用維生素,幼兒奶粉,A,,第一次
113,2024/4/20,保健食品初級工程師,保健食品概論,30,目前健康食品公告之保健功效評估方法有？,改善心臟功能,改善胃腸功能,改善肝膽脾功能,改善泌尿道功能,B,,第二次
113,2024/10/19,保健食品初級工程師,保健食品概論,30,⼀般未經衛生署認證通過的保健食品可以標示為：,健康食品,康健食品,保健，營養食品,健康營養食品,A,,第一次
113,2024/4/20,保健食品初級工程師,保健食品概論,31,若資料齊全，審查確認無問題，一般健康食品審查一軌需要時間為：,30天,60天,180天,一年,C,,第二次
113,2024/10/19,保健食品初級工程師,保健食品概論,31,衛生署制定的健康食品標示圖上不含以下何者？,健康食品字樣,衛署健食字號,GMP 標幟,小綠人標幟 ,C,,第一次
113,2024/4/20,保健食品初級工程師,保健食品概論,32,何者沒有減重及體重維持的功效？,輔酵素 Q10,中鏈脂肪,茶多酚,幾丁聚醣,A,,第二次
113,2024/10/19,保健食品初級工程師,保健食品概論,32,以下何者不是健康食品可以宣稱之保健功效？,"攝取某種健康食品後，其中特定營養素、特定成分或該食品對人體生理結構或生理
機能之影響",該特定營養素，特定成分或該食品對人體生理結構或生理機能之影響,"可補充人體缺乏之營養素時，宣稱該食品具有預防或改善與該營養素相關疾病之功
效",含特定營養素，特定成分或該食品對特定疾病有治療或矯正之功效,D,,第一次
113,2024/4/20,保健食品初級工程師,保健食品概論,33,台灣特有原生真菌且護肝功效卓越，因此成為陸客來台指定之伴手禮是？,靈芝,紅麴,蟲草,樟芝,D,,第二次
113,2024/10/19,保健食品初級工程師,保健食品概論,33,"常見食品安全性評估的毒性試驗方法包括 a.基因毒性試驗，b.28天餵食毒性試驗，c.90 天
餵食毒性試驗，d.致畸試驗，e.致癌性試驗等，若是某健康食品之原料非屬傳統食用者，
應檢具何種毒性測試資料進行安全性評估？",acd,bce,abc,ce,A,,第一次
113,2024/4/20,保健食品初級工程師,保健食品概論,34,近 10年來我國保健食品產業蓬勃發展的主要原因？,業者積極研發新產品,注重科學實證依據,積極與消費者溝通,以上皆是,D,,第二次
113,2024/10/19,保健食品初級工程師,保健食品概論,34,以下何種天然毒素不屬於蛋白質類？,肉毒桿菌（Botulinum toxin）,葡萄球菌毒素,腹瀉型仙人掌桿菌毒素（Bacillus cereus）,河豚毒（tetrodotoxin）,D,,第一次
113,2024/4/20,保健食品初級工程師,保健食品概論,35,下列有關麻痺性貝類中毒（paralytic shellfish poisoning）之敘述，何者錯誤？,會引起呼吸困難,屬神經毒素,由於貝類本身之 saxitoxin 類毒素所引起,"目前無特殊解毒劑可用 
 
  
B",C,,第二次
113,2024/10/19,保健食品初級工程師,保健食品概論,35,下列對於＂急性毒性試驗＂之相關敘述何者有誤？,可求得LD50數值,主要觀察實驗動物之死亡反應,所需的實驗時間短,可求得ADI 數值,D,,第一次
113,2024/4/20,保健食品初級工程師,保健食品概論,36,下列有關 3-單氯丙二醇（3-MCPD）之敘述何者錯誤？,化學醬油製備過程之副產物,已知為人類癌症物,3-MCPD 含量限量標準為 0.4 ppm,以上皆非,C,,第二次
113,2024/10/19,保健食品初級工程師,保健食品概論,36,目前我國規定牛樟芝原料或產品應進行下列何種重複劑量毒性試驗？,21天亞急毒性,28天亞急毒性,90天亞慢毒性,慢毒性 ,"B,C",答案有更正,第一次
113,2024/4/20,保健食品初級工程師,保健食品概論,37,健康食品之原料非屬傳統食用者須進行下列何種毒性試驗？,基因毒性,90天餵食毒性,致畸性,以上皆是,D,,第二次
113,2024/10/19,保健食品初級工程師,保健食品概論,37,"有些食物或保健食品過量服用可能會增強抗凝血劑的藥效，而增加出血的風險，例如下列
何者？",菠菜,高劑量維生素C,銀杏,輔酶Q10,C,,第一次
113,2024/4/20,保健食品初級工程師,保健食品概論,38,保健食品牛樟芝固態培養菌絲體膠囊，申請健康食品認證，安全性評估應屬第幾類？,第一類,第二類,第三類,第四類,C,,第二次
113,2024/10/19,保健食品初級工程師,保健食品概論,38,下列有關苯甲酸（benzoic acid）之敘述何者錯誤？,為食品防腐劑,可限量使用於烏魚子、魚貝類乾製品,可限量使用於鮮果及果菜之外皮,可限量使用於膠囊狀、錠狀食品,C,,第一次
113,2024/4/20,保健食品初級工程師,保健食品概論,39,四季豆與豌豆夾因含有下列何種物質，未經烹煮容易導致消化不良？,豆類蛋白,粗纖維,皂素,生物鹼,C,,第二次
113,2024/10/19,保健食品初級工程師,保健食品概論,39,下列有關食品污染物橘黴素（citrinin）之敘述何者為正確？,屬於⼀級代謝產物,具肝腎毒性,為人類致癌物,以上皆非,B,,第一次
113,2024/4/20,保健食品初級工程師,保健食品概論,40,"現有化學物質或毒素，分別為 a.戴奧辛 b.黃麴毒素 c.鎘化合物 d.河豚毒素，下列何者已
知為人類致癌物？",a,ab,abc,abcd,C,,第二次
113,2024/10/19,保健食品初級工程師,保健食品概論,40,"橙劑（Agent Orange）為越戰期間美軍施用之落葉劑，嚴重汙染環境也使得農漁作物受汙
染，可能是因橙劑中含有的不純物所致。此不純物為下列何種環境污染物？",多氯呋喃,戴奧辛,三氯⼄烯,三氯甲烷,B,,第一次
113,2024/4/20,保健食品初級工程師,保健食品概論,41,下列關於「食品添加物」之敘述，何者是錯誤的？,採正面表列方式管理,以達到使用目的之最小量為限制,會致癌之物質得作為食品添加物，但有限量及使用範圍,我國訂有食品添加物使用範圍及限量暨規格標準 ,C,,第二次
113,2024/10/19,保健食品初級工程師,保健食品概論,41,"會汙染飲水和食物的含氯碳氫化合物如多氯聯苯具有的特性和對人類的影響，下列何者
為正確組合？ a.具親水性，b.致癌性，c.內分泌干擾性",ab,bc,ac,abc ,B,,第一次
113,2024/4/20,保健食品初級工程師,保健食品概論,42,長期大量食用胡蘿蔔（紅蘿蔔），皮膚會因色素沉澱而變黃，這是因為何種物質之故？,維生素 A,維生素 B,維生素 C,維生素 D,A,,第二次
113,2024/10/19,保健食品初級工程師,保健食品概論,42,苦杏仁因含有苦杏仁苷可能會引起何種中毒情形？,凝集素,毒蛋白,亞硝酸鹽,氰化物,D,,第一次
113,2024/4/20,保健食品初級工程師,保健食品概論,43,關於含大麻二酚的食品，下列何種敘述是錯誤的？,大麻為我國毒品危害防制條例管制之項目,大麻二酚於食品我國訂有嚴格限量標準,醫療使用如僅以大麻二酚為成分者，不屬於管制藥品,大麻屬於第二級毒品及管制藥品,B,,第二次
113,2024/10/19,保健食品初級工程師,保健食品概論,43,"下列哪些微生物汙染會造成食品中毒？ a.腸炎弧菌，b.單核球增多性李斯特菌，c. A型肝
炎病毒",ab,bc,ac,abc,A,,第一次
113,2024/4/20,保健食品初級工程師,保健食品概論,44,要如何預防或減少從食物中吃到戴奧辛，世界衛生組織建議下列何者？,減少動物性脂肪的攝取,減少乳製品的攝取,減少蛋類的攝取,減少加工食品的攝取,A,,第二次
113,2024/10/19,保健食品初級工程師,保健食品概論,44,"下列有關組織胺（Histamine）中毒之敘述，何者是正確的組合？ a.於腐敗水產魚肉中相
當常見，b.充分烹煮可消除，c.也被稱為鯖科魚類中毒症",ab,bc,ac,abc,C,,第一次
113,2024/4/20,保健食品初級工程師,保健食品概論,45,我國引起肉毒桿菌食品中毒主要為何種受汙染的食品？,乳製品,鮮蛋,火腿等肉類加工品,澱粉類製品,C,,第二次
113,2024/10/19,保健食品初級工程師,保健食品概論,45,"下列有關食品著色劑-銅葉綠素/銅葉綠素鈉之敘述，何者是正確的組合？ a.銅葉綠素屬於
脂溶性，b.銅葉綠素鈉是屬於水溶性，c.銅葉綠素鈉可添加於食用油品但有限量規定",ab,bc,ac,abc,A,,第一次
113,2024/4/20,保健食品初級工程師,保健食品概論,46,"依規定，在多環芳香族碳氫化合物（PAHs）中，已知致癌性最強且是優先為食品中之建
議監測指標值？",多氯聯苯（polychlorinated biphenyl）,苯(a)駢芘（benzo(a)pyrene）,"四氯聯苯戴奧辛（2,3,7,8-TCDD）",雙對氯苯基三氯乙烷（DDT）,B,,第二次
113,2024/10/19,保健食品初級工程師,保健食品概論,46,裸蓋菇屬（Psilocybe）蕈類誤食會引起下列何種主要症狀？,流產,急性腎損傷,幻覺,心律不整,C,,第一次
113,2024/4/20,保健食品初級工程師,保健食品概論,47,下列何者是決定物質毒性影響人體健康的最重要因素？,暴露時間,劑量,年齡,健康狀態 ,B,,第二次
113,2024/10/19,保健食品初級工程師,保健食品概論,47,發芽的馬鈴薯不建議食用是因發芽馬鈴薯會生成何種有毒物質？,強心苷配醣體,龍葵鹼,吡咯利啶生物鹼,氰甙,B,,第一次
113,2024/4/20,保健食品初級工程師,保健食品概論,48,"起雲劑是一種食品添加劑，用於增加食物黏稠與白霧感覺，但 2011年台灣曾爆發以何種
物質替代為起雲劑原料而引起食安危機？",有機氯類化合物,鄰苯二甲酸酯鹽類化合物,有機磷類化合物,雌二醇類化合物,B,,第二次
113,2024/10/19,保健食品初級工程師,保健食品概論,48,"下列何種物質可被人體正常代謝氧化成水和二氧化碳，對人體毒性低且不影響食品味道，
是許多高價食品首選防腐劑？",二丁基羥基甲苯,維生素E,己二烯酸,甘露醇,C,,第一次
113,2024/4/20,保健食品初級工程師,保健食品概論,49,"依據健康食品安全評估方法，下列何種測試是要確認所測定的劑量是否屬於無不良影響劑
量（No-Observed-Adverse-Effect Level, NOAEL）範圍？",微生物基因突變分析,動物體內基因毒性分析,動物急毒性試驗,28天餵食毒性試驗,D,,第二次
113,2024/10/19,保健食品初級工程師,保健食品概論,49,含有腐植酸等有機汙染物的水體在加氯消毒過程中可能會產生下列何種有害物質？,三丁基錫,甲基汞,六氯酚,三氯甲烷,D,,第一次
113,2024/4/20,保健食品初級工程師,保健食品概論,50,"依據健康食品安全評估方法，動物試驗採用口胃管餵食時之體積每次應在多少 mL/kg 動
物體重以下？",1,5,10,20,C,,第二次
113,2024/10/19,保健食品初級工程師,保健食品概論,50,"依據健康食品安全評估方法，體外哺乳類細胞的染色體異常分析時若無觀察到細胞毒性，
則以多少mg/mL作為最高濃度？",1,5,10,15,B,,第一次
113,2024/4/20,保健食品初級工程師,保健食品概論,51,被視為保健食品之紅麴產品，但可能有下列何種黴菌毒素殘留，因此政府訂有限量規範？,新月毒素,橘黴素,麥角生物鹼,黃麴毒素,B,,第二次
113,2024/10/19,保健食品初級工程師,保健食品概論,51,台灣曾發生之烏腳病，是因飲用含高濃度何種物質之地下水所導致？,銅,砷,鋰,三氯⼄烯,B,,第一次
113,2024/4/20,保健食品初級工程師,保健食品概論,52,下列何種產品或原料屬健康食品安全評估之第三類？,靈芝粉,牛樟芝萃取物,人蔘萃取物,五味子,B,,第二次
113,2024/10/19,保健食品初級工程師,保健食品概論,52,下列關於「高麗菜」與骨骼關係之敘述，何者是錯誤的？,富含有維生素A,可幫助鈣質吸收,可幫助維生素D吸收,可促進骨骼的新陳代謝,B,答案有更正,第一次
113,2024/4/20,保健食品初級工程師,保健食品概論,53,台灣曾於 2013年發生廠商將何種色素物質違法添加至橄欖油產品以掩飾油品不純問題？,紅甜菜色素,銅葉綠素,類胡蘿蔔素,梔子綠色素,B,,第二次
113,2024/10/19,保健食品初級工程師,保健食品概論,53,"依據食品法規定，食品業者應取得衛生安全管理系統之驗證，下列有關目前應符合驗證的
具工廠登記之業別之敘述何者錯誤？",乳品加工,食品添加物,特殊營養食品,水產罐頭加工,D,,第一次
113,2024/4/20,保健食品初級工程師,保健食品概論,54,"有些人工甜味劑（代糖）被質疑有致癌風險，但目前國際上仍可限量使用，下列何者被美
國 FDA 歸屬為公認安全（GRAS）而屬相對安全的甜味劑？",糖精,阿斯巴甜,甜菊糖,蔗糖素,C,,第二次
113,2024/10/19,保健食品初級工程師,保健食品概論,54,有關食品衛生安全管理系統驗證之敘述，下列何者是最正確的？,屬於單⼀食品的驗證,透過國際認證的驗證機構執行,屬於無產品抽驗,屬於食品衛生安全的監督系統,C,,第一次
113,2024/4/20,保健食品初級工程師,保健食品概論,55,有關九層塔之敘述，下列何者錯誤？,九層塔含黃樟素，食用可能致癌,黃樟素被 IARC 歸為 2B 類致癌物,年長者不建議太常吃九層塔,高溫會迫害所含維生素，應避免高溫與長時間烹調,A,,第二次
113,2024/10/19,保健食品初級工程師,保健食品概論,55,劣質精製豬油的何種成分可做為食用豬油之健康危害指標之⼀？,不飽和脂肪醛,不飽和脂肪酸,不飽和脂肪醇,不飽和脂肪醚,A,,第一次
113,2024/4/20,保健食品初級工程師,保健食品概論,56,下類何種菇類為有毒，誤食可能造成胃腸道刺激作用甚至導致胃腸道出血？,雞肉絲菇,綠褶菇,白色雨傘菇,羊肚菌,B,,第二次
113,2024/10/19,保健食品初級工程師,保健食品概論,56,"下列何種重金屬曾引起大規模中毒事件（日本水俁病），我國已針對各類魚產品訂有此重
金屬限量規範？",甲基汞,氯化鎘,三丁基錫,三氧化鉻,A,,第一次
113,2024/4/20,保健食品初級工程師,保健食品概論,57,在台灣曾經發生過之減肥菜（守宮木）中毒事件，其主要之毒性標的器官為下列何者？,腦部,心臟,肺臟,腎臟,C,,第二次
113,2024/10/19,保健食品初級工程師,保健食品概論,57,"符合目前已公告的健康食品規格標準（第二軌），無需進行保健功效評估試驗及安全試驗，
為下列何者？",魚油,益生菌,大豆異黃酮,膳食纖維 ,A,,第一次
113,2024/4/20,保健食品初級工程師,保健食品概論,58,我國規定過氧化氫可使用於食品作為殺菌用，下列有關過氧化氫之敘述何者錯誤？,可使用於麵粉及其製品，但有限量規定,人體腸道細胞之觸酶可將其分解,食品加工使用須符合食品添加物之相關規定,無相關每人每日容許攝取量（ADI）之資訊,A,,第二次
113,2024/10/19,保健食品初級工程師,保健食品概論,58,"發生疑似食品中毒事件，醫療機構應依食品安全衛生管理法第六條規定於多久時間內向
當地主管機關報告？",8小時,12小時,24小時,48小時,C,,第一次
113,2024/4/20,保健食品初級工程師,保健食品概論,59,"台灣曾有民眾誤用狀似山藥之植物塊莖烹煮排骨湯，食用後出現嘔吐、暈眩等症狀，請問
這是何種植物？",假山藥薯,大苦薯,瑞典蕪菁,姑婆芋,B,,第二次
113,2024/10/19,保健食品初級工程師,保健食品概論,59,非經傳統方式萃取、濃縮之傳統食用原料，健康食品安全性評估應歸類為何？,第⼀類,第二類,第三類,第四類,B,,第一次
113,2024/4/20,保健食品初級工程師,保健食品概論,60,"使用食物真空機包裝食物就不會壞嗎？事實上它對於某些細菌可能沒效，反而會助長繁
殖，但除了哪種細菌例外？",酵母菌,大腸桿菌,產氣莢膜桿菌,肉毒桿菌,A,,第二次
113,2024/10/19,保健食品初級工程師,保健食品概論,60,不肖商人為魚體保鮮或做為食品漂白劑，會使用下列何種工業用化學物質？,己二烯酸,吊白塊,苯甲酸,⼄烯二胺四醋酸二鈉,B,,第一次
113,2024/4/20,保健食品初級工程師,保健食品概論,61,有關中央型肥胖與其他疾病形成原因之敘述，下列何者正確？,腹部脂肪受雌激素影響造成女性肥胖,腹部脂肪釋出荷爾蒙取代胰島素造成糖尿病,腹部脂肪進入肝臟改變脂蛋白代謝造成高血脂,腹部脂肪排入循環系統造成心臟病,C,,第二次
113,2024/10/19,保健食品初級工程師,保健食品概論,61,食物中脂質酸敗的主要原因是暴露於：,熱及氧氣中,螢光燈照明,冷凍溫度,濃縮添加劑,A,,第一次
113,2024/4/20,保健食品初級工程師,保健食品概論,62,母乳哺育是提供嬰兒健康和生長發育的最佳餵食方式，對母親的好處以下何者正確？,泌乳激素刺激子宮收縮，有助身體恢復,建議純母乳哺餵 3個月，省錢又方便,母親乳癌和卵巢癌的風險較低,不論餵多少，哺乳期都不會懷孕,C,,第二次
113,2024/10/19,保健食品初級工程師,保健食品概論,62,哪⼀類食物未充分煮熟會含有紅血球凝集素，影響腸道吸收功能？,葉菜類,根莖類,穀類,豆類,D,,第一次
113,2024/4/20,保健食品初級工程師,保健食品概論,63,花生四烯酸可以衍生成下列何種與發炎反應有關的物質？,腎上腺素,前列腺素,血清素,生長激素,B,,第二次
113,2024/10/19,保健食品初級工程師,保健食品概論,63,維生素K缺乏最常見於下列那個族群？,新生兒,兒童,青少年,老年人 ,A,,第一次
113,2024/4/20,保健食品初級工程師,保健食品概論,64,"硒通常以硒半胱胺酸（selenocysteine）之型態構成酵素或蛋白質之組成成分，下列何者不
屬於硒半胱胺酸蛋白質？",glutathione reductase,thioredoxin reductase,selenoprotein,5-indothyronine deiodinase,A,,第二次
113,2024/10/19,保健食品初級工程師,保健食品概論,64,衛生署公告每人每天的總膳食纖維之建議攝取量，以下列何者最適當？,5-10 g,15-20 g,25-35 g,50 g以上,C,,第一次
113,2024/4/20,保健食品初級工程師,保健食品概論,65,下列何維生素與預防癌症最無關？,維生素 A,維生素 D,維生素 E,維生素 K,D,,第二次
113,2024/10/19,保健食品初級工程師,保健食品概論,65,研究顯示，服用下列何者可降低神經管缺陷的風險？,菸鹼酸,葉酸,維生素C,"維他命B 
12",B,,第一次
113,2024/4/20,保健食品初級工程師,保健食品概論,66,下列何者有利於「好的膽固醇」形成？,富含脂肪的魚類,富含脂肪的肉,富含碳水化合物的穀類,富含單元不飽和脂肪酸的油脂,D,,第二次
113,2024/10/19,保健食品初級工程師,保健食品概論,66,"每日飲食指南建議不吃乳品的全素者可從哪些食物得到充足的鈣質？ a.傳統豆腐等高鈣
豆製品 b.深色葉菜類 c.黑芝麻 d.鈣強化食品",ab,ad,abd,abcd,D,,第一次
113,2024/4/20,保健食品初級工程師,保健食品概論,67,絕食或糖尿病會造成血液偏酸性，是因為血液中哪一種物質增加？,遊離脂肪酸,遊離胺基酸,普林,酮體,D,,第二次
113,2024/10/19,保健食品初級工程師,保健食品概論,67,食物的組成會影響食物熱效應（TEF），以下TEF的比較何者正確？,脂肪＞碳水化合物,雞胸肉＞牛肉,番薯＞蛋白,少量多餐＞⼀頓大餐,B,,第一次
113,2024/4/20,保健食品初級工程師,保健食品概論,68,有關於醣類的生理功用，以下敘述何者錯誤？,節省蛋白質作用,葡萄糖是神經細胞主要的能量來源,糖醇吸收代謝比糖來的慢,纖維有助於預防便秘，所以吃越多越好,D,,第二次
113,2024/10/19,保健食品初級工程師,保健食品概論,68,全素者攝取以下哪些食物可避免鋅缺乏？ a.全榖 b.豆類 c.堅果 d.深色蔬菜,ab,abc,abd,abcd,B,,第一次
113,2024/4/20,保健食品初級工程師,保健食品概論,69,"「國人膳食營養素參考攝取量」第八版中建議一歲以上所有族群 Omega-3 脂肪酸攝取量
為總熱量的多少？",02-0.4%,0.3-0.5%,0.6-1.2%,2-3% ,C,,第二次
113,2024/10/19,保健食品初級工程師,保健食品概論,69,關於紅麴之敘述，下列何者為非？,其活性成分為monacolin K，可降血膽固醇,其化學結構與Statin藥物相近,可提高HMG-CoA reductase 活性,可預防心血管疾病,C,,第一次
113,2024/4/20,保健食品初級工程師,保健食品概論,70,下列何者非水溶性維生素的特性？,作為身體代謝反應中的輔酶,攝取過多可從腎臟排除,具熱穩定性,吸收率高於脂溶性維生素,C,,第二次
113,2024/10/19,保健食品初級工程師,保健食品概論,70,"DRIs 第八版訂定了慢性病風險降低攝取量（Chronic Disease Risk Reduction）之營養素為
何？",鈉,鋅,鎂,鐵,A,,第一次
113,2024/4/20,保健食品初級工程師,保健食品概論,71,下列何者對營養素熱量的描述是錯誤的？,維生素及礦物質無法提供熱量,酒精不是營養素所以不會產生熱量,醣類及蛋白質每公克所提供的熱量是一樣的,脂肪每公克可提供 9大卡熱量,B,,第二次
113,2024/10/19,保健食品初級工程師,保健食品概論,71,能量代謝和神經傳導所需的輔酶thiamine pyrophosphate為下列何種營養素之衍生物？,"維生素B 
1","維生素B 
2","維生素B 
6","維生素B 
12",A,,第一次
113,2024/4/20,保健食品初級工程師,保健食品概論,72,下列那一種油脂中的飽和脂肪酸最多？,豬油,牛油（beef tallow）,椰子油（coconut oil）,棕櫚油（palm oil）,C,,第二次
113,2024/10/19,保健食品初級工程師,保健食品概論,72,關於次亞麻油酸（linolenic acid）之敘述，下列何者錯誤？,為體內合成二十碳五烯酸（eicosapentaenoic acid）之原料,芥花油富含次亞麻油酸,由甲基端起算第⼀個雙鍵起始於第6個碳原子,有3個雙鍵,C,,第一次
113,2024/4/20,保健食品初級工程師,保健食品概論,73,過度飲酒會造成下列何種營養素吸收不良？,蛋白質,鈣磷鋅,維生素 D,以上皆是,D,,第二次
113,2024/10/19,保健食品初級工程師,保健食品概論,73,下列何者不是鎂之生理功能？,蛋白質合成,參與體內能量代謝相關之酵素反應,維持滲透壓,傳遞神經訊號至肌肉,C,,第一次
113,2024/4/20,保健食品初級工程師,保健食品概論,74,下列何種油脂為水溶性，只需極少量膽汁即可吸收並進入肝門循環？,中鏈脂肪酸,磷脂質,游離膽固醇,必需脂肪酸,A,,第二次
113,2024/10/19,保健食品初級工程師,保健食品概論,74,"素食飲食指標建議素食者多攝取菇類（如：香菇、杏鮑菇、珊瑚菇等），因栽培過程能合
成何種維生素？",維生素A,維生素D,維生素E,維生素K,B,,第一次
113,2024/4/20,保健食品初級工程師,保健食品概論,75,下列何者為胺基酸代謝後的主要廢棄物？,尿素,酮類,二氧化碳,氮 ,A,,第二次
113,2024/10/19,保健食品初級工程師,保健食品概論,75,下列何種狀況下身體呈現正氮平衡？,禁食,燒燙傷,蛋白質攝取不足,同化性荷爾蒙分泌增加 ,D,,第一次
113,2024/4/20,保健食品初級工程師,保健食品概論,76,下列何種胺基酸是玉米、大麥和白米等穀類之限制胺基酸？,甲硫胺酸（methionine）,離胺酸（lysine）,異白胺酸（isoleusine）,丙胺酸（alanine）,B,,第二次
113,2024/10/19,保健食品初級工程師,保健食品概論,76,關於寡醣類（oligosaccharides）何者為非？,又稱高聚糖,由3~10 個單醣分子聚合而成,部分寡糖可促進腸蠕動，進而改善便祕、腹瀉,棉籽糖（raffinose）是⼀種寡醣,A,,第一次
113,2024/4/20,保健食品初級工程師,保健食品概論,77,堅果種子類具有心血管保護作用與其所含的哪種成分無關？,單元不飽和脂肪酸,多元不飽和脂肪酸,植物固醇,膳食纖維,D,,第二次
113,2024/10/19,保健食品初級工程師,保健食品概論,77,"近年，許多報導關於飲食中抗氧化劑的重要性。以下那種維生素可以防止低密度脂蛋白的
氧化？",A,E,K,D,B,,第一次
113,2024/4/20,保健食品初級工程師,保健食品概論,78,下列何種脂肪酸可合成花生四烯酸（arachidonic acid）並轉換為前列腺素？,棕櫚酸（palmitic acid）,油酸（oleic acid）,亞麻油酸（linoleic acid）,次亞麻油酸（linolenic acid）,C,,第二次
113,2024/10/19,保健食品初級工程師,保健食品概論,78,弓形腿的孩子可能是缺乏下列何種維生素？,A,K,E,D,D,,第一次
113,2024/4/20,保健食品初級工程師,保健食品概論,79,關於鋅之敘述，下列何者錯誤？,13歲以上男性的鋅攝取量隨年齡增加,女性懷孕期間應增加鋅攝取量,女性哺乳期間應增加鋅攝取量,18歲以上男性的足夠攝取量為 15毫克,A,,第二次
113,2024/10/19,保健食品初級工程師,保健食品概論,79,⼀位⻑期服用抗生素的人，較易發生下列何種維生素的不足？,A,D,E,K,D,,第一次
113,2024/4/20,保健食品初級工程師,保健食品概論,80,下列何種營養素可提高胡蘿蔔素吸收率？,醣類,油脂,蛋白質,"維生素 A 
 
以 下 空 白",B,,第二次
113,2024/10/19,保健食品初級工程師,保健食品概論,80,⼀般建議，精製糖類以不超過總能量需求的多少為原則？,5%,10%,15%,"20% 
以 下 空 白",B,,第一次
113,2024/10/19,保健食品初級工程師,食品科學概論,1,有關澱粉加工特性的變化過程，下列程序何者正確？,生澱粉-澎潤-糊化-老化-凝膠-離水,生澱粉-澎潤-糊化-凝膠-離水-老化,生澱粉-糊化-澎潤-凝膠-離水-老化,生澱粉-離水-澎潤-糊化-凝膠-老化,B,,第一次
113,2024/4/20,保健食品初級工程師,食品科學概論,1,"食品安全監測計畫中，應就其成品或半成品，除一般法定項目外，尚需檢驗順丁烯二酸（酐）
的產品為何？",糖產品,麵粉產品,澱粉產品,植物性油脂產品,C,,第二次
113,2024/10/19,保健食品初級工程師,食品科學概論,2,有關清潔及消毒等化學物質及用具之管理規定，下列何者錯誤？,"病媒防治使用之環境用藥，應符合相關規定，並明確標示、存放於固定場所，且應
指定專人負責保管及記錄用量",食品作業場所除維護衛生所必須藥劑外，同時存放解毒及急救藥劑,有毒化學物質，應標明其毒性、使用及緊急處理,清潔、清洗及消毒機具，應有專用場所妥善保存,B,,第一次
113,2024/4/20,保健食品初級工程師,食品科學概論,2,殺菌液蛋不得檢出的微生物為何？,沙門氏菌,仙人掌桿菌,腸炎弧型菌,金黃色葡萄球菌,A,,第二次
113,2024/10/19,保健食品初級工程師,食品科學概論,3,在HACCP 申請驗證之作業流程中，提出申請時需要提供的資料包括下列？,符合法令和法律要求事項查核結果,必要的最新之系統文件,企業組織現況,以上皆正確,D,,第一次
113,2024/4/20,保健食品初級工程師,食品科學概論,3,得於常溫貯存及販賣的真空包裝即食食品，不包括下列何者？,水活性在 0.87以下,pH 在 9.0以上,經商業殺菌,天然酸性食品（pH4.6以下）,A,,第二次
113,2024/10/19,保健食品初級工程師,食品科學概論,4,下列何者為合法之食品添加物？,甜精,奶油黃,雙氧水,三聚氰胺,C,,第一次
113,2024/4/20,保健食品初級工程師,食品科學概論,4,食品販賣業者有販賣禽畜產食品者，除應依販賣業者一般規定外，下列規定何者錯誤？,該食品之陳列檯面，應採不易透水及耐腐蝕之材質，且須符合相關衛生標準之規定,販賣場所應有適當洗滌及排水設施,生鮮水產食品應以靜置自來水水槽處理，並避免污染販售之成品,禽畜水產食品之貯存、陳列、販賣，應以適當之溫度及時間管制,C,,第二次
113,2024/10/19,保健食品初級工程師,食品科學概論,5,以下何者可作為食品衛生之指標菌？,沙門氏菌,大腸桿菌,金黃色葡萄球菌,腸炎弧菌 ,B,,第一次
113,2024/4/20,保健食品初級工程師,食品科學概論,5,應辦理檢驗之食品業者，對其產品之主要檢驗項目，下列何者錯誤？,動物性油脂產品：重金屬、農藥殘留、總極性化合物、苯荓比,肉品加工產品：動物用藥殘留,麵粉：真菌毒素,麥類及燕麥產品：真菌毒素、農藥殘留 ,A,,第二次
113,2024/10/19,保健食品初級工程師,食品科學概論,6,下列何者為非准用之加工助劑：,己烷,乙醚,異丙醇,乙酸乙酯,B,,第一次
113,2024/4/20,保健食品初級工程師,食品科學概論,6,基因轉殖啤酒酵母可加速啤酒的發酵，下列何者為主要原因？,加強糖化作用,植入 alpha-澱粉水解酶,減低液化作用以加速發酵,增加限制型糊精水解效率,B,,第二次
113,2024/10/19,保健食品初級工程師,食品科學概論,7,"TQF 管理技術規範中有關洗手消毒室之規定，泡鞋池若使用氯化合物消毒劑，其游離餘
氯濃度應經常保持在多少 ppm 以上？",100,150,200,250,C,,第一次
113,2024/4/20,保健食品初級工程師,食品科學概論,7,目前實施的［食品中微生物衛生標準］對於［生鮮即食蔬果］的要求，下列何者正確？,大腸桿菌 100 MPN/g & 大腸桿菌 O157:H7陰性,腸桿菌科不得檢出&單核球增多性李斯特菌陰性,沙門氏菌陰性&單核球增多性李斯特菌陰性,腸炎弧菌陰性&單核球增多性李斯特菌陰性,C,,第二次
113,2024/10/19,保健食品初級工程師,食品科學概論,8,有關如醬油等利用基因改造大豆製造高層次加工食品的標示，下列何者錯誤？,本產品為基因改造大豆產品,本產品為基因改造大豆製造，但已不含基因改造成分,本產品不含基因改造成分，但加工原料中有基因改造大豆,本產品加工原料中有基因改造大豆，但已不含有基因改造成分,A,,第一次
113,2024/4/20,保健食品初級工程師,食品科學概論,8,黃金米（golden rice）是將何種基因植入稻米？,產生維生素 A 的基因,產生胡蘿蔔素的基因,產生維生素 B 群的基因,富含 alpha-澱粉水解酶活性基的基因,B,,第二次
113,2024/10/19,保健食品初級工程師,食品科學概論,9,有關食品香辛料的描述，下列何者不正確？,可改善質地,增強食品既有香氣與風味,可增強抗菌性,可增強抗氧化性,A,,第一次
113,2024/4/20,保健食品初級工程師,食品科學概論,9,"有關多環芳香烴（Polycyclic Aromatic Hydrocarbons, PAH）的描述，下列何者錯誤？",與燃燒不完全與高溫裂解有關,高溫烹調和煙燻食品建議小於 200 ppb,宜直接煙燻取代傳統液體煙燻以降低高溫加工時間,強致癌物,C,,第二次
113,2024/10/19,保健食品初級工程師,食品科學概論,10,有關雜環胺化合物的描述，下列何者錯誤？,主要由胺基酸轉化而來,葡萄糖也與其形成有關,與梅納反應有關,在250℃處理30 分鐘，魚肉的雜環胺化合物產生量較牛肉高,D,,第一次
113,2024/4/20,保健食品初級工程師,食品科學概論,10,有關酵素性褐變反應的描述，下列何者錯誤？,蝦類與菇類皆因酪胺酸酶引起,同時需要氧化酵素與氧氣存在,可偵測羥甲基糠醛（HMF）監測褐變程度,透過殺菁、調氣包裝等可減緩作用,C,,第二次
113,2024/10/19,保健食品初級工程師,食品科學概論,11,廠商進口芭樂汁，是否可以宣稱[非基因改造]產品？,可以，因為非故意攙雜率<3%,可以，因為芭樂汁屬於高層次加工品,不行，國際上並沒有基因改造芭樂,可自願標示 ,C,,第一次
113,2024/4/20,保健食品初級工程師,食品科學概論,11,在 121℃下，使細菌死滅 90%所需要的時間（分鐘），稱為：,F值,D 值,Z 值,Q 值 ,B,,第二次
113,2024/10/19,保健食品初級工程師,食品科學概論,12,氮氣是新增的食品添加物，其作用為下列何者？,食品工業用化學藥品,品質改良用、釀造用及食品製造用劑,載體,膨脹劑,B,,第一次
113,2024/4/20,保健食品初級工程師,食品科學概論,12,目前實施的［食品中微生物衛生標準］中對［殺菌液蛋］的要求事項，下列何者正確？,總生菌數小於 106 CFU/g,腸桿菌科不得檢出,沙門氏菌陰性,金黃色葡萄球菌陰性,C,,第二次
113,2024/10/19,保健食品初級工程師,食品科學概論,13,有關HACCP 管理制度的敘述，下列何者錯誤？,能有效利用人力、物力資源,強調最終產品檢驗的管理方式,可作為國際食品相互認證的管理基準,可以有效抑制食品污染與危害的發生,B,,第一次
113,2024/4/20,保健食品初級工程師,食品科學概論,13,關於 HACCP 中，對於文件與紀錄之要求，下列何者錯誤？,所有 HACCP 計畫皆需文件化,可自行發行、更新及廢止文件，不須經負責人或其指定人簽署,紀錄經簽署後，還要註記日期，才為有效紀錄,所有紀錄皆應保存至產品有效日期後 5年以上,B,,第二次
113,2024/10/19,保健食品初級工程師,食品科學概論,14,請問關於食品作業場所的配對，何者錯誤？,原材料倉庫屬於一般作業區,成品貯存場屬於準清潔作業區,工廠辦公室屬於非食品處理區,產品內包裝室屬於清潔作業區,B,,第一次
113,2024/4/20,保健食品初級工程師,食品科學概論,14,以下哪一項不是 HACCP 的主要目的？,重視源頭管理,零缺點系統,風險分析,預防管制,B,,第二次
113,2024/10/19,保健食品初級工程師,食品科學概論,15,下列哪一項的配對是合法的？,硼砂-黃油麵,孔雀綠-蜜餞產品,乙烯二胺四醋酸二鈉-非酒精性飲料,鹽基性介黃-醃漬黃蘿蔔,C,,第一次
113,2024/4/20,保健食品初級工程師,食品科學概論,15,通常畜產品在收穫後比水產品更需要透過熟成讓肉質軟化，其主要原因為何？,畜產品自家消化速率較快,畜產品有較豐富的蛋白質,畜產品結締組織較多且緊密,畜產品水分含量較高,C,,第二次
113,2024/10/19,保健食品初級工程師,食品科學概論,16,食品安全驗證方案授權的驗證機構（Certification Body）為何？,財團法人食品工業發展研究所+財團法人中華穀類食品工業技術研究所,財團法人食品工業發展研究所+行政院農業委員會,財團法人中華穀類食品工業技術研究所+衛生福利部食品藥物管理署,財團法人食品工業發展研究所+行政院食品安全辦公室,A,,第一次
113,2024/4/20,保健食品初級工程師,食品科學概論,16,請問關於危害分析的敘述，以下那一項的描述不適宜？,產品描述，也可以以公司同質的產品類別作描述,小組成員不一定要選食品相關科系,預定用途不需要考量到使用者的狀態，如小朋友、老人、特殊疾病患者、孕婦等,小組成員之一一定要有公司負責人或其授權人,C,,第二次
113,2024/10/19,保健食品初級工程師,食品科學概論,17,食品添加物之製造業者及輸入業者，在每批檢驗重金屬時，應包含以下哪些項目？,單方食品添加物成品,複方食品添加物原材料,複方食品添加物成品,以上皆是,D,,第一次
113,2024/4/20,保健食品初級工程師,食品科學概論,17,下列何者歸類於食品添加物的［載體］項目？,丙二醇,三酸甘油酯,氫氣,無水碳酸鈉,A,,第二次
113,2024/10/19,保健食品初級工程師,食品科學概論,18,下列何者不是加工助劑的管理項目？,有准用許可字號,有產品登錄碼,有衛生標準,經去除、過濾或其他加工程序，在最終產品中不具功能,A,,第一次
113,2024/4/20,保健食品初級工程師,食品科學概論,18,依據食品安全衛生管理法之規定，下列敘述何者錯誤？,食品良好衛生規範準則之規範對象包括所有食品業者,食品安全管制系統之規範對象包括所有食品業者,食品良好衛生規範準則是有關食品作業場所、設施及品保制度之管理規定,食品安全管制系統是有關食品從原料至餐桌過程衛生安全之確保,B,,第二次
113,2024/10/19,保健食品初級工程師,食品科學概論,19,HACCP 系統中確認（Verification）項目的四大原則不包括下列何者？,人員,儀器,法規,紀錄,C,,第一次
113,2024/4/20,保健食品初級工程師,食品科學概論,19,"依據食品良好衛生規範準則，食品製造業者若非使用自來水，應針對淨水或消毒之效果指
定專人每日做下列那兩種測定，並做成紀錄？ 甲、pH 值； 乙、總生菌數量； 丙、有效
餘氯量； 丁、大腸桿菌群",甲乙,乙丙,甲丙,丙丁,C,,第二次
113,2024/10/19,保健食品初級工程師,食品科學概論,20,"中央主管機關對於管控安全風險程度較高之食品，得於其輸入前，實施系統性查核，目前
不包含哪項？",蛋品,乳製品,水產品,植物性油脂,D,,第一次
113,2024/4/20,保健食品初級工程師,食品科學概論,20,下列何者不是食品及食品原料應明顯標示之項目？,內容物名稱,食品添加物名稱,有效日期,國外製造廠商,D,,第二次
113,2024/10/19,保健食品初級工程師,食品科學概論,21,食品安全管理系統標準 ISO22000:2018 之架構（或稱要求事項）中不包括下列何者？,範圍,規範性引用標準,相互溝通,術語和定義,C,,第一次
113,2024/4/20,保健食品初級工程師,食品科學概論,21,"中央主管機關為配合農產品溯源制度納入農產品生產及驗證管理法管理，已陸續公告之產
品不包括下列哪一項？",農糧產品,林產品,畜禽水產品,寵物食品,D,,第二次
113,2024/10/19,保健食品初級工程師,食品科學概論,22,"接獲通報疑似食品中毒案件時，對於各該食品業者，得命其限期改善或派送相關食品從業
人員至各級主管機關認可之機關，接受至少幾小時之食品中毒防治衛生講習？",3,4,5,6,B,,第一次
113,2024/4/20,保健食品初級工程師,食品科學概論,22,水產品初級加工場管理辦法是由哪個主管機關制定？,行政院農業委員會,水產試驗所,衛生福利部,食品藥物管理署 ,A,,第二次
113,2024/10/19,保健食品初級工程師,食品科學概論,23,若考量水活性對雜環胺的生成特性，下列何種水活性值的食品可避免產生雜環胺？,0.1,0.3,0.6,0.8,B,,第一次
113,2024/4/20,保健食品初級工程師,食品科學概論,23,目前食品不得標示［健康］字樣於何處？,品名,內容物,營養標示,無限制,A,,第二次
113,2024/10/19,保健食品初級工程師,食品科學概論,24,HACCP 管制小組應確認本系統執行之有效性，每年至少進行幾次內部稽核？,1,2,3,4,A,,第一次
113,2024/4/20,保健食品初級工程師,食品科學概論,24,"保健營養食品 GMP 驗證，申請所需時間為自申請案受理之次日起，最慢幾個月內必須完
成驗證？",3個月,6個月,9個月,12個月,B,,第二次
113,2024/10/19,保健食品初級工程師,食品科學概論,25,"下列有關維生素的安定性之敘述，何者為正確之選項？ a.維生素B 僅於鹼性溶液中對熱
6
安定 b.有鐵鹽存在時，維生素 E 會被空氣快速氧化 c.維生素 B 對強酸、鹼及光線均安
12
定 d.菸鹼酸對酸、鹼、溫度、氧化劑、熱及光線均安定",ac,bd,cd,abd,B,,第一次
113,2024/4/20,保健食品初級工程師,食品科學概論,25,利用高效液相層析（HPLC）直接分析果汁中的有機酸含量，以下何者為較適合的檢測器？,可見光檢測器（visible detector）,螢光檢測器（FD）,火焰離子化檢測器（FID）,示差折射檢測器（RI）,D,,第二次
113,2024/10/19,保健食品初級工程師,食品科學概論,26,"有關天然色素的敘述，下列何者正確？ a.類葉黃素（xanthophyll）是屬於類胡蘿蔔素
（carotenoid）的一種 b.芸香素（rutin）是屬於類黃酮（flavonoid）的一種，與 Fe2+作用
會產生黑色 c.類胡蘿蔔素為水溶性色素 d.花青素（anthocyanin）在強酸性中會呈現藍色",ab,ac,bd,abc,A,,第一次
113,2024/4/20,保健食品初級工程師,食品科學概論,26,"利用分光光度法檢測肉品中亞硝酸鹽含量，檢液製備中加入亞鐵氰化鉀及醋酸鋅，其目的
是作為：",呈色劑,金屬螯合劑,脫油劑,蛋白質沉澱劑,D,,第二次
113,2024/10/19,保健食品初級工程師,食品科學概論,27,欲製備1 L 0.1 mol/L 的KOH溶液，需要從儲備液 18 mol/L的 KOH 溶液取用多少mL？,5.55,2.78,11.1,3.55,A,,第一次
113,2024/4/20,保健食品初級工程師,食品科學概論,27,下列何者與穩定蛋白質立體結構的力量無關？,離子鍵,凡得瓦爾力（Van der Waals' force）,共價鍵,氫鍵,A,,第二次
113,2024/10/19,保健食品初級工程師,食品科學概論,28,有關醣類結構特性之敘述，下列何者正確？,果糖的環狀結構為六環,甘露糖是一種六碳醛糖,半乳糖屬於酮糖,葡萄糖為左旋糖，旋光度為- 52.2度,B,,第一次
113,2024/4/20,保健食品初級工程師,食品科學概論,28,請問下列那一種食品膠體之來源不是高等植物？,原果膠,阿拉伯膠,三仙膠,關華豆膠 ,C,,第二次
113,2024/10/19,保健食品初級工程師,食品科學概論,29,漁獲物屠宰後生化變化直接影響到漁產品的鮮美程度，下列敘述何者有誤？,高度緊迫會加速進入僵直期,ATP 耗盡啟動死後僵直程序,肌肉組織軟化主要與肌原纖維蛋白降解有關,核苷酸和游離胺基酸對鮮甜味貢獻很大,C,,第一次
113,2024/4/20,保健食品初級工程師,食品科學概論,29,小麥磨粉後需經老化（aging）始具黏彈性，其主要形成何種鍵結的網狀結構？,共價鍵,雙硫鍵,氫鍵,疏水鍵,B,,第二次
113,2024/10/19,保健食品初級工程師,食品科學概論,30,肉品中的肌紅素受到硫化氫和氧氣影響形成硫肌紅素時，肉品會呈現什麼顏色？,綠色,紅色,橘色,棕色,A,,第一次
113,2024/4/20,保健食品初級工程師,食品科學概論,30,下列何者為貝類主要的鮮味成分？,麩胺酸鈉（monosodium glutamate）,5-次黃嘌呤核苷酸（5-inosinic monophosphate）,琥珀酸鈉（sodium succinate）,5-鳥糞嘌呤核苷酸（5-guanosine monophosphate）,C,,第二次
113,2024/10/19,保健食品初級工程師,食品科學概論,31,下列何者與油脂氧化酸敗的測定數值無關？,酸價,皂化價,過氧化價,TBA值,B,,第一次
113,2024/4/20,保健食品初級工程師,食品科學概論,31,"離子交換層析輔以管柱後茚三酮（ninhydrin）偵測法是定量胺基酸分析中最常使用的方法
之一，何者有誤？",會產生特徵性的紫色或黃色產物,大部分胺基酸呈紫色，最大吸收波長為 570 nm,離胺酸因側鏈上多了胺基，會呈黃色，最大吸收波長為440 nm,大部分胺基酸在 20~500 pmol呈線性關係,C,,第二次
113,2024/10/19,保健食品初級工程師,食品科學概論,32,"最近市面上流行的rTG（Re-esterified Triglyceride）魚油，宣稱其加工技術可提高 Omega-3
脂肪酸的濃度至80%以上，下列何者不是Omega-3脂肪酸？",Eicosapentaenoic acid,Pentadecylic acid,Docosahexaenoic acid,Linolenic acid,B,,第一次
113,2024/4/20,保健食品初級工程師,食品科學概論,32,"烏梅蜜餞 10克添加月桂酸 15 μg，經前處理以乙醚萃取得上層液 2 mL，取 1 μL 注入氣相
層析管柱得己二烯酸吸收峰面積為 36000，月桂酸吸收峰面積為 6000，上二者之校正因子
為 1，則烏梅含己二烯酸之量為？",90 mg/kg,45 mg/kg,9 mg/kg,4.5 mg/kg,C,,第二次
113,2024/10/19,保健食品初級工程師,食品科學概論,33,哪種水分分析法較適用於測定高糖高蛋白低水分的樣品？,紅外線水分計法,減壓加熱乾燥法,卡爾費雪法,蒸餾法 ,C,,第一次
113,2024/4/20,保健食品初級工程師,食品科學概論,33,有關電子捕獲檢測器（ECD）的描述，何者有誤？,有不錯的線性感應範圍,廣泛應用檢測農藥和殺蟲劑的殘留,對鹵素化合物和帶共軛雙鍵的化合物有很好的感應,優質的特異性和靈敏度 ,A,,第二次
113,2024/10/19,保健食品初級工程師,食品科學概論,34,除非經中央主管機關核准，罐頭食品不可添加下列何者？,甜味劑,著色劑,防腐劑,乳化劑,C,,第一次
113,2024/4/20,保健食品初級工程師,食品科學概論,34,有關生蛋蒸煮成茶葉蛋後之生化變化的描述何者正確？,破壞一級結構,更容易被消化,結晶性變強,溶解度上升,B,,第二次
113,2024/10/19,保健食品初級工程師,食品科學概論,35,"下列有關油脂之自氧化作用（autoxidation）的敘述，請選出正確的選項？ a.脂肪酸不飽
和程度愈高則愈容易發生自氧化作用 b.氧氣是油脂自氧化作用的基質之一 c.紅外線比紫
外線有較高的油脂自氧化催化能力 d.溫度愈高，自氧化作用的速率愈快",abcd,abc,abd,cd,C,,第一次
113,2024/4/20,保健食品初級工程師,食品科學概論,35,下列有關於蛋白質與其溶解度之配對何者有誤？,彈性蛋白（elastin）—難溶於水,穀膠蛋白（gliadin）—可溶於 70-90%酒精溶液，但不溶於水,白蛋白（albumin）—可溶於水以及稀鹽、稀酸或稀鹼溶液,肌紅蛋白（myoglobin）—可溶於水以及稀酸或稀鹼溶液,D,,第二次
113,2024/10/19,保健食品初級工程師,食品科學概論,36,"下列有關直鏈澱粉與支鏈澱粉的敘述，請選出正確之選項？ a.兩者均具有 α-1, 4及α-1, 6 
的鍵結 b.支鏈澱粉可包覆碘分子而顯現出藍色 c.支鏈澱粉和直鏈澱粉皆不溶於冷水中，
易有沉澱現象產生 d.支鏈澱粉膨脹性比直鏈澱粉大",ac,cd,bc,bcd,B,,第一次
113,2024/4/20,保健食品初級工程師,食品科學概論,36,澱粉糊化有三個階段，下列何者的順序正確？,不可逆吸水-可逆吸水-澱粉粒解體,可逆吸水-不可逆吸水-澱粉粒解體,不可逆吸水-澱粉粒解體-可逆吸水,可逆吸水-澱粉粒解體-不可逆吸水,B,,第二次
113,2024/10/19,保健食品初級工程師,食品科學概論,37,下列何者為正確的凱氏氮定量法的實驗步驟？,消化分解滴定蒸餾,消化分解蒸餾滴定,蒸餾消化分解滴定,滴定蒸餾消化分解,B,,第一次
113,2024/4/20,保健食品初級工程師,食品科學概論,37,"最近市面上流行的 rTG（Re-esterified Triglyceride）魚油，宣稱其加工技術可提高 Omega-3
脂肪酸的濃度至 80%以上，下列何者不是 Omega-3脂肪酸？",Eicosapentaenoic acid,Pentadecylic acid,Docosahexaenoic acid,Linolenic acid,B,,第二次
113,2024/10/19,保健食品初級工程師,食品科學概論,38,"水活性測定儀利用氣流吹過食品上方，再以冷金鏡（chilled gold mirror）量測流動氣流之
哪一種物理特性？",熔點（melting point）,露點（dew point）,揮發點（volatile point）,三相點（triple point） ,B,,第一次
113,2024/4/20,保健食品初級工程師,食品科學概論,38,"依據我國「食品添加物使用範圍及限量暨規格標準」之規定，銅葉綠素鈉不得添加於下列
何種食品？",烘焙食品,油類食品,錠狀食品,蔬菜及水果之貯藏品,B,,第二次
113,2024/10/19,保健食品初級工程師,食品科學概論,39,下列何種氣相層析儀偵測器最適合測定有機氯農藥之殘留？,電子捕捉偵測器（ECD）,熱傳導型偵測器（TCD）,火焰離子偵測器（FID）,火焰光度偵測器（FPD）,A,,第一次
113,2024/4/20,保健食品初級工程師,食品科學概論,39,臺灣食品營養標示法規規範得免營養標示之包裝食品中，不包括下列何者？,衛生冰塊,礦泉水,電解水,鹽 ,C,,第二次
113,2024/10/19,保健食品初級工程師,食品科學概論,40,"樣品利用螢光光度計分析雞蛋中維生素 B 含量，設定的激發光波長及螢光檢測波長分別
2
為？",458 nm，606 nm,440 nm，565 nm,365 nm，435 nm,330 nm，436 nm,B,,第一次
113,2024/4/20,保健食品初級工程師,食品科學概論,40,我國規範檢驗食品中動物用藥殘留之 21項乙型受體素中，不包含下列何者？,孔雀綠（Aniline green）,萊克多巴胺（Ractopamine）,西布特羅（Cimbuterol）,克倫特羅（Clenbuterol）,A,,第二次
113,2024/10/19,保健食品初級工程師,食品科學概論,41,有關蛋白質變性之敘述，下列何者錯誤？,蛋白質變性後溶解度會降低,蛋白質在低溫下易受冰晶影響而變性,蛋白質變性可能為可逆反應亦可能為不可逆反應,蛋白質變性主要是因一級結構被破壞所導致,D,,第一次
113,2024/4/20,保健食品初級工程師,食品科學概論,41,有關油脂加工製造的氫化技術敘述，下列何者錯誤？,使油脂熔點提高、增加可塑性,使油脂之飽和單鍵（C-C）轉為不飽和雙鍵（C=C）,通常需要在高壓下行氫化作用,通常需要金屬當催化劑,B,,第二次
113,2024/10/19,保健食品初級工程師,食品科學概論,42,煮飯時若水分不足，容易無法煮熟，其主要原因是？,澎潤溫度降低,老化溫度升高,糊化溫度提高,不可逆吸水溫度降低,C,,第一次
113,2024/4/20,保健食品初級工程師,食品科學概論,42,有關營養標示中熱量的計算方式，下列何者錯誤？,以計算加總獲得,碳水化合物項下標示膳食纖維者，其膳食纖維熱量可忽略不計,有機酸之熱量得以每公克 3大卡計算,每份熱量計算方式，可以用每一百公克（或毫升）的熱量換算之,B,,第二次
113,2024/10/19,保健食品初級工程師,食品科學概論,43,"亞硝酸鹽為食品添加物，常被使用於香腸、臘肉、火腿、培根等食物中，下列敘述何者有
誤？",與肌紅素形成氧化氮肌紅素（nitrosomyoglobin）,主要與一級胺形成致癌物亞硝胺（nitrosoamine）,可抑制肉毒桿菌生長,在食品添加物的分類為保色劑 ,B,,第一次
113,2024/4/20,保健食品初級工程師,食品科學概論,43,欲製備 1 L 0.1 mol/L 的 KOH 溶液，需要從儲備液 18 mol/L 的 KOH 溶液取用多少 mL？,5.55,2.78,11.1,3.55,A,,第二次
113,2024/10/19,保健食品初級工程師,食品科學概論,44,以下何者不是油脂檢驗與品質鑑定的常見指標？,過氧化價（peroxide value）,共軛雙烯量（conjugated diene）,單酸甘油酯量（monoglyceride）,活性氧方法（active oxygen method）,C,,第一次
113,2024/4/20,保健食品初級工程師,食品科學概論,44,吸濕性較大的糖（ ）適合用於烘焙食品以延緩澱粉的（ ）作用？,葡萄糖，糊化,甘露糖，老化,轉化糖，老化,果糖，糊化,C,,第二次
113,2024/10/19,保健食品初級工程師,食品科學概論,45,魚漿煉製品和貢丸產品加工擂潰是針對何種蛋白質？,水溶性蛋白質,鹽溶性蛋白質,膠原蛋白,結締組織,B,,第一次
113,2024/4/20,保健食品初級工程師,食品科學概論,45,有關類類胡蘿蔔素敘述何者有誤？,自然界以反式比例較高,可能因高溫氧化引起異構化,順式：反式為 1：2時，人體吸收率較佳,存在不飽和油脂含量高的食品時，受高溫破壞越明顯 ,C,,第二次
113,2024/10/19,保健食品初級工程師,食品科學概論,46,"在食品加工上，脂解酶（lipase）可在何種環境下透過酯化／交酯化而生合成富含風味的
酯類？",低水活性,低脂溶性,高溫,低有機溶劑,A,,第一次
113,2024/4/20,保健食品初級工程師,食品科學概論,46,漁獲物屠宰後生化變化直接影響到漁產品的鮮美程度，下列敘述何者有誤？,高度緊迫會加速進入僵直期,ATP 耗盡啟動死後僵直程序,肌肉組織軟化主要與肌原纖維蛋白降解有關,核苷酸和游離胺基酸對鮮甜味貢獻很大,C,,第二次
113,2024/10/19,保健食品初級工程師,食品科學概論,47,有關電子自旋共振（ESR）分析的描述，何者有誤？,檢測自由基,檢測三重態分子,樣品水分太低會干擾共振效果,檢測順磁性金屬離子,C,,第一次
113,2024/4/20,保健食品初級工程師,食品科學概論,47,以下何者不是巧克力引起糖霜（sugar/fat bloom）的常見因素？,調溫不完全，缺乏穩定的結晶態,巧克力冷卻時相對濕度低導致乾燥速率不一,儲存溫度變動過大,"醣類結晶析出 
A",B,,第二次
113,2024/10/19,保健食品初級工程師,食品科學概論,48,有關感應耦合電漿發射光譜法（ICP-AES）的描述，電漿火焰主要為下列何種氣體？,氫氣,氬氣,氦氣,氧氣,"A,B",答案有更正,第一次
113,2024/4/20,保健食品初級工程師,食品科學概論,48,脂肪酸丙二醇酯為親脂性食品乳化劑，其應用的功能不包含以下哪項？,產品體積不變,因酯類取代油脂降低熱量而減少肥胖產生,增加蛋糕保水力,讓脂肪在蛋糕糊中均勻分布,B,,第二次
113,2024/10/19,保健食品初級工程師,食品科學概論,49,營養標示中[碳水化合物]的計算方式？,100(%)-蛋白質(%)-脂肪(%)-水分(%)-灰分(%),100(%)-蛋白質(%)-脂肪(%)-水分(%)-粗纖維(%),100(%)-總熱量(%)-蛋白質(%)-脂肪(%)-水分(%)-灰分(%),100(%)-蛋白質(%)-脂肪(%)-水分(%)-灰分(%)-維生素與礦物質(%) ,A,,第一次
113,2024/4/20,保健食品初級工程師,食品科學概論,49,不當減重時，身體會產生酮酸中毒症。導致此症狀是因下列何種狀況？,無糖可代謝，熱能改由脂肪供應,糖類代謝旺盛,神經病變,食用過多酮糖,A,,第二次
113,2024/10/19,保健食品初級工程師,食品科學概論,50,"近期食品安全事件中於辣椒粉中驗出蘇丹紅色素，在公告方法中以液相層析串聯質譜儀方
法測得蘇丹紅一號之定量離子對為下列何者？",m/z 277 > m/z 156,m/z 381 > m/z 224,m/z 249 > m/z 128,m/z 353 > 3 m/z 156,C,,第一次
113,2024/4/20,保健食品初級工程師,食品科學概論,50,紅肉與白肉有不同的肉品利用價值，何者對紅肉敘述有誤？,適合短暫劇烈性運動,較高氧化型代謝反應,粒線體數目較多,脂肪含量較高,A,,第二次
113,2024/10/19,保健食品初級工程師,食品科學概論,51,大豆沙拉油經那一種加工處理，最容易產生反式脂肪酸？,脫膠,漂白,冬化,氫化,D,,第一次
113,2024/4/20,保健食品初級工程師,食品科學概論,51,對於傳統果蔬罐頭的製造步驟，下列製作順序何者正確？,脫氣密封充填殺菌,脫氣充填密封殺菌,充填密封脫氣殺菌,充填脫氣密封殺菌,D,,第二次
113,2024/10/19,保健食品初級工程師,食品科學概論,52,下列何者不是蛋白質的測定方法：,凱氏定氮法,雙縮脲法,碘量法,福林酚法,C,,第一次
113,2024/4/20,保健食品初級工程師,食品科學概論,52,市售魚丸的製程中，下列哪個製程可去除酵素、胺、尿素等具腥臭味之物質？,水漂,擂潰,除筋,加熱成形,A,,第二次
113,2024/10/19,保健食品初級工程師,食品科學概論,53,下列何者適合用來評估長時間高溫油炸油的氧化指標？,皂化價,極性物質含量,過氧化價,碘價,B,,第一次
113,2024/4/20,保健食品初級工程師,食品科學概論,53,"一般冷凍調理食品依法規規定需於攝氏幾度下貯藏，可防止微生物、酵素與化學反應的品
質劣化？",0 ℃,-10 ℃,-12 ℃,-18 ℃,D,,第二次
113,2024/10/19,保健食品初級工程師,食品科學概論,54,下列何種胺基酸分子含有硫元素？,半胱胺酸（cysteine）,白胺酸（leucine）,酪胺酸（tyrosine）,組胺酸（histidine）,A,,第一次
113,2024/4/20,保健食品初級工程師,食品科學概論,54,"採用特殊的材料或裝置，在食品包裝後會與內部的空氣或包材產生交互作用，以達到延長
食品儲存期限的目的為下列何者？",智能包裝（Intelligent package）,智慧包裝（Smart package）,活性包裝（Active package）,互動式包裝（connected package）,C,,第二次
113,2024/10/19,保健食品初級工程師,食品科學概論,55,CNS 中規範的天然果汁合格品質標準之測定項目中，不包括下列何者？,灰分,粗蛋白含量,可溶性固形物,可滴定酸度 ,B,,第一次
113,2024/4/20,保健食品初級工程師,食品科學概論,55,組織化植物蛋白（俗稱人造肉）是利用下列那種加工技術製得？,奈米技術,膜處理技術,鼓型加工技術,擠壓加工技術,D,,第二次
113,2024/10/19,保健食品初級工程師,食品科學概論,56,"大陸三鹿毒奶粉食品安全事件中之攙偽三聚氰胺以提高其蛋白質含量，當初若使用下列何
者檢測方法可準確量測出其蛋白質正確含量？",凱氏定氮法,雙縮脲法,杜馬斯燃燒測氮法,索氏萃取重量法,B,,第一次
113,2024/4/20,保健食品初級工程師,食品科學概論,56,在傳統的紅外線吸收光譜圖之圖例中，請問 X軸與 Y 軸分別是哪兩個變因？,吸光度、波數,吸光度、頻率,波數、吸光度,頻率、吸光度,C,,第二次
113,2024/10/19,保健食品初級工程師,食品科學概論,57,在魚漿加工過程下，有關凝膠結構崩解的最佳溫度範圍為？,41~50℃,51~60℃,61~70℃,71~80℃,C,,第一次
113,2024/4/20,保健食品初級工程師,食品科學概論,57,一般食品中氮的組成通常占蛋白質含量的多少百分比？,6-12%,13-19%,21-26%,27-35% ,B,,第二次
113,2024/10/19,保健食品初級工程師,食品科學概論,58,下列何種處理方法，為利用水形成之空泡（洞）作用來清洗果實？,浮游洗淨法（flotationcleaningwashing）,超音波洗淨法（ultrasoniccleaning）,酵素處理法（enzymetreatment）,超過濾法（ultrafiltration）,B,,第一次
113,2024/4/20,保健食品初級工程師,食品科學概論,58,"利用水蒸汽蒸餾法檢測 SO 殘留量時，在檢液製備過程中加入聚矽酮油（silicone oil）的
2
主要目的為何？",增加萃取率,使檢液呈現顏色以便於觀察,防止乳化,消除泡沫,D,,第二次
113,2024/10/19,保健食品初級工程師,食品科學概論,59,"中式麵食加工可分為許多種類如冷水麵食、燙麵麵食、發酵麵食、發粉麵食等，下列何種
產品屬於燙麵麵食？",鍋貼,生鮮麵條,銀絲捲,水餃,A,,第一次
113,2024/4/20,保健食品初級工程師,食品科學概論,59,食品藥物管理署公告的檢驗方法中，針對食品有害重金屬可用下列何法測得？,比重法,高效液相層析串聯質譜法,比色法,感應耦合電漿質譜法,D,,第二次
113,2024/10/19,保健食品初級工程師,食品科學概論,60,"某水產加工品的主要製作流程如下：原料→擠血→鹽醃→水洗、脫鹽→整形→乾燥→成品
下列何者為該製品？",魚翅,鹽鯖,魷魚乾,烏魚子 ,D,,第一次
113,2024/4/20,保健食品初級工程師,食品科學概論,60,"微生物的繁殖必須要有一定量之水分來源，其可用 Aw 來評估，有關下列微生物能夠繁殖
之 Aw 最低限度，何者最高？",嗜鹽性細菌,細菌,酵母菌,黴菌,B,,第二次
113,2024/10/19,保健食品初級工程師,食品科學概論,61,"傳統發酵食品於發酵過程中，同時會有黴菌、酵母菌與細菌等微生物參與作
用的為下列哪二種？ a.啤酒 b.葡萄酒 c.醬油 d.米醋",ab,ac,bd,cd,D,,第一次
113,2024/4/20,保健食品初級工程師,食品科學概論,61,食品中礦物質與哪項生化功能較無直接關係？,滲透壓調節,供給熱量,酸鹼平衡,氧化還原電位,"A,B,C,D",答案有更正,第二次
113,2024/10/19,保健食品初級工程師,食品科學概論,62,下列油脂何者比較容易氧化酸敗？,大豆油,棕櫚油,豬油,牛油,A,,第一次
113,2024/4/20,保健食品初級工程師,食品科學概論,62,有關判定魚類新鮮程度的方法，下列何者可判定魚類仍屬新鮮狀態？,魚類之揮發性鹽基態氮（VBN）為 50 mg/,魚體略帶有海藻味,魚肉 pH 值為 8.0,魚體之生菌數為 108 CFU/g ,B,,第二次
113,2024/10/19,保健食品初級工程師,食品科學概論,63,冷凍魚片發生褐變（brown meat）的主要原因是？,肌紅蛋白氧化（配位金屬成為 Fe+3）,肌紅蛋白氧合（配位金屬成為 Fe+2）,血紅蛋白氧化（配位金屬成為 Fe+3）,血紅蛋白氧合（配位金屬成為 Fe+2）,A,,第一次
113,2024/4/20,保健食品初級工程師,食品科學概論,63,"下列敘述，何者為錯誤的選項？ a.啤酒製造時，糖化是利用麴菌所產生的糖化酵素將澱
粉分解 b.傳統高粱酒採液態發酵、液態蒸餾的方式進行高粱酒釀造 c.紹興酒的主原料
包含小麥、蓬萊糙米、圓糯糙米三種穀類 d.紅葡萄酒釀造時，添加偏亞硫酸氫鉀可以抑
制雜菌之生長及有助於花青素的溶出",ab,bc,cd,ad,A,,第二次
113,2024/10/19,保健食品初級工程師,食品科學概論,64,有些緊迫敏感基因動物，屠宰後成為暗乾肉（DFD）或水漾肉（PSE）等劣質肉，原因是？,消耗許多能量、死後醣解緩慢、pH偏高、保水力下降，造成 PSE,醣解太快、ATP 大量降解、pH急遽下降、保水力下降，造成 PSE,醣解太快、ATP 大量降解、pH急遽下降、保水力下降，造成 DFD,消耗許多能量、死後醣解緩慢、pH偏高、保水力下降，造成 DFD,B,,第一次
113,2024/4/20,保健食品初級工程師,食品科學概論,64,"有關食品解凍的敘述，下列哪二項正確？ a.解凍的定義為吸收熱能使凍結食品內的冰結
晶昇華，恢復原狀 b.冷凍水餃最適合的解凍方法是調理解凍 c.液體（鹽水）解凍法不
適合魚類解凍，因會增加水溶性蛋白質溶出 d.微波解凍可減少解凍後汁液流失，縮短解
凍時間",ab,ac,bd,cd,C,,第二次
113,2024/10/19,保健食品初級工程師,食品科學概論,65,有關食品材料的微細化技術，下列何種方法在操作過程中最不會產生或涉及高溫？,噴霧乾燥,介質研磨粉碎,超臨界流體減壓膨脹法,高功率超音波,C,,第一次
113,2024/4/20,保健食品初級工程師,食品科學概論,65,下列何種胺基酸在膠原蛋白中的含量最少？,脯胺酸（proline）,羥脯胺酸（hydroxyproline）,甘胺酸（glycine）,酪胺酸（tyrosine）,D,,第二次
113,2024/10/19,保健食品初級工程師,食品科學概論,66,為了確保低酸性罐頭食品的安全性及理想的貯存性，熱殺菌時應注意？,F0值至少大於等於 3,LSV值應大於或等於零點二,殺菌目標是肉毒梭菌營養細胞,殺菌目標是肉毒毒素 ,A,,第一次
113,2024/4/20,保健食品初級工程師,食品科學概論,66,"有關亞硫酸鈉的敘述，下列何者正確？ (1)是食品添加物中的漂白劑、(2)具有強氧化力及
破壞氧化酵素作用，可防止脫水蔬果褐變、(3)可幫助維持紅葡萄酒的色澤、(4)金針乾製
品二氧化硫殘留劑量為 4.0 g/kg 以下、(5)糖漬果實類、蝦類及貝類殘留量計為 4.0 g/kg
以下",(1)(2)(3),(1)(2)(4),(1)(3)(4),(1)(3)(5),C,,第二次
113,2024/10/19,保健食品初級工程師,食品科學概論,67,"(1)脫膠、(2)脫色、(3)冬化、(4)脫臭、(5)脫酸等處理，是使植物粗萃油的品質穩定減緩劣
變的精製步驟，依序應為？",(1)(5)(2)(4)(3),(5)(1)(2)(3)(4),(5)(4)(3)(2)(1),(1)(2)(3)(4)(5),A,,第一次
113,2024/4/20,保健食品初級工程師,食品科學概論,67,牛乳以低溫殺菌訴求是比超高溫（UHT）殺菌保留較多的成分，為下列何者？,免疫球蛋白,酪蛋白,乳糖,乳脂肪,A,,第二次
113,2024/10/19,保健食品初級工程師,食品科學概論,68,"生鮮處理廠為超商供應之預備餐（prepared dishes），在食物經加熱後，常利用下列何種方
法加速冷卻以維持品質？",壓差冷卻,在減壓增濕環境降溫,在急速凍結室降溫,在冷氣機下吹送冷風,A,,第一次
113,2024/4/20,保健食品初級工程師,食品科學概論,68,穀物在下列何種條件下貯存，容易產生黃麴毒素？,相對濕度 75%以下,通氣良好,20-30 ℃,添加適量防腐劑,C,,第二次
113,2024/10/19,保健食品初級工程師,食品科學概論,69,"新鮮水果榨汁並充填於塑膠瓶中密封後，以下列種方式加工，除增加保存性外，最能使果
汁產品保有原始水果風味？",熱充填包裝,高壓加工（HPP）,微波殺菌,高脈衝電場（HPEF）,B,,第一次
113,2024/4/20,保健食品初級工程師,食品科學概論,69,醃漬成功的高麗菜，在加鹽發酵後期的優勢菌是？,醋酸菌,乳酸菌,大腸菌群,黴菌,B,,第二次
113,2024/10/19,保健食品初級工程師,食品科學概論,70,為避免粉末產品貯存時吸濕而影響流動性，可以添加下列何種物質？,抗結塊劑,結著劑,膨脹劑,品質改良、釀造及食品製造用劑,A,,第一次
113,2024/4/20,保健食品初級工程師,食品科學概論,70,下列何者不是水產煉製品於製造時進行水漂（漂洗）的目的？,提高水溶性蛋白質的含量,消除魚腥臭,使製品顏色變白,增強製品之彈性,A,,第二次
113,2024/10/19,保健食品初級工程師,食品科學概論,71,提高二氧化碳濃度的調氣包裝可延長蔬果貯存壽命，原理是？,促進產生乙烯,促進產生植化素,促進後熟,降低呼吸速率 ,D,,第一次
113,2024/4/20,保健食品初級工程師,食品科學概論,71,下列何種方法無法降低食品的水活性（Aw）？,加鹽醃漬,添加葡萄糖,乾燥脫水,冷凍後再解凍,D,,第二次
113,2024/10/19,保健食品初級工程師,食品科學概論,72,下列何者對牛肉貯存過程中產生鮮美風味貢獻最大？,真空調理食品（Sous-vide）中牛肉低溫長時間烹調,濕式熟成牛肉的自家消化,乾式熟成牛肉表面黴菌代謝產物,重組牛排中添加明膠,C,,第一次
113,2024/4/20,保健食品初級工程師,食品科學概論,72,生產低熱量果醬時，利用鈣離子促進凝膠，所以要選擇？,未成熟水果,過熟水果,低甲氧基果膠的水果,高甲氧基果膠的水果 ,C,,第二次
113,2024/10/19,保健食品初級工程師,食品科學概論,73,"罐頭食品在充填時，食品上層與罐蓋間都會留一部分空間，稱為上部空隙，其高度一般不
得高於罐內高度之？",  1/10,  1/5 ,  1/3 ,  1/2 ,A,,第一次
113,2024/4/20,保健食品初級工程師,食品科學概論,73,下列有關馬鈴薯發芽劣變的敘述，何者正確？,放冰箱中產生乙烯，可抑制發芽,放在陽光照射處促進代謝，可抑制發芽,芽含有配醣生物鹼，仍可食用,可用放射線處理，抑制發芽,D,,第二次
113,2024/10/19,保健食品初級工程師,食品科學概論,74,有關濃縮食品之加工技術之敘述，下列何者正確？,利用二重釜進行液體食品的濃縮，可採開放式或配合減壓方式進行之,利用蒸發器進行液體食品的濃縮，可採開放式或配合減壓方式進行之,冷凍濃縮須於低於水的三相點之溫度及壓力下進行之,薄膜濃縮技術，可採開放式或配合減壓方式進行之,B,,第一次
113,2024/4/20,保健食品初級工程師,食品科學概論,74,添加偏鹼性（pH>7）的聚磷酸鹽主要可避免何種食品劣變？,減少離子強度，增加肉品保水性,減少乳化食品離漿（syneresis）現象，增加分散穩定性,作為膨鬆劑，維持烘焙產品的蓬鬆性,促進乳化食品離漿（syneresis）現象，增加分散穩定性,B,,第二次
113,2024/10/19,保健食品初級工程師,食品科學概論,75,利用食物介電性質，可快速加熱並乾燥食物的是？,遠紅外線處理,微波技術,電阻加熱,放射線處理,B,,第一次
113,2024/4/20,保健食品初級工程師,食品科學概論,75,添加在香腸、鴨賞等產品中的亞硝酸鹽，其主要目的是：,主要目的是抑制黴菌生長,為紅色色素，使肉品保持紅潤,在加熱前與血紅蛋白結合成亞硝酸胺，稱為鹽漬肉色,作為保色劑,D,,第二次
113,2024/10/19,保健食品初級工程師,食品科學概論,76,下列何種產品需要使用凝乳酶（rennin）製作？,乳酪（butter）,酸酪乳（yogurt）,乾酪（cheese）,豆腐乳（fermented bean curd） ,C,,第一次
113,2024/4/20,保健食品初級工程師,食品科學概論,76,"馬口鐵皮裝之罐頭食品，已經過商業殺菌，但產品有效日期大多為 3年左右，無法永久貯
存的主要原因是考量：",未添加防腐劑,罐壁腐蝕,真空度減少,殺菌不完全,B,,第二次
113,2024/10/19,保健食品初級工程師,食品科學概論,77,根據我國食品良好衛生規範準則，食品販賣業者對於食品之熱藏，其溫度應保持在？,攝氏60度以上,攝氏50度以上,攝氏45度以上,攝氏40度以上,A,,第一次
113,2024/4/20,保健食品初級工程師,食品科學概論,77,殺菌溫度過高易造成乳品有加熱臭而影響風味，主要是何種成分裂解？,乳脂,免疫球蛋白,乳鐵蛋白,β-乳球蛋白 ,D,,第二次
113,2024/10/19,保健食品初級工程師,食品科學概論,78,組織胺是水產品重要的品質指標，組織胺含量升高的原因是？,水產品貯存溫度過低,水產品鮮度佳,魚肉中的組胺酸氧化,魚類腸內菌酵素的組胺酸脫羧作用,D,,第一次
113,2024/4/20,保健食品初級工程師,食品科學概論,78,"皮蛋於剝殼後，其表層會出現白色的松枝結晶，可能原因為下列哪一種胺基酸形成的結晶
狀物？",甲硫胺酸,酪胺酸,離胺酸,甘胺酸,B,,第二次
113,2024/10/19,保健食品初級工程師,食品科學概論,79,為改善稻穀的貯存性及保留維生素 B群，稻穀經浸泡、蒸煮、乾燥後的產品稱為？,預糊化澱粉,抗解澱粉,發芽米,蒸穀米,D,,第一次
113,2024/4/20,保健食品初級工程師,食品科學概論,79,生理活性成分製備成軟膠囊保健食品，最常使用的囊壁成分是？,關華豆膠,蟲膠,膠原蛋白,明膠,D,,第二次
113,2024/10/19,保健食品初級工程師,食品科學概論,80,下列何者是可以添加在食品中的天然紅色色素？,甜菜苷,蘇丹紅,食用紅色四十號,"食用紅色四十號鋁麗基 
 
 
以 下 空 白",A,,第一次
113,2024/4/20,保健食品初級工程師,食品科學概論,80,蛋白質在食品加工脫水處理下的變化涵蓋下列何者？,蛋白質-蛋白質交互作用,蛋白質大量聚集,蛋白質溶解度下降,以上皆是 ,D,,第二次
114,2025/4/19,保健食品初級工程師,保健食品概論,1,"國內法規規定，何時開始製造的產品不得使用糞腸球菌（Enterococcus faecalis）作為食品
原料使用（以製造為主）？",中華民國107年 1月1日,中華民國107年 7月1日,中華民國108年 1月1日,中華民國109年 1月1日,B,,第一次
114,2025/4/19,保健食品初級工程師,保健食品概論,2,目前已通過健康食品延緩衰老功能認證的產品，下列何者是其保健成分原料？,β-聚葡萄糖,管花肉蓯蓉苯乙醇苷,魚油,紅麴,B,,第一次
114,2025/4/19,保健食品初級工程師,保健食品概論,3,申請健康食品查驗的產品，對其保健功效評估報告的審查，何為為非？,試驗產品應是申請的最終產品,人體食用研究者應有人體研究倫理審查委員會同意書,動物實驗應有試驗執行機構之實驗動物照護及使用委員會或小組同意書,應有二批結果報告，其中至少一批檢驗完成日期需在三年內,D,,第一次
114,2025/4/19,保健食品初級工程師,保健食品概論,4,"兩種保健食品分別為牛樟芝固態培養菌絲體膠囊和牛樟芝椴木栽培子實體膠囊，欲申請
健康食品認證，請問此兩種產品共同需進行的安全性評估項目為何？ a:基因毒性 b:28 天
餵食毒性試驗 c:90 天餵食毒性試驗 d:致畸試驗 e:致癌性試驗 f:繁殖試驗。",a,"a,b","a,c,d","a,c,d,e,f",C,,第一次
114,2025/4/19,保健食品初級工程師,保健食品概論,5,"下列有關二甲基黃（dimethyl yellow）之敘述：a.曾被用做人造奶油食用色素 b.動物實驗
發現其會致癌 c.屬用途限定食物染劑 d.訂定有限量標準，下列何者不正確？",a,cd,acd,abcd,B,,第一次
114,2025/4/19,保健食品初級工程師,保健食品概論,6,下列有關反式脂肪之敘述何者為錯誤？,人造的反式脂肪主要來自於經過氧化的植物油,攝取過多反式脂肪會增加罹患心血管疾病風險,天然的乳製品也可能存在反式脂肪,我國規定於營養標示內應標示反式脂肪項目,A,,第一次
114,2025/4/19,保健食品初級工程師,保健食品概論,7,糞腸球菌、尿腸球菌做為健康食品原料，需要的安全性證明，下列何者為非？,基因毒性試驗,90天餵食毒性試驗,致癌性試驗,毒力相關因子檢測,C,,第一次
114,2025/4/19,保健食品初級工程師,保健食品概論,8,目前獲得健康食品健食規字號的產品都具有何種功能？,牙齒保健功能,胃腸功能改善,免疫調節功能,調節血脂功能,D,,第一次
114,2025/4/19,保健食品初級工程師,保健食品概論,9,食品中添加「碳酸鎂」作為品質改良劑時，使用限量為 5 g/kg 以下，下列何者符合規定？,膠囊每顆500 mg 中含有碳酸鎂2 mg,每150 kg食品中含有碳酸鎂 0.8 kg,500顆錠狀食品（每顆 200 mg）總計含有碳酸鎂 2 g,每25 kg食品中含有碳酸鎂 150 g,A,,第一次
114,2025/4/19,保健食品初級工程師,保健食品概論,10,下列何者不是健康食品護肝保健功效評估方法中，可進行的肝損傷模式？,疲勞性肝損傷,四氯化碳誘發化學性肝損傷,酒精液態飼料誘導酒精性脂肪肝,止痛藥物乙醯胺基苯酚誘導化學性肝炎損傷,A,,第一次
114,2025/4/19,保健食品初級工程師,保健食品概論,11,"業者向衛生福利部申請輸入錠狀、膠囊狀食品查驗登記，何者非衛生福利部不予登記並發
駁回書函之主要原因？",成分含量表列載之成分或含量，與包裝、標籤標示之成分或含量不一致者,產品使用之添加物係衛福部所定「食品添加物使用範圍及限量暨規格標準」未收載者,提出申請時未檢附產品成分含量表正本,逾通知補件期限未補件者 ,C,,第一次
114,2025/4/19,保健食品初級工程師,保健食品概論,12,健康食品查驗登記許可證之效期，下列何者錯誤？,新領證之有效期限為 5年,效期屆滿前3個月內得申請展延,展延許可之續證有效期為 3年,屆期未申請或不准展延者，原許可證自動失效,C,,第一次
114,2025/4/19,保健食品初級工程師,保健食品概論,13,"國內生產維生素膠囊狀、錠狀食品，如何計算產品是否達到「認定基準表」應辦理查驗登
記的基準值？",配方中每100公克的含量,每顆（粒）膠囊狀、錠狀食品的含量,依每日建議攝取量的最大值,依每日建議攝取量的最小值,C,,第一次
114,2025/4/19,保健食品初級工程師,保健食品概論,14,"以下何者不是包裝維生素礦物質類之錠狀膠囊狀食品營養標示，應遵行事項所規定之標
示內容？",「營養標示」之標題,每一份量（或每一份、每份）幾顆（或粒、錠）、本包裝所（含）幾份,於包裝容器上宣稱或自願標示之營養素含量,產品所含維生素、礦物質之生理功能,D,,第一次
114,2025/4/19,保健食品初級工程師,保健食品概論,15,國內獲健食字號的茶飲料產品，下列何項非產品申請的保健功能？,調節血脂,不易形成體脂肪,促進鐵吸收,胃腸功能改善,C,,第一次
114,2025/4/19,保健食品初級工程師,保健食品概論,16,若以產值來看，以下何者非國內最主力的保健食品品項？,飲料,飲品,沖泡飲品,膠囊錠劑食品,D,,第一次
114,2025/4/19,保健食品初級工程師,保健食品概論,17,臺灣保健食品的銷售通路，下列何者敘述有誤？,實體通路包含藥局藥妝店及醫美診所等,實體通路包含便利商店及超巿等,直銷不是重要通路,虛擬通路包括網路平台及直播等 ,C,,第一次
114,2025/4/19,保健食品初級工程師,保健食品概論,18,食品原料標示時，對冬蟲夏草菌絲體的使用，何者敘述有誤？,要於外包加註「本產品非中藥材冬蟲夏草之製品」的醒語,完整「冬蟲夏草菌絲體」7個字，字體大小要一致,需備菌株鑑定證明或分離來源等相關文件,可直接使用菌株英文名稱，不需中文名稱,D,,第一次
114,2025/4/19,保健食品初級工程師,保健食品概論,19,"向衛生福利部申請特殊營養食品特定疾病配方食品查驗登記新案，所需下列何種資料？ 
a.食品業者登錄證明文件 b.原製造廠出具之原料成分含量表正本 c.製程作業重點資料 
d.國產者應檢附製造工廠聘用衛生管理人員之地方政府衛生局核備證明文件",abcd,cd,ab,bc,D,,第一次
114,2025/4/19,保健食品初級工程師,保健食品概論,20,下列何為不是國內「健康食品之輔助調節血鐵保健功效評估方法」須檢測指標與方法？,紅血球指標,發炎指標,鐵營養相關血液生化指標,體脂肪,D,答案有更正,第一次
114,2025/4/19,保健食品初級工程師,保健食品概論,21,胃腸改善健康食品可以減少腸內哪一種有害菌？,Clostridium perfringens,Clostridium botulinum,Listeria monocytogenes,Bacillus cereus,A,,第一次
114,2025/4/19,保健食品初級工程師,保健食品概論,22,"何者包含於「魚油健康食品規格標準」之規定中？a.以傳統供食用之魚類萃取製成滴丸、
膏狀、膠囊或錠狀之食品。b.除加工必要使用之抗氧化劑或賦型劑外，可再添加一種輔助
強化功效之成分原料。c.所含 ω-3 脂肪酸之純度應為百分之三十至五十。d.每日攝取量所
含之ω-3脂肪酸至少應達一．○克，但不得超過二．○克。",ab,cd,ad,bd ,B,,第一次
114,2025/4/19,保健食品初級工程師,保健食品概論,23,依據「工業及礦業團體分業標準」所訂之「保健營養食品工業」業務範圍，何者為非？,"從事保健營養之食品製造工業所生產的膠囊、錠劑、顆粒粉末或飲品等型態之保健
類食品",從事保健營養之食品製造工業所生產之中藥製劑,從事保健營養之食品製造工業所生產之食用酵素,從事保健營養之食品製造工業所生產之病患用食品,B,,第一次
114,2025/4/19,保健食品初級工程師,保健食品概論,24,吃了保健食品，身體出現紅疹、搔癢，這是何種反應？,排毒反應,不良反應,萌眩反應,鈍化反應,B,,第一次
114,2025/4/19,保健食品初級工程師,保健食品概論,25,健康食品產品配方依每日建議攝取量，所含之外加精緻糖之限量為何？,50公克,25公克,17公克,10公克,C,答案有更正,第一次
114,2025/4/19,保健食品初級工程師,保健食品概論,26,以下何種原料具有骨質保健的功效？,丹蔘酮,異黃酮,木糖醇,靈芝,B,,第一次
114,2025/4/19,保健食品初級工程師,保健食品概論,27,以下何種原料可以改善腸胃功能？,菊苣纖維,魚油,人參,冬蟲夏草,A,,第一次
114,2025/4/19,保健食品初級工程師,保健食品概論,28,以下何者是成人之必須胺基酸？,甘胺酸glycine,胱胺酸cystine,精胺酸arginine,"離胺酸lysine 
 ",D,,第一次
114,2025/4/19,保健食品初級工程師,保健食品概論,29,楊桃最不適合哪一類病人食用？,心血管疾病,氣喘病,糖尿病,腎臟病,D,,第一次
114,2025/4/19,保健食品初級工程師,保健食品概論,30,"食物組成分為營養素和非營養素，下列有關非營養素（nonnutrients）之敘述何者是錯誤的
組合：a.礦物質，b.天然存在的物質，c.維生素",ab,bc,ac,以上皆錯,D,答案有更正,第一次
114,2025/4/19,保健食品初級工程師,保健食品概論,31,"在毒理學研究中，NOAEL（無可觀察不良影響劑量）和 ADI（每日可容忍攝入量）是評
估食品中化合物安全性的重要參數。下列關於 NOAEL 和 ADI 的敘述，何者正確？ 
(1)NOAEL 是指在動物實驗中沒有檢測到任何生理變化的劑量，與毒理學效應無關。
(2)ADI 的計算通常基於 NOAEL，並引入安全係數 100 以考慮種間差異（10 倍）和個體
敏感性差異（10倍）。(3)NOAEL和 ADI的值會因不同物種的代謝機制相同而保持一致，
不需要跨物種修正。(4)ADI 代表所有暴露途徑的總和，包括環境暴露、職業暴露和膳食
暴露。","1, 2","2, 4","2, 3","1, 3, 4",B,,第一次
114,2025/4/19,保健食品初級工程師,保健食品概論,32,目前臺灣取得健康食品認證的產品，包括哪些產品型態？,茶類飲料等傳統食品型態,膠囊錠劑等非傳統食品型態,以上皆是,以上皆非,C,,第一次
114,2025/4/19,保健食品初級工程師,保健食品概論,33,下面對臺灣保健食品巿場的敘述，何者為非？,巿場規模已超過新台幣 1千億元,重視成品調配，不重視素材研發,產品可區分為傳統食品型態及膠囊錠劑兩大類,乳酸菌產品是長青且持續熱門的品項 ,B,,第一次
114,2025/4/19,保健食品初級工程師,保健食品概論,34,以下何者非健康食品所必須符合之要件？,具有明確功效成分，且其產品的合理攝取量必須有科學的依據,具有中藥典籍記載，經過臨床測試，有另類療法之實證,經過科學化的保健功效評估實驗,依學理證明其無害且具有明確及穩定的保健功效,B,,第一次
114,2025/4/19,保健食品初級工程師,保健食品概論,35,所謂健康食品係指該食品？,提供特殊營養素或具有特定之保健功效,特別加以標示或廣告,非以治療，矯正人類疾病為目的,以上皆是,D,,第一次
114,2025/4/19,保健食品初級工程師,保健食品概論,36,以下我國食品相關認證標章，何者是由衛生福利部核發？,國家品質標章SNQ（Symbol of National Quality）,台灣優良食品驗證制度產品標章 TQF（Taiwan Quality Food）,健康食品標章（Health Food）,台灣優良農產品標章 CAS（Certified Agricultural Standards）,C,,第一次
114,2025/4/19,保健食品初級工程師,保健食品概論,37,廠商向衛生福利部申請健康食品查驗登記遭駁回，其救濟方式何著不正確？,收受處分通知之次日起六個月內，敘明理由，向中央主管機關提出申復,申復經駁回，廠商不服者，得依訴願法提起訴願,收受審處分通知之次日起三十日內，逕依訴願法提起訴願,為爭取時效，同時提出申復及訴願,D,,第一次
114,2025/4/19,保健食品初級工程師,保健食品概論,38,目前已取得國內健康食品認證的產品有那些型態？,豆漿,米飯,茶飲料,以上皆是,D,,第一次
114,2025/4/19,保健食品初級工程師,保健食品概論,39,下列哪個不是國內保健食品開發活絡的微生物類原料？,紅麴,大型藻,益生菌,綠藻 ,B,,第一次
114,2025/4/19,保健食品初級工程師,保健食品概論,40,"若食品標示中指出該食品「不含鈉」，則表示該食品每 100公克之固體（半固體）或每 100
毫升之液體所含「鈉」分別不得超過多少？",0.5公克,0.1公克,5毫克,50毫克,C,,第一次
114,2025/4/19,保健食品初級工程師,保健食品概論,41,從業者的角度來看保健食品的主要技術需求，以下何者為非？,基因工程,萃取濃縮,微生物發酵,純化分離,A,,第一次
114,2025/4/19,保健食品初級工程師,保健食品概論,42,何者不是健康食品包裝標示之應標示項目？,食品添物名稱,許可證字號,製造工廠名稱及地址,營養成分及含量,C,,第一次
114,2025/4/19,保健食品初級工程師,保健食品概論,43,"取得衛生福利部查驗登記許可之健康食品，不符合衛生福利部訂定之衛生標準，其處分何
者不正確？",立即移送法辦,行為人處3~15 萬元罰鍰,負責廠商限期回收市售品,經通知限期改製卻逾期未遵行者，產品沒入銷毀之,A,,第一次
114,2025/4/19,保健食品初級工程師,保健食品概論,44,向衛生福利部申請嬰兒與較大嬰兒配方食品查驗登記，下列何者不正確？,原製造廠最近二年內出具原料成分含量表,"出產國管理產品衛生安全或核發製造廠證照之政府機關最近二年內出具之原製造廠
為合法工廠之官方證明文件",有效樣本數20 人以上之試用報告,完整樣品，有不同包裝規格、型態或材質者，各別檢附之 ,A,,第一次
114,2025/4/19,保健食品初級工程師,保健食品概論,45,下列何者不是包裝食品營養標示欄位中可列載的營養素？,葉黃素,維生素C,飽和脂肪酸,咖啡因,D,,第一次
114,2025/4/19,保健食品初級工程師,保健食品概論,46,"保健食品以「健康」字樣為品名之一部分卻未取得衛生福利部健康食品查驗登記許可，其
標示、宣傳廣告之違規屬性為何？",宣稱之保健效能超過許可範圍,涉及不實、誇張,涉及易生誤解,涉及醫療效能,C,,第一次
114,2025/4/19,保健食品初級工程師,保健食品概論,47,"有關健康食品規格標準（符合健康食品管理法第三條第一項第二款規定者），下列何者不
是保健功效成分鑑定報告及其檢驗方法之審核重點？",其成分應具明確保健功效,產品規格應符合衛生福利部所定之健食品規格標準,鑑定報告應包括規格成分之定性及定量試驗結果,檢驗方法以國內或國際間公認之方法為之,A,,第一次
114,2025/4/19,保健食品初級工程師,保健食品概論,48,"取得衛生福利部查驗登記許可之健康食品，於許可證於有效期間內，衛生福利部得對該健
康食品重新評估，何者不是健康食品管理法所規定得重新評估之情況？",產品刊登誇大不實廣告受到質疑,科學研究對該產品之功效發生疑義,產品之成分、配方或生產方式受到質疑,食品衛生主管機關認定有必要時,A,,第一次
114,2025/4/19,保健食品初級工程師,保健食品概論,49,"相較於個案審查型（健康食品管理法第 3條第 1項第1款），申請規格標準型（健康食品
管理法第3 條第1項第 2款）之健康食品查驗登記，可以免附何種文件資料？",產品保健功效評估報告,產品保健功效成分鑑定報告及其檢驗方法,產品營養成分分析報告,產品衛生檢驗報告,A,,第一次
114,2025/4/19,保健食品初級工程師,保健食品概論,50,下列有關醣質的敘述，何者正確？,葡萄糖、麥芽糖與蔗糖等具有還原性,肝醣是唯一來自動物的一種醣類,甜度的順序是：果糖最強，其次蔗糖、葡萄糖,所有的醣質的熱量都相等，澱粉和葡萄糖也都是 4.0 kcal/g,C,,第一次
114,2025/4/19,保健食品初級工程師,保健食品概論,51,構成卵磷脂的成份中，有甘油、脂肪酸、磷酸以及下列何者？,絲胺酸,肌醇,乙醇胺,膽鹼,D,,第一次
114,2025/4/19,保健食品初級工程師,保健食品概論,52,有關於insulin 的敘述，下列何者錯誤？,高血糖刺激胰臟之 beta細胞所分泌,可促進細胞之糖解作用,可抑制周圍組織攝入葡萄糖,可促進周圍組織攝入胺基酸,C,,第一次
114,2025/4/19,保健食品初級工程師,保健食品概論,53,下列何種飲用水中含有最少量的礦物質？,軟水,硬水,天然水,蒸餾水,D,,第一次
114,2025/4/19,保健食品初級工程師,保健食品概論,54,高脂飲食與下列何種疾病較無關聯？,膽結石,胃潰瘍,大腸癌,乳癌,B,,第一次
114,2025/4/19,保健食品初級工程師,保健食品概論,55,下列何種甜味物質每公克供應之熱量最多？,蔗糖,山梨糖醇,阿斯巴甜,糖精 ,A,,第一次
114,2025/4/19,保健食品初級工程師,保健食品概論,56,糞便中之含氮量與下列何者正相關？,體重,體表面積,食物攝取量,基礎代謝率,C,,第一次
114,2025/4/19,保健食品初級工程師,保健食品概論,57,關於膽固醇之敘述，下列何者錯誤？,可經陽光照射，在皮膚上形成維生素 D,主要運輸形態為游離膽固醇,為肝臟合成膽酸之原料,可轉換成性激素,B,,第一次
114,2025/4/19,保健食品初級工程師,保健食品概論,58,有助於益生菌生長的成分，下列何者為非？,寡醣,多肽,胺醣,膳食纖維,B,,第一次
114,2025/4/19,保健食品初級工程師,保健食品概論,59,"支鏈胺基酸（branched-chain amino acids, BCAA）為構成肌肉和提供肌肉能量的必需胺基
酸，下列何者不是BCAA？",組胺酸（histidine）,白胺酸（leucine）,異白胺酸（isoleucine）,纈胺酸（valine）,A,,第一次
114,2025/4/19,保健食品初級工程師,保健食品概論,60,糯米的組成是什麼？容易使血糖上升。,支鏈澱粉多,直鏈澱粉多,黏度低,糯米以β 鍵連結,A,,第一次
114,2025/4/19,保健食品初級工程師,保健食品概論,61,以下何者與鈣的吸收無關？,維生素D,蛋白質,乳糖,脂肪 ,D,,第一次
114,2025/4/19,保健食品初級工程師,保健食品概論,62,VLDL是在哪裡轉化成 LDL？,肝臟,腎臟,血管,小腸,C,,第一次
114,2025/4/19,保健食品初級工程師,保健食品概論,63,下列何者是人體中樞神經唯一可使用的能量來源？,脂肪酸,葡萄糖,酮體,胺基酸,B,,第一次
114,2025/4/19,保健食品初級工程師,保健食品概論,64,"香腸等肉類加工製品會添加硝酸鹽或亞硝酸鹽，做為上色用途外，還有一個重要的用途是
下列何者？",防止產生致癌物,保持肉類原味,防止肉毒桿菌產生,延長保存期限,C,,第一次
114,2025/4/19,保健食品初級工程師,保健食品概論,65,下列關於市售盒裝嫩豆腐之敘述，何者是正確的？,不可以直接吃，應煮熟,應置於冷藏環境保存,由生豆漿製成，非熟食,蛋白質含量較傳統豆腐低,B,,第一次
114,2025/4/19,保健食品初級工程師,保健食品概論,66,下列關於「褐色斑點香蕉」之敘述，何者是錯誤的？,褐色斑點為香蕉成熟後自然氧化所造成,可以食用,可能具刺激免疫系統作用,可能具有抗癌作用,D,,第一次
114,2025/4/19,保健食品初級工程師,保健食品概論,67,下列關於「洋蔥」之敘述，何者是錯誤的？,洋蔥富含類黃酮、硫化物等有益物質,洋蔥鈣含量高,洋蔥含有抗氧化成分,目前沒有證據其能幫助增加骨質密度 ,B,,第一次
114,2025/4/19,保健食品初級工程師,保健食品概論,68,日本曾發生之所謂水俁病（Minamata disease），這是因何種物質汙染魚類所致？,有機鉛,有機錫,有機汞,有機鎳,C,,第一次
114,2025/4/19,保健食品初級工程師,保健食品概論,69,台灣與日本曾發生鎘米事件，而會造成所謂的痛痛病，請問這是何種組織疾病？,免疫系統,心血管系統,中樞神經系統,骨骼系統,D,,第一次
114,2025/4/19,保健食品初級工程師,保健食品概論,70,"裝飲用水之寶特瓶可能隨時間推移、溫度上升及酸鹼度下降而使得寶特瓶中塑化劑及何
種物質釋放到水中，可能有害健康？",銻,砷,鉻,鉑,A,,第一次
114,2025/4/19,保健食品初級工程師,保健食品概論,71,亞硝酸鹽是一種食品添加物，其使用目的之一是為了防止何種微生物生長？,肉毒桿菌,仙人掌桿菌,金黃色葡萄球菌,沙門氏桿菌,A,,第一次
114,2025/4/19,保健食品初級工程師,保健食品概論,72,台灣多年前曾於二仁溪口附近的海域，發生綠牡蠣事件，這是何種汙染物造成？,銅,塑化劑,鎘,藍綠藻毒素,A,,第一次
114,2025/4/19,保健食品初級工程師,保健食品概論,73,下列有關“過貓”蕨菜之敘述何者為錯誤？,含原蕨苷ptaquiloside,原蕨苷被IARC 歸為第3類，人類致癌性證據不足,含豐富纖維質、鐵質，營養價值高,生食較佳,D,,第一次
114,2025/4/19,保健食品初級工程師,保健食品概論,74,胃切除者可能缺乏下列何種營養素？,"維生素B 
1","維生素B 
2","維生素B 
6","維生素B 
12",D,,第一次
114,2025/4/19,保健食品初級工程師,保健食品概論,75,下列糕餅點心何者的升膽固醇指數（cholesterol / saturated - fat index）最高？,鬆餅,可頌,鳳梨酥,"蛋黃酥 
A、B、C、",D,,第一次
114,2025/4/19,保健食品初級工程師,保健食品概論,76,下列何者不是維生素 Bab 缺乏導致所伴隨之臨床症狀？,巨球性貧血,同半胱胺酸血症,惡性貧血,小球性貧血,"A,B,C,D",答案有更正,第一次
114,2025/4/19,保健食品初級工程師,保健食品概論,77,丙烯醯胺主要可能產生下列何種器官毒性？,神經毒性,腎毒性,肝毒性,心血管毒性,A,,第一次
114,2025/4/19,保健食品初級工程師,保健食品概論,78,下列有關紅（火）龍果內部果肉發芽之敘述，何者正確？,會產生毒素,這是胚珠柄，屬果實一部分,需切除或剔除後才能食用,不具營養價值,B,,第一次
114,2025/4/19,保健食品初級工程師,保健食品概論,79,"依規定食品中產孢性細菌包括產氣莢膜桿菌及仙人掌桿菌之最大容許量每公克應在幾個
以下？",100,50,25,10,A,,第一次
114,2025/4/19,保健食品初級工程師,保健食品概論,80,"下列細菌性食品中毒中，何者潛伏期短約 30 分鐘至8小時，一般為 2~4小時，症狀有噁
心、嘔吐、下痢、腹痛、糞便中有黏液等等？",肉毒桿菌,霍亂弧菌,金黃色葡萄球菌,"志賀氏桿菌 
 
 
 
以 下 空 白",C,,第一次
114,2025/4/19,保健食品初級工程師,食品科學概論,1,有關酵素的敘述，下列何者錯誤？,凝乳酪主要應用於牛乳之凝乳，用以製備乾酪,"玉米澱粉溶液經澱粉液化酶，澱粉糖化酶及葡萄糖異構化酶，等多種酵素作用，可
製造高果糖糖漿",削過皮的水果加進 0.1%食鹽水中，可完全抑制酚酶的酵素性褐變,次級肉品可利用木瓜蛋白酶軟化，以提高產品價值,C,,第一次
114,2025/4/19,保健食品初級工程師,食品科學概論,2,下列有關於蛋白質與其溶解度之配對何者有誤？,彈性蛋白（elastin）—難溶於水,穀膠蛋白（gliadin）—可溶於70-90%酒精溶液，但不溶於水,白蛋白（albumin）—可溶於水以及稀鹽、稀酸或稀鹼溶液,肌紅蛋白（myoglobin）—可溶於水以及稀酸或稀鹼溶液,D,,第一次
114,2025/4/19,保健食品初級工程師,食品科學概論,3,下列有關澱粉糊化（gelatinization）及澱粉回凝（retrogradation）的敘述，何者為非？,脂肪酸的甘油一酯衍生物有加速澱粉回凝的效果,澱粉糊化時，直鏈澱粉與支鏈澱粉的分子結構都會改變,糊化後的澱粉經長時間靜置後，鄰近澱粉鏈分子以氫鍵結合，造成澱粉的回凝現象,澱粉的回凝對烘焙及米食產品品質影響很大,A,,第一次
114,2025/4/19,保健食品初級工程師,食品科學概論,4,"下列有關脂肪及脂肪酸之物理性質的敘述，何者正確？ a.飽和脂肪酸的熔點比不飽和脂
肪酸的熔點低 b.油脂的不飽和度愈高，其黏度愈低 c.飽和脂肪酸的比重較不飽和脂肪酸
比重高 d.脂肪酸的碳鏈愈長熔點愈低",ab,bc,cd,abd,B,,第一次
114,2025/4/19,保健食品初級工程師,食品科學概論,5,ISO 14000為建立企業的那一種管理系統？,財務,人事,環境,生產,C,,第一次
114,2025/4/19,保健食品初級工程師,食品科學概論,6,在ISO驗證之評估流程中，公司品質系統的評估，無法由下列何者來執行？,公司內部的稽核人員（第一者稽核）,客戶（第二者稽核）,獨立的第三者來執行,衛生管理機關,D,,第一次
114,2025/4/19,保健食品初級工程師,食品科學概論,7,目前我國包裝飲用水及盛裝飲用水衛生標準中，未規定下列何者之最大容許量或限量？,砷,溴酸鹽,腸炎弧菌,綠膿桿菌,C,,第一次
114,2025/4/19,保健食品初級工程師,食品科學概論,8,食品安全品質標準（SQF），除了產品品質驗證外，更考慮到食品防護，下列何者不正確？,食品安全,食品防禦,食品檢驗,食品摻偽,C,,第一次
114,2025/4/19,保健食品初級工程師,食品科學概論,9,以下哪一項不是HACCP 的主要目的？,重視源頭管理,零缺點系統,風險分析,預防管制,B,,第一次
114,2025/4/19,保健食品初級工程師,食品科學概論,10,目前實施的[食品中微生物衛生標準]中對[殺菌液蛋]的要求事項，下列何者正確？,總生菌數小於106 CFU/g,腸桿菌科不得檢出,沙門氏菌陰性,金黃色葡萄球菌陰性,C,,第一次
114,2025/4/19,保健食品初級工程師,食品科學概論,11,製作啤酒時使用大麥芽的目的為何？,提供澱粉水解酶,增加苦澀味,增進色澤,降低糖度,A,,第一次
114,2025/4/19,保健食品初級工程師,食品科學概論,12,漁獲物屠宰後生化變化直接影響到漁產品的鮮美程度，下列敘述何者有誤？,高度緊迫會加速進入僵直期,ATP 耗盡啟動死後僵直程序,肌肉組織軟化主要與肌原纖維蛋白降解有關,核苷酸和游離胺基酸對鮮甜味貢獻很大,C,,第一次
114,2025/4/19,保健食品初級工程師,食品科學概論,13,有關丙烯醯胺敘述何者有誤？,高碳水化合物的食品較易產生,酸性下較不易產生,天門冬醯胺酸，甲硫胺酸和三酸甘油酯都是可能的反應物,高溫高水分含量較易產生,D,,第一次
114,2025/4/19,保健食品初級工程師,食品科學概論,14,肉品中的肌紅素受到硫化氫和氧氣影響形成硫肌紅素時，肉品會呈現什麼顏色？,綠色,紅色,橘色,棕色,A,,第一次
114,2025/4/19,保健食品初級工程師,食品科學概論,15,有關食品中真菌毒素限量標準，下列何者有誤？,黃麴毒素（ochratoxin A）米麥類-5 ppb 以下,棒麴毒素（patulin）蘋果汁-50 ppb以下,橘黴素（citrinin）原料用紅麴米-5 ppb 以下,總黃麴毒素（aflatoxins）花生、玉米-20 ppb以下,D,,第一次
114,2025/4/19,保健食品初級工程師,食品科學概論,16,油脂碘價測定是利用何種滴定法？,氧化還原,沉澱,中和,錯合物,A,,第一次
114,2025/4/19,保健食品初級工程師,食品科學概論,17,下列何者不會提升熱風乾燥的速率？,降低熱風濕度,植物組織為活細胞狀態,擴大食品的表面積,提高真空度 ,B,,第一次
114,2025/4/19,保健食品初級工程師,食品科學概論,18,下列何種不是食品幅射照射的目的？,破壤酵素,殺菌,殺滅昆蟲,促進發芽,D,,第一次
114,2025/4/19,保健食品初級工程師,食品科學概論,19,下列哪一種情形不屬於散裝食品的特性？,不具啟封辨識性,不具延長保存期限,可擴大銷售範圍,非密封,C,,第一次
114,2025/4/19,保健食品初級工程師,食品科學概論,20,保健營養食品GMP 驗證屬何種形態驗證？,劑型,廠區,人員,食品安全,A,,第一次
114,2025/4/19,保健食品初級工程師,食品科學概論,21,"食品中的持久性有機汙染物（Persistent Organic Pollutants, POPs），下列何者最不適用？",戴奧辛,多氯聯苯,魚貝類刺毒,DDT農藥,C,,第一次
114,2025/4/19,保健食品初級工程師,食品科學概論,22,有關食品組織胺中毒，下列何者錯誤？,未經充分加熱導致,與生物體高量組胺酸有關,與污染的微生物中組胺酸脫羧酶活性有關,鯖科魚類中毒,A,,第一次
114,2025/4/19,保健食品初級工程師,食品科學概論,23,即食餐食工廠欲建立食品安全管制系統，熟食沙拉的儲存場所，應屬於下列何種作業區？,一般作業區,準清潔區,清潔區,非食品處理區 ,C,,第一次
114,2025/4/19,保健食品初級工程師,食品科學概論,24,以下何者不屬於類異戊二烯（isoprenoids）？,茄紅素,葉黃素,血紅素,還原蝦紅素,C,,第一次
114,2025/4/19,保健食品初級工程師,食品科學概論,25,有關馬鈴薯發芽中毒的描述，下列何者有誤？,毒素為配醣生物鹼,破壞腸道細胞，產生腸炎疾病,挖掉芽眼，以高溫蒸煮後仍可食用,可能伴隨出汗和支氣管痙攣等神經病學症狀,C,,第一次
114,2025/4/19,保健食品初級工程師,食品科學概論,26,下列何者不是包裝醬油製程應強制標示項目？,速成,水解,混合/調合,"釀造 
A、B、",D,,第一次
114,2025/4/19,保健食品初級工程師,食品科學概論,27,下列何者不是食品添加物的[殺菌劑]？,酸化亞硫酸鈉,次氯酸,鹽酸,過氧化氫,"A,B,C",答案有更正,第一次
114,2025/4/19,保健食品初級工程師,食品科學概論,28,食品用洗潔劑較常使用軟性洗潔劑，其與硬性洗潔劑不同的是下列哪項？,主要為支鏈式烷基苯磺酸鹽,一般毒性比硬性洗潔劑低,半衰期較長,易受環境微生物分解,D,,第一次
114,2025/4/19,保健食品初級工程師,食品科學概論,29,關華豆膠可歸類於食品添加物中之類別為下列何者？,粘稠劑（糊料）+ 乳化劑,粘稠劑（糊料）+ 抗氧化劑,防腐劑 + 乳化劑,品質改良用、釀造用及食品製造用劑 ,A,,第一次
114,2025/4/19,保健食品初級工程師,食品科學概論,30,"依據[降低截切生鮮蔬果微生物危害之作業指引]，針對[直接生食用]的品項得使用食品用
洗潔劑，總氯濃度以不超過多少 ppm 為原則？",50,100,200,300,B,,第一次
114,2025/4/19,保健食品初級工程師,食品科學概論,31,下列何者不是產生雜環胺化合物的主要食物來源？,水產品,禽肉製品,蔬果類,畜肉製品,C,,第一次
114,2025/4/19,保健食品初級工程師,食品科學概論,32,下列何種食品在高溫下產生的丙烯醯胺較低？,裹麵裹漿炸雞,洋芋片,氣炸雞（不裹粉）,早餐穀片,C,,第一次
114,2025/4/19,保健食品初級工程師,食品科學概論,33,我國的食物中毒案例調查中，患者人數最多的主要病因微生物為下列何者？,金黃色葡萄球菌,腸炎弧菌,諾羅病毒,單核球增多性李斯特菌,C,答案有更正,第一次
114,2025/4/19,保健食品初級工程師,食品科學概論,34,依據食品良好衛生規範準則之規定，下列敘述何者正確？,蓄水池（塔、槽）每年至少清理二次,與食品接觸之冰塊，應符合冰品衛生標準,使用地下水源者，其水源與化糞池、廢棄物堆積場所等污染源，應至少保持十五公尺,蓄水池（塔、槽）設置地點應距污穢場所、化糞池等污染源五公尺以上 ,C,,第一次
114,2025/4/19,保健食品初級工程師,食品科學概論,35,"依據食品良好衛生規範準則，有關餐飲業作業場所應施行餐具之殺菌方式，下列何者錯
誤？",煮沸殺菌：以攝氏 100℃之沸水煮沸1 分鐘以上,熱水殺菌：以攝氏 80℃以上之熱水，加熱時間 2分鐘以上,乾熱殺菌：以溫度攝氏 110℃以上之乾熱，加熱時間 30分鐘以上,氯液殺菌：以氯液總有效氯百萬分之二百以下，浸入溶液中時間 1分鐘以上,D,,第一次
114,2025/4/19,保健食品初級工程師,食品科學概論,36,乳品加工食品業者如需聘任專門職業人員時，下列何者不符合資格？,食品技師,營養師,畜牧技師,獸醫師,B,,第一次
114,2025/4/19,保健食品初級工程師,食品科學概論,37,下列何種規範或標準具有法律強制性，所有食品業者都必須符合？,HACCP,GHP,CAS,TQF,B,,第一次
114,2025/4/19,保健食品初級工程師,食品科學概論,38,酵素聯結免疫吸附法（ELISA）的結果是以何種方式表現？,膠粒凝集,免疫沈澱,受質呈色,免疫擴散,C,,第一次
114,2025/4/19,保健食品初級工程師,食品科學概論,39,下列何者用以表示油脂的不飽和程度？,過氧化價（peroxide value）,酸價（acid value）,皂化價（saponification value）,碘價（iodine value）,D,,第一次
114,2025/4/19,保健食品初級工程師,食品科學概論,40,下列何者為一般市售利樂包飲料包裝材料最常使用的殺菌劑？,次氯酸鈉,過氧化氫,臭氧,亞硫酸鹽 ,B,,第一次
114,2025/4/19,保健食品初級工程師,食品科學概論,41,若將蘋果切開後放置空氣中，會逐漸變成褐色是何種反應的結果？,梅納褐變反應,酵素性褐變反應,維生素C 褐變反應,油脂自氧化反應,B,,第一次
114,2025/4/19,保健食品初級工程師,食品科學概論,42,有關鮮食中摻入三聚氰胺的描述，下列何者錯誤？,食品工業上利用凱式定氮法，會誤判為蛋白質含量很高,使蛋白質生物利用率降低,與鈉離子通道結合，可能導致神經系統病變,經消化作用後可能沉積在腎小管導致堵塞,C,,第一次
114,2025/4/19,保健食品初級工程師,食品科學概論,43,有關預防冷藏食品品質下降的方法，下列何者錯誤？,甜椒可在10℃下放至數天在移至 0℃的低溫環境,某些蔬果可先催熟增加其耐寒力，以利長期低溫運輸,維持最低濕度以減緩食品的水活性影響,將蒸散作用較強的食品放置低溫高濕處以減緩蒸散作用,C,,第一次
114,2025/4/19,保健食品初級工程師,食品科學概論,44,下列何者不是熱帶海魚毒的常見魚種？,鸚哥魚,金梭魚,養殖石斑,粗皮鯛,C,,第一次
114,2025/4/19,保健食品初級工程師,食品科學概論,45,有關脂質的物化性質之敘述，下列何者有誤？,利用控制溫度變化達到所需油脂晶型的過程稱為調溫（temper）,油脂之熔點隨其脂肪酸的不飽和度增加而降低,油脂之黏度（viscosity）隨其脂肪酸的平均鏈長度增加而提高,當油脂劣變，游離脂肪酸增加時，其發煙點的溫度會上升,D,,第一次
114,2025/4/19,保健食品初級工程師,食品科學概論,46,"水產品凍藏因氧化三甲基胺（TMAO）降解產物會導致蛋白質劣變，主要為下列何種化合
物所引起？",甲醛,乙醛,丙酮酸,丁酸 ,A,,第一次
114,2025/4/19,保健食品初級工程師,食品科學概論,47,配製0.2 N HCl500 mL 時，需取濃鹽酸（比重 1.19，37% HCl，分子量 36.5）多少mL？,2.14,6.17,8.29,10.34,C,,第一次
114,2025/4/19,保健食品初級工程師,食品科學概論,48,有關射頻（Radio frequency）加熱技術，下列敘述何者不正確？,係屬於一種電磁波加熱技術,係利用電場不斷快速變換作用下造成離子及分子之間的碰撞及摩擦而發熱,目前只有2種頻率被准許使用在工業、科學及醫療上，分別為 2450 MHz與915 MHz,與傳統熱風乾燥相比，具有整體加熱、升溫快速、穿透度深及能量耗損低等優點,C,,第一次
114,2025/4/19,保健食品初級工程師,食品科學概論,49,下列利用電磁波的食品加工技術，其波長（wave length）排序，何者正確？,微波（Microwave） > 射頻（Radio frequency） > 紅外線 > 游離輻射,射頻 > 微波 > 紅外線 > 游離輻射,紅外線 > 游離輻射 > 射頻 > 微波,游離輻射 > 紅外線 > 微波 > 射頻,B,,第一次
114,2025/4/19,保健食品初級工程師,食品科學概論,50,下列何者不是五碳醣？,山梨糖,阿拉伯糖,木糖,核糖,A,,第一次
114,2025/4/19,保健食品初級工程師,食品科學概論,51,炸青菜需加何物大火快炒，方可保持翠綠色？,小蘇打粉,麩胺酸鈉,食鹽,5’-次黃嘌呤核苷酸（5’-inosinie monophosphate，5’-IMP）,A,,第一次
114,2025/4/19,保健食品初級工程師,食品科學概論,52,"冷藏可降低食品的化學與酵素的變化，並抑制大部分病源菌的生長，請問一般冰箱溫度範
圍設定為何？",-5~0°C,4~7°C,10~14°C,15~18°C ,B,,第一次
114,2025/4/19,保健食品初級工程師,食品科學概論,53,對於一般食用大豆油的描述何者不正確？,主要成分為含三個脂肪酸的甘油酯,主要脂肪酸的碳數為奇數,主要脂肪酸的碳數為偶數,含高比例的多元不飽和脂肪酸,B,,第一次
114,2025/4/19,保健食品初級工程師,食品科學概論,54,下列何者能衡量實驗值的分散程度，及各數值間的接近程度？,變異係數,可信區間,相關係數,標準偏差,D,,第一次
114,2025/4/19,保健食品初級工程師,食品科學概論,55,有關正常人體內維生素 D的供應，下列何種敘述有誤？,經常在陽光下活動，可由膽固醇轉換而得,食用含有維生素 D強化之食品,食用肝臟、乳酪製品,注射葡萄糖點滴劑,D,,第一次
114,2025/4/19,保健食品初級工程師,食品科學概論,56,有關脂質（lipid）的敘述，下列何者有誤？,與食品的風味無關,溶於石油醚、己烷等有機溶劑,可提供人體的熱量來源,大多數是脂肪酸所形成的酯類化合物,A,,第一次
114,2025/4/19,保健食品初級工程師,食品科學概論,57,有關紅色肌肉與白色肌肉的敘述，下列何者不正確？,紅色肌肉粒線體較多,白色肌肉肌紅素較少,紅色肌肉收縮速率較快,白色肌肉主要能量來源為糖解作用,C,,第一次
114,2025/4/19,保健食品初級工程師,食品科學概論,58,抑制酵素性褐變的方式何者可能性較低？,殺菁處理,改變pH或水活性,使用抗壞血酸,改變鄰二酚受質特性 ,D,,第一次
114,2025/4/19,保健食品初級工程師,食品科學概論,59,冰淇淋加工製造中均質化的目的，何者有誤？,將脂肪球打碎均勻散佈,減少膨脹率,減少老化時間,促進乳化安定性,B,,第一次
114,2025/4/19,保健食品初級工程師,食品科學概論,60,在肉品加工中加入木瓜酶（Papain）可達到嫩化的效果，主要的原因為何？,肝醣被分解,血紅素被分解,結締組織被分解,組織胺被分解,C,,第一次
114,2025/4/19,保健食品初級工程師,食品科學概論,61,"由於加工及儲藏條件的差異，可能會產生不同形式的肌紅蛋白，下列哪些形式的肌紅蛋白
較不受消費者喜愛？ ①亞硝基肌紅蛋白（Nitrosomyoglobin） ②變性肌紅蛋白
（Metmyoglobin） ③含硫肌紅蛋白（Sulfmyoglobin） ④氧合肌紅蛋白（Oxymyoglobin）",①②,①③,②③,②④,C,,第一次
114,2025/4/19,保健食品初級工程師,食品科學概論,62,有關澱粉的敘述，下列何者正確？,直鏈澱粉含量多者較易回凝,糊化是一個有秩序到無秩序的變化，其過程為可逆的,回凝與澱粉種類有關，糯米較容易回凝，玉米及小麥較難回凝,糊化溫度與澱粉種類無關,A,,第一次
114,2025/4/19,保健食品初級工程師,食品科學概論,63,有關食品香味的敘述，下列何者錯誤？,生乳若殺菌過度會產生加熱臭（Cooked flavor）,成熟水果特有的水果香味大多數來自酯類化合物,蔥類、香菇等之辛香味與含硫化合物有關,海水魚類的腥味成分主要來自氧化三甲胺（Trimethylamine oxide）及魚油 ,D,,第一次
114,2025/4/19,保健食品初級工程師,食品科學概論,64,有關油脂的脂解作用（Lipolysis）之敘述，下列何者錯誤？,脂肪酶（Lipase）可以催化解脂作用,導致油脂的發煙點降低,導致油脂的pH 值上升,導致油脂產生酸敗（Rancidification）現象,C,,第一次
114,2025/4/19,保健食品初級工程師,食品科學概論,65,關於花青素（Anthocyanin）的敘述，下列何者錯誤？,為植物中的天然色素,屬於水溶性,在酸性中呈現藍色，中性為紫色，鹼性為紅色,會因溫度、氧氣等因素而影響呈色,C,,第一次
114,2025/4/19,保健食品初級工程師,食品科學概論,66,有關比爾定律的描述，下列何者錯誤？,適用於烯溶液,一般以100 mol/L 的濃度為上限,樣品內分子間距若縮小會影響電荷分布而導致干擾,若解離與中和具有不同的吸收係數，則濃度與吸光值不存在線性關係,B,,第一次
114,2025/4/19,保健食品初級工程師,食品科學概論,67,"利用高速迴轉運動，使乳濁液或懸濁液中的固體顆粒或比重不同且互不溶的二種液體，發
生沉降分離的操作稱為：",離心分離,過濾,篩分,壓榨,A,,第一次
114,2025/4/19,保健食品初級工程師,食品科學概論,68,"將食品放在阻絕性良好的包裝內，在密封包裝的同時將脫氧劑一起封入，這樣的食品包裝
屬於一種？",無菌包裝（Aseptic packaging）,充氣包裝（Gas packaging）,活性包裝（Active packaging）,聰明包裝（Intelligent packaging）,C,,第一次
114,2025/4/19,保健食品初級工程師,食品科學概論,69,如果大氣壓力為760 mmHg，某一罐頭食品之罐內壓力為 432 mmHg，則其真空度為？,432 mmHg,328 mmHg,1088 mmHg,760 mmHg,B,,第一次
114,2025/4/19,保健食品初級工程師,食品科學概論,70,下列何者可用來防止蔬菜烹調中葉綠素之變色？,食鹽,檸檬酸,碳酸氫鈉,醋酸,C,,第一次
114,2025/4/19,保健食品初級工程師,食品科學概論,71,下列何種茶葉的製程中，沒有經過萎凋處理？,龍井茶,烏龍茶,紅茶,包種茶,A,,第一次
114,2025/4/19,保健食品初級工程師,食品科學概論,72,下列何者是利用提高滲透壓達到保存食品的目的？,米酒,柴魚,泡菜,蜜餞,D,,第一次
114,2025/4/19,保健食品初級工程師,食品科學概論,73,"為能保有較高乳鐵蛋白、免疫球蛋白，國內鮮乳廠生產鮮乳常採用何種巴氏殺菌
（Pasteurization）？",高溫短時間殺菌（HTST）,低溫長時間殺菌（LTLT）,超高溫殺菌（UHT）,熱充填殺菌（hot fill） ,A,,第一次
114,2025/4/19,保健食品初級工程師,食品科學概論,74,蔬果進行兩段殺菁（stepwise blanching）的目的是？,促進高甲氧基果膠形成果膠鈣，軟化質地,促進高甲氧基果膠形成果膠鈣，保持質地硬脆,促進低甲氧基果膠形成果膠鈣，軟化質地,促進低甲氧基果膠形成果膠鈣，保持質地硬脆,D,,第一次
114,2025/4/19,保健食品初級工程師,食品科學概論,75,以固定化葡萄糖異構酶生產異構化糖時：,固定化可大幅提高酵素活性,固定化可提高酵素耐熱性,產品黏稠性較蔗糖高,產品甜味比蔗糖低,B,,第一次
114,2025/4/19,保健食品初級工程師,食品科學概論,76,根據我國食品良好衛生規範準則，下列何種“真空包裝即食食品”得於常溫貯存及販賣？,產品pH值小於 6.2，且鹽濃度大於2.5%之發酵產品,產品水活性小於 0.94，且鹽濃度大於2.5%之產品,碳酸飲料產品,經巴斯德低溫滅菌之產品,C,,第一次
114,2025/4/19,保健食品初級工程師,食品科學概論,77,有關利樂包與康美包的敘述，下列何者不正確？,利樂包裝是密閉式灌注的，就是把液體食品灌注到紙管裡，然後切割封合,"康美包裝的灌注方式是直接把液體食品灌注在預先成型、切割、及背封的紙盒雛型
內，再將紙盒頂部封合",利樂包裝盒底部會有折角，康美包裝盒底部則為橫封成一條直線,利樂包裝與康美包裝基本上都沒有上部空隙,D,,第一次
114,2025/4/19,保健食品初級工程師,食品科學概論,78,以FAT TOM分析造成食品品質劣變、腐敗因子的敘述，下列何者正確？,F 是指冷凍（freeze）,A是指酸度（acid）,O是指油脂（oil）,M 是指黴菌（mold） ,B,,第一次
114,2025/4/19,保健食品初級工程師,食品科學概論,79,生產液蛋時，殺菌溫度過高或時間過久，造成最明顯的品質劣變是？,蛋白溶解度提高,黏度降低,起泡能力降低,體積變小,C,,第一次
114,2025/4/19,保健食品初級工程師,食品科學概論,80,冷凍食品貯存過程中，冰晶成長會劣化食品質地，發生冰晶成長的原因是？,冷凍食品表面與凍藏溫度差異造成蒸氣壓差，使水分蒸發,大冰晶表面蒸氣壓大，吸附水蒸氣形成冰晶核,小冰晶表面蒸氣壓大，使水蒸氣往大冰晶處移動,"滲透壓差異使冰晶遷移 
 
 
 
以 下 空 白",C,,第一次
111,111/4/30,保健食品初級工程師,食品科學概論,1,依法應置衛生管理人員的食品製造工廠類別，不包括：,烘焙食品製造業,即食餐食業,食品添加物製造業,健康食品製造業,A,,第二次
111,111/4/30,保健食品初級工程師,食品科學概論,2,食品業者應保存產品原材料、半成品及成品來源文件上資訊，不包括：,收貨日期,製造批號,原材料、半成品及成品的淨重、容量或數量,供應者的名稱、地址及其他聯絡方式（電話或電子郵件）,B,,第二次
111,111/4/30,保健食品初級工程師,食品科學概論,3,當油炸用食用油之總極性化合物（ total polar compounds ）含量達多少 %以上時，不得再予 使用，應全部更換新油？,10,15,20,25,D,,第二次
111,111/4/30,保健食品初級工程師,食品科學概論,4,下列何者規範或標準具有法律強制性，所有食品業者都必須符合？,HACCP,GHP,CAS,TQF,B,,第二次
111,111/4/30,保健食品初級工程師,食品科學概論,5,下列何者非 HACCP強制執行之業別？,肉類加工食品業,水產加工食品業,食用油脂工廠,飲料製造業,D,,第二次
111,111/4/30,保健食品初級工程師,食品科學概論,6,下列何者為可申請 ISO 22000 的業別？,食品原料之生產者,食品製造業,物流業者,以上皆是,D,,第二次
111,111/4/30,保健食品初級工程師,食品科學概論,7,有關餐飲服務業之衛生標準管理作業程序書，不包括下列何者？,含建築與設施、設備與器具之清潔衛生,從業人員衛生管理,食品製造流程管理,衛生管理（專責）人員,C,,第二次
111,111/4/30,保健食品初級工程師,食品科學概論,8,下列何者不可以使用亞硫酸鹽做為漂白劑？,杏乾,糖蜜及糖飴,糖漬果實類,麵粉,D,,第二次
111,111/4/30,保健食品初級工程師,食品科學概論,9,食品安全監測計畫中，糖產品應就其農產植物原料作檢驗，檢驗的項目不包括下列何者？,重金屬,農藥殘留,真菌毒素,二氧化硫,D,,第二次
111,111/4/30,保健食品初級工程師,食品科學概論,10,食品業者置專門人員，應於相關登錄平台登錄各該人員資料；資料如有變更時，食品業者 應自事實發生後 (a)____日內變更登錄；且應於每年 (b)____月申報確認登錄內容， (a)、(b) 依序為：,15，1,21，12,25，8,30，7 ,D,,第二次
111,111/4/30,保健食品初級工程師,食品科學概論,11,下列貯存條件，何者有利於肉毒桿菌產生毒素？,厭氧狀態,pH 4.6以下,水活性 0.85以下,保存溫度在 3℃以下,A,,第二次
111,111/4/30,保健食品初級工程師,食品科學概論,12,精煉棉籽油主要在去除下列何種有害成分？,皂苷,棉籽酚,茄靈,植物鹼,B,,第二次
111,111/4/30,保健食品初級工程師,食品科學概論,13,食品添加物中，下列何者無法增加食品的安全性及保存性？,抗氧化劑,防腐劑,殺菌劑,黏著劑,D,,第二次
111,111/4/30,保健食品初級工程師,食品科學概論,14,下列何者為合法之食品添加物？,甜精,奶油黃,雙氧水,三聚氰胺,C,,第二次
111,111/4/30,保健食品初級工程師,食品科學概論,15,重金屬對人體產生的毒性標的，與下列何者無關？,與體內染色體作用,與體內酵素作用,與體內蛋白質作用,與體內維生素 E作用,D,,第二次
111,111/4/30,保健食品初級工程師,食品科學概論,16,會產生孢子之細菌，孢子萌芽後生成菌體，菌體增殖後易產生毒素，引起食物中毒為下列 何者？,仙人掌桿菌,金黃色葡萄球菌,沙門氏桿菌,腸炎弧菌,A,,第二次
111,111/4/30,保健食品初級工程師,食品科學概論,17,應辦理檢驗之食品業者，對其產品之主要檢驗項目，下列何者錯誤？,動物性油脂產品：重金屬、農藥殘留、總極性化合物、苯荓比,肉品加工產品：動物用藥殘留,麵粉：真菌毒素,麥類及燕麥產品：真菌毒素、農藥殘留,A,,第二次
111,111/4/30,保健食品初級工程師,食品科學概論,18,「包裝醬油製程標示之規定」要求醬油產品應於包裝明顯處，依其製程標示，何者不正確：,速成,水解,化學,釀造,C,,第二次
111,111/4/30,保健食品初級工程師,食品科學概論,19,關於食品業者使用地下水源者，其水源應與化糞池、廢棄物堆積場所等污染源至少需保持 多少距離？,3公里,3公尺,15公里,15公尺,D,,第二次
111,111/4/30,保健食品初級工程師,食品科學概論,20,有關食品業者運輸管制，下列規定何者錯誤？,運輸用之車輛及容器應於裝載食物前，定期清理並做成紀錄,運輸用的車輛應保持清潔衛生，避免結霜或結露現象,產品堆集時，應保持穩固，無須在意維持空氣流通,車輛應設置有效降低溫度損失之設施，避免劇烈的產品溫度變動,C,,第二次
111,111/4/30,保健食品初級工程師,食品科學概論,21,下列何者不屬於營養標示項目？,膳食纖維,飽和脂肪,反式脂肪,碳水化合物,A,,第二次
111,111/4/30,保健食品初級工程師,食品科學概論,22,下列何者為罐頭食品加熱殺菌的主要目標微生物？,酵母菌,肉毒桿菌,仙人掌桿菌,大腸桿菌,B,,第二次
111,111/4/30,保健食品初級工程師,食品科學概論,23,下列何者是水產罐頭殺菌後因降溫不當所產生「玻璃狀結晶」的主要成分？,磷酸銨鎂,硫酸鎂,碳酸氫鈉,氯化鈣,A,,第二次
111,111/4/30,保健食品初級工程師,食品科學概論,24,下列何者可以顯現油脂中游離脂肪酸的含量？,碘價,酸價,皂化價,過氧化價,B,,第二次
111,111/4/30,保健食品初級工程師,食品科學概論,25,下列何者是 HACCP之一項特點：,廠房動線的嚴密規劃,強調終產品的全面檢驗,生產場所之衛生條件管制,製程的危害分析與預防,D,,第二次
111,111/4/30,保健食品初級工程師,食品科學概論,26,下列何者為發芽米的主要功效成分？,hesperidin,γ-aminobutyric acid （GABA）,chitosan,monacolin K,B,,第二次
111,111/4/30,保健食品初級工程師,食品科學概論,27,下列有關脂質檢測數值的敘述，何者有誤？,酸價高表示油脂品質有問題,碘價高表示油脂的不飽和度高,過氧化價適合做為任何時期的油脂氧化指標,皂化價可用來判斷油脂的種類,C,,第二次
111,111/4/30,保健食品初級工程師,食品科學概論,28,燒鉀明礬主要是作為 ：,膨脹劑,黏稠劑,結著劑,防腐劑 ,A,,第二次
111,111/4/30,保健食品初級工程師,食品科學概論,29,有關油脂皂化反應的敘述，下列何者正確？,油脂其組成之脂肪酸的分子量愈大，皂化價愈高,只有植物性油脂可進行皂化反應,油脂與氫氧化鉀反應前需先經脂肪水解酶作用釋出脂肪酸,產生的脂肪酸鈉鹽或鉀鹽俗稱肥皂,D,,第二次
111,111/4/30,保健食品初級工程師,食品科學概論,30,一般物料在乾燥過程中，臨界水分含量（ critical moisture content ）會發生在乾燥速率曲線 上的那一期？,恆率乾燥期進入第一減率乾燥期,第一減率乾燥期進入第二減率乾燥期,第二減率乾燥期進入乾燥終點,預熱期進入恆率乾燥期,A,,第二次
111,111/4/30,保健食品初級工程師,食品科學概論,31,下列何者過去常被誤認為食品添加物而違法添加於鹼粽、魚丸等食品中，作為增加彈性、 脆度與增加食品保水性、保存性？,食用紅色 6號,硼砂,亞硝酸鹽,己二烯酸,B,,第二次
111,111/4/30,保健食品初級工程師,食品科學概論,32,下列何者不屬於常見之環境荷爾蒙？,多氯聯苯,聚乙烯,壬基苯酚,烷基酚,B,,第二次
111,111/4/30,保健食品初級工程師,食品科學概論,33,以Indophenol 定量維生素 C，其滴定終點為 ？,黃色,紅色,紫色,藍色 ,B,,第二次
111,111/4/30,保健食品初級工程師,食品科學概論,34,放射線殺菌又稱為下列何者？,低溫殺菌,完全殺菌,商業殺菌,冷殺菌,D,,第二次
111,111/4/30,保健食品初級工程師,食品科學概論,35,將澱粉經過加水及加熱後 ，置於 4℃冷藏溫度下時會導致組織變硬的情形 ，下列何者最適 合說明此現象？,變性,熟成,老化,凝膠化,C,,第二次
111,111/4/30,保健食品初級工程師,食品科學概論,36,下列何者為尚未被全球食品安全倡議（ GFSI）承認的認證標準：,BRC,FSSC22000,SQF,ISO22000,D,,第二次
111,111/4/30,保健食品初級工程師,食品科學概論,37,下列各項食物中毒中，何者不屬於神經性食物中毒型態？,河魨中毒,西施舌中毒,肉毒桿菌中毒,金黃色葡萄球菌中毒,D,,第二次
111,111/4/30,保健食品初級工程師,食品科學概論,38,下列何者不是半濕性食品（ intermediate moisture food ）？,蜂蜜,蛋糕,果醬,穀奶,D,,第二次
111,111/4/30,保健食品初級工程師,食品科學概論,39,下列有關食品之無菌包裝的敘述，何者有誤？,食品要先行殺菌,本方法僅適用於液態食品,須在無菌充填區進行充填,包裝材料通常先以過氧化氫滅菌，再加熱將殘餘的過氧化氫去除,B,,第二次
111,111/4/30,保健食品初級工程師,食品科學概論,40,己二烯酸鉀在食品中主要做為何種添加物？,殺菌劑,防腐劑,酸劑,保色劑,B,,第二次
111,111/4/30,保健食品初級工程師,食品科學概論,41,下列何者不適合作為油品劣變的指標？,酸價,總極性物質,過氧化價,揮發性鹽基態氮,D,,第二次
111,111/4/30,保健食品初級工程師,食品科學概論,42,鮮乳無菌加工製程中，均質的步驟是為了避免何種劣變？,乳油上浮,蛋白質變性,殺菌不完全,脂解酶作用,A,,第二次
111,111/4/30,保健食品初級工程師,食品科學概論,43,為避免魚油貯存過程中氧化劣變，較合適添加：,維生素 B,維生素 C,維生素 D,維生素 E,D,,第二次
111,111/4/30,保健食品初級工程師,食品科學概論,44,下列何者不是膠原蛋白的製造原料？,豬皮,麒麟菜,魚鱗,牛骨,B,,第二次
111,111/4/30,保健食品初級工程師,食品科學概論,45,在HACCP制度下，有關魚類危害健康和安全的關鍵管制點（ CCPs）？,加工之前,卸貨碼頭,收貨冷凍庫,以上皆正確 ,D,,第二次
111,111/4/30,保健食品初級工程師,食品科學概論,46,在果汁或紅葡萄酒中添加亞硫酸鹽類的主要目的是：,抑制肉毒桿菌生長,安定色澤,提高酸度,防止沉澱,B,,第二次
111,111/4/30,保健食品初級工程師,食品科學概論,47,大豆沙拉油傳統離心脫膠時為何先吹入水蒸氣？,大豆卵磷脂易與大豆油分離,提供水分子螯合金屬以避免油脂氧化,脫臭,脫色,A,,第二次
111,111/4/30,保健食品初級工程師,食品科學概論,48,下列何種製程可降低冷凍食品品質劣變？,緩慢通過最大冰生成帶以形成多且細的冰晶,在包冰中添加抗異壞血酸,增加間歇性解凍以持續釋放細胞中的壓力,不可低於玻化轉移溫度凍藏,B,,第二次
111,111/4/30,保健食品初級工程師,食品科學概論,49,目前食品生鮮處理廠供應超商餐盒時，常使用何種方法快速冷卻米飯及菜餚以提高架售 品質？,壓差冷卻,液態氮降溫,液態二氧化碳降溫,冰水降溫,A,,第二次
111,111/4/30,保健食品初級工程師,食品科學概論,50,為保持包裝調味海苔片之酥脆性，使用何種乾燥劑最合適？,生石灰（氧化鈣）,矽膠,鐵粉,活性碳,A,,第二次
111,111/4/30,保健食品初級工程師,食品科學概論,51,下列何者是製作凍豆腐時使用二次凍結法的主要目的？,抑制老化作用,增加組織的硬度,減少汁液的流失,形成海綿狀組織 ,D,,第二次
111,111/4/30,保健食品初級工程師,食品科學概論,52,某水產加工品的主要製作流程如下 ：原料 →擠血 →鹽醃 →水洗、脫鹽 →整形 →乾燥 →成品 下列何者為該製品？,魚翅,鹽鯖,魷魚乾,烏魚子,D,,第二次
111,111/4/30,保健食品初級工程師,食品科學概論,53,若生鮮牛肉的品質劣變反應之溫度係數 Q10為1.75，則此牛肉在 30℃的品質劣變 反應速率是 10℃的幾倍？,1.75,2.625,3.5,7,ABCD,,第二次
111,111/4/30,保健食品初級工程師,食品科學概論,54,有關罐頭加熱殺菌值，下列何者是固定溫度下，減少 90%細菌數目所需加熱時間？,F0值,F值,Z值,D值,D,,第二次
111,111/4/30,保健食品初級工程師,食品科學概論,55,有關殺菌軟袋的特性敘述，下列何者錯誤？,又稱軟性罐頭,具可透視性,可在常溫下貯存,可耐高溫高壓殺菌條件,B,,第二次
111,111/4/30,保健食品初級工程師,食品科學概論,56,下列對於豬隻屠宰後形成暗乾肉（ dark firm and dry meat ）的敘述，何者正確？ (1)肉色呈 暗紅色 (2)肉的組織質地軟化 (3)因屠宰前的壓力、掙扎，使體內肝醣耗盡、無法生成乳 酸 (4)肉品之 pH值急速下降至 5.5以下,(1)(2),(1)(3),(2)(3),(1)(4) ,B,,第二次
111,111/4/30,保健食品初級工程師,食品科學概論,57,傳統發酵食品於發酵過程中，同時會有黴菌、酵母菌與細菌等微生物參與作用的為下列哪 二種？ a.啤酒 b.葡萄酒 c.醬油 d.米醋,ab,ac,bd,cd,D,,第二次
111,111/4/30,保健食品初級工程師,食品科學概論,58,有關家畜屠宰後產生水樣肉（ pale soft and exudative ）的敘述，下列何者正確？,屠宰後未以低溫處理，使肉的品溫上升所造成,肉色呈暗紅色，組織硬化,pH值急速上升而引起,造成肝醣無法分解，無法產生乳酸,A,,第二次
111,111/4/30,保健食品初級工程師,食品科學概論,59,下列哪二種方法可以有效延緩麵包的老化 ？a.在0℃下貯存 b.以小蘇打取代酵母 c.在 -20℃下貯存 d.使用高筋麵粉,ab,ac,bc,cd,D,,第二次
111,111/4/30,保健食品初級工程師,食品科學概論,60,下列何者不是亞硫酸鈉（ Sodium sulfite ）具備之功能？,抗氧化劑,漂白劑,結著劑,防腐劑,C,,第二次
111,111/4/30,保健食品初級工程師,食品科學概論,61,"某生於藥物分析實驗時，重複測定某含 100% 的藥品含量，得到的五次結果分別是 96.2%, 100.1%, 94.4%, 97.5%, 102.3% ，評估他的實驗分析：",精密度和準確度都很高,精密度高但準確度低,精密度低但準確度高,精密度和準確度都很低 ,C,,第二次
111,111/4/30,保健食品初級工程師,食品科學概論,62,"下列何種酵素從澱粉之非還原性末端開始水解 ，斷裂 α-1,4鍵結且產生麥芽糖 ？",異澱粉酶（ isoamylase ）,α-澱粉液化酶 （α-amylase）,β-澱粉糖化酶 （β-amylase）,葡萄糖澱粉酶（ glucoamylase ）,C,,第二次
111,111/4/30,保健食品初級工程師,食品科學概論,63,在低鹽濃度時，離子與蛋白質荷電基團交互作用，降低鄰近分子的相反電荷間的靜電引 力，有助於蛋白質水和及提高其溶解度，此現象稱為：,乳化作用（ emulsion）,鹽析作用（ salting out ）,鹽溶作用（ salting in）,離水作用（ syneresis）,C,,第二次
111,111/4/30,保健食品初級工程師,食品科學概論,64,下列何種檢測器不適用於高效液相層析儀？,紫外可見光檢測器,螢光檢測器,示差折光檢測器,火焰離子化檢測器,D,,第二次
111,111/4/30,保健食品初級工程師,食品科學概論,65,符合 Lambert -Beer ’s定律的有色溶液稀釋時 ，其最大吸收峰的波長位置將如何變化 ？,往短波長方向移動,往長波長方向移動,不移動，但峰值增大,不移動，但峰值降低,D,,第二次
111,111/4/30,保健食品初級工程師,食品科學概論,66,下列有關蛋白質結構之敘述，何者為非？,蛋白質一級結構主要鍵結為胜肽鍵,二級結構相鄰之胺基酸形成三度空間的結構 ，α-螺旋為圓筒狀 ，β-平板為彩帶長條 狀，相鄰之胺基酸主要鍵結為離子鍵,疏水鍵對水溶性蛋白質三級結構之穩定性最重要,四級結構主要鍵結有疏水鍵、離子鍵及氫鍵 ,B,,第二次
111,111/4/30,保健食品初級工程師,食品科學概論,67,下列有關抑制酵素性褐變反應之方法，何者為非？,使溫度降低以減緩酵素性褐變反應,添加酵素抑制劑，如氯化鈉、競爭性抑制劑和金屬離子螯合劑（ chelating agents ）等,可利用殺菁等加熱方式處理,移除還原糖,"B,D",答案有更正,第二次
111,111/4/30,保健食品初級工程師,食品科學概論,68,25℃下，純水飽和蒸氣壓為 600 mmHg，某食品的水蒸氣分壓為 480 mmHg，則該食品水 活性（ Aw）為何？,0.2,0.75,0.8,1.25,C,,第二次
111,111/4/30,保健食品初級工程師,食品科學概論,69,若以比色法進行組織胺的分析，最合適的呈色劑為下列何者？,indophenol 試劑,diazo試劑,thymol blue 試劑,indigo carmine 試劑,B,,第二次
111,111/4/30,保健食品初級工程師,食品科學概論,70,2公升水溶液中含有 56公克氫氧化鈉（ NaOH） ，其容積莫耳濃度為多少 M？,0.6,0.65,0.7,0.75,C,,第二次
111,111/4/30,保健食品初級工程師,食品科學概論,71,將1 kg重量莫耳濃度（ molality）為 2 m之葡萄糖溶液與 3 kg重量莫耳濃度為 2 m之果糖 溶液在同溫度下混合，請問混合後溶液中葡萄糖的重量莫耳濃度變為多少 m？,0.5,1,2,4,A,,第二次
111,111/4/30,保健食品初級工程師,食品科學概論,72,肉品中的肌紅素受到硫化氫和氧氣影響形成硫肌紅素時，肉品會呈現什麼顏色？,綠色,紅色,橘色,棕色,A,,第二次
111,111/4/30,保健食品初級工程師,食品科學概論,73,桃園市某地區稻田疑遭受含銅廢液的汙染，利用何種方法可以檢測稻米中銅的含量是否 超標？,核磁共振光譜法,原子吸收光譜法,高效液相層析法,螢光光譜分析法,B,,第二次
111,111/4/30,保健食品初級工程師,食品科學概論,74,20 g豆干利用乾燥法求得 8 g水分含量，其固形物應為：,0.2,0.4,0.6,0.8,C,,第二次
111,111/4/30,保健食品初級工程師,食品科學概論,75,下列何者與油脂氧化酸敗的測定數值無關？,酸價,皂化價,過氧化價,硫巴比妥酸價,B,,第二次
111,111/4/30,保健食品初級工程師,食品科學概論,76,下列何者非胺基酸及蛋白質的定性方法？,α-萘酚反應,雙縮脲反應,硫化鉛反應,寧海準反應,A,,第二次
111,111/4/30,保健食品初級工程師,食品科學概論,77,下列有關水活性的描述何者錯誤？,脂質完全不含水，比含微量水時安定,脂質在水活性 0.70~0.80 之間氧化速率最高,褐變反應 速率在水活性 0.65~0.75 之間達最高,當水活性降低至 0.6以下時，微生物即無法生長 ,A,,第二次
111,111/4/30,保健食品初級工程師,食品科學概論,78,有關胺基酸的敘述，下列何者為正確之選項？ a.甘胺酸（ glycine）是分子量最小的胺基酸 b.離胺酸（ lysine）屬於酸性胺基酸 c.人類無法合成所有胺基酸，因此胺基酸可分為必須 胺基酸及非必須胺基酸 d.色胺酸（ tryptophan ） 、離胺酸（ lysine） 、絲胺酸（ serine）屬於必 須胺基酸,ac,abc,ad,bc,A,,第二次
111,111/4/30,保健食品初級工程師,食品科學概論,79,有關乾式灰分 測定法的樣品製備及實驗流程之敘述，下列何者錯誤？,灰化時會膨脹的樣品需採用兩段升溫方式進行灰化,如需用水處理樣品時必須使用逆滲透水,高濕性樣品需先乾燥,油脂類樣品需先進行燃燒,B,,第二次
111,111/4/30,保健食品初級工程師,食品科學概論,80,硫酸（ H2SO 4）分子量： 98.1 g，現在取得比重 1.84，重量百分比 96.5%的純硫酸，請問要 取多少重量的純硫酸以配成 800 mL，0.02 N H2SO 4？,0.51 g,0.63 g,0.71 g,0.81 g 以 下 空 白,D,,第二次
111,111/4/30,保健食品初級工程師,保健食品概論,1,缺乏下列何種礦物質與呆小症有關？,鐵,鋅,碘,鎂,C,,第二次
111,111/4/30,保健食品初級工程師,保健食品概論,2,下列何者為必需胺基酸特徵？,飲食中非必要,必須由飲食中提供,在體內可由脂肪製造,在體內可由葡萄糖製造,B,,第二次
111,111/4/30,保健食品初級工程師,保健食品概論,3,下列何者為控制體重的行為修正？,過食後感到內疚,保持飲食習慣的紀錄,每次都把盤中的食物吃完,找個人看著你防止暴飲暴食,B,,第二次
111,111/4/30,保健食品初級工程師,保健食品概論,4,氮在蛋白質的比例約佔多少？,0.08,0.16,0.24,0.32,B,,第二次
111,111/4/30,保健食品初級工程師,保健食品概論,5,為什麼人類很少缺乏維生素 E？,不是必需的維生素,廣泛存在於食品中,大多數人服用維生素 E補充劑,維生素 E可以由身體合成 ,B,,第二次
111,111/4/30,保健食品初級工程師,保健食品概論,6,亞硝酸鹽 -硫代硫酸鈉可以用來治療何種毒性物質引起的中毒？,氯氣,光氣,氟化物,氰化物,D,,第二次
111,111/4/30,保健食品初級工程師,保健食品概論,7,下列何種項目是毒理學領域最重要的中心概念？,毒性,物種,劑量,突變,C,,第二次
111,111/4/30,保健食品初級工程師,保健食品概論,8,生酮飲食中的熱量，主要來⾃哪⼀類營養素？,脂肪,蛋白質,醣類,奶類,A,,第二次
111,111/4/30,保健食品初級工程師,保健食品概論,9,168 間歇性斷食可能適合哪⼀類型的人？,加班族,哺乳婦,作息規律者,胃潰瘍患者,C,,第二次
111,111/4/30,保健食品初級工程師,保健食品概論,10,⺟乳會影響嬰兒腸道菌群的組成，可能是因為⺟乳中的什麼成分？,⻑鏈脂肪酸,糖蛋白,胺基酸,寡糖,D,,第二次
111,111/4/30,保健食品初級工程師,保健食品概論,11,以下何者不是青花菜所含的植化素？,吲哚,異硫氰酸鹽,胡蘿蔔素,蘿蔔硫素,C,,第二次
111,111/4/30,保健食品初級工程師,保健食品概論,12,哪⼀類食物未充分煮熟會含有紅⾎球凝集素，影響腸道吸收功能？,葉菜類,根莖類,穀類,豆類,D,,第二次
111,111/4/30,保健食品初級工程師,保健食品概論,13,葉菜類食物裝入便當，要考量的問題是什麼？,含亞硝酸鹽恐會致癌,復熱影響顏色和口感,復熱造成蛋白質流失,隔夜菜會中毒,B,,第二次
111,111/4/30,保健食品初級工程師,保健食品概論,14,⺟乳中的抗體可以保護嬰兒，這個抗體主要是什麼？,IgM,IgE,IgD,IgA,B,答案有更正,第二次
111,111/4/30,保健食品初級工程師,保健食品概論,15,以下何者不是低碳飲食的食物選擇原則？,食在地,吃當季,多精緻,少加⼯,C,,第二次
111,111/4/30,保健食品初級工程師,保健食品概論,16,神經細胞依賴葡萄糖作為能量，缺乏什麼時會造成其能量不足？,核黃素,琉胺,菸鹼素,葉酸,B,,第二次
111,111/4/30,保健食品初級工程師,保健食品概論,17,保留食物中的水溶性維生素，最不適合選擇何種烹調方式？,水煮,微波,清蒸,快炒 ,A,,第二次
111,111/4/30,保健食品初級工程師,保健食品概論,18,不適合作為麩質不耐症者的勾芡食材為何？,全麥麵粉,馬鈴薯粉,樹薯粉,玉米粉,A,,第二次
111,111/4/30,保健食品初級工程師,保健食品概論,19,對腹瀉的飲食療法目標為何？,及時補充熱量,及時補充醣類,預防脫水,預防低⾎糖,C,,第二次
111,111/4/30,保健食品初級工程師,保健食品概論,20,參與脂肪酸的代謝，又可協助穀胱甘肽氧化酶的輔酶為何？,核黃素,琉胺,菸鹼素,葉酸,A,,第二次
111,111/4/30,保健食品初級工程師,保健食品概論,21,以下何者為 β-胡蘿蔔素和維生素 E共有的功能？,抑制氧化,預防角質化,抑制骨骼中鈣的流失,預防溶⾎性貧⾎,A,,第二次
111,111/4/30,保健食品初級工程師,保健食品概論,22,我國對蛋白質的飲食建議，下列何者正確？,成人期建議為佔每日總熱量的 10-20%,青春發育期建議為每人每公斤 2公克,懷孕期建議為每日增加 20公克,1歲以下嬰兒建議為植物性蛋白在總蛋白質中佔 2/3以上為宜,A,,第二次
111,111/4/30,保健食品初級工程師,保健食品概論,23,飲酒所產生的相關症狀下列何者正確？,聞到酒味就有喝醉的感覺是產生了耐受性,不喝酒就會反胃和嘔吐是戒斷症狀,男性即使與女性的飲酒習慣⼀樣，卻會較快罹患肝硬化,⾎液中酒精濃度大於 0.05%會產生昏迷，可能致死 ,B,,第二次
111,111/4/30,保健食品初級工程師,保健食品概論,24,大蒜（大蒜素）已獲通過健康食品認證具備？,腸胃功能改善,調節⾎糖,促鐵吸收,調節⾎脂,D,,第二次
111,111/4/30,保健食品初級工程師,保健食品概論,25,酒精攝取過量可能導致下列何種維生素缺乏？,維生素 A,維生素 C,菸鹼酸,維生素 K,C,,第二次
111,111/4/30,保健食品初級工程師,保健食品概論,26,依據台灣目前規定，以下何者化合物不得在人類食物 /食品中檢出？,克倫特羅（ clenbuterol ）,亞硝酸胺,萊克多巴胺（ rectopamine ）,阿斯巴甜（ Aspartame ）,A,,第二次
111,111/4/30,保健食品初級工程師,保健食品概論,27,下列有關食用油之敘述，何者錯誤？,大量煎炸食品時，以沙拉油較宜，豬油或動物性油脂較不適宜,植物油之不飽和脂肪酸含量較高，較具健康性,橄欖油適用涼拌或低溫拌炒,用來油炸的油脂，發煙點應選用高於 200℃以上較為恰當,A,,第二次
111,111/4/30,保健食品初級工程師,保健食品概論,28,在⼀化學物質被同意可為⼀般性使 用之前，其應進行毒性測試 /安全性評估。下列產品類 別： a.⻄藥 b .農藥 c .食品添加劑 d .健康食品第⼀類，何者是 目前規範其上市前需進行毒 性測試 /安全性評估？,a,ab,abc,abcd ,C,,第二次
111,111/4/30,保健食品初級工程師,保健食品概論,29,誤食含馬兜鈴酸（ Aristolochic acid ）植物時，主要會引起哪⼀種毒性反應：,中樞神經毒性,腎臟毒性,肝臟毒性,心臟毒性,B,,第二次
111,111/4/30,保健食品初級工程師,保健食品概論,30,在食品安全性評估中的那⼀階段，可以推估 ADI值及決定容許量？,試驗事前評估,試驗綜合評估,試驗結果評估,試驗致癌評估,B,,第二次
111,111/4/30,保健食品初級工程師,保健食品概論,31,食品原料標示時，對冬蟲夏草菌絲體的使用，何者敘述有誤？,要於外包加註「本產品非中藥材冬蟲夏草之製品」的醒語,完整「冬蟲夏草菌絲體」 7個字，字體大小要⼀致,需備菌株鑑定證明或分離來源等相關文件,可直接使用菌株英文名稱，不需中文名稱,D,,第二次
111,111/4/30,保健食品初級工程師,保健食品概論,32,下列何者不是健康食品護肝保健功效評估方法中，可進行的肝損傷模式？,疲勞性肝損傷,四氯化碳誘發化學性肝損傷,酒精液態飼料誘導酒精性脂肪肝,止痛藥物⼄醯胺基苯酚誘導化學性肝炎損傷,A,,第二次
111,111/4/30,保健食品初級工程師,保健食品概論,33,衛生福利部公告「國產維生素類錠狀膠囊狀食品應辦理查驗登記」中，有關維生素 C之 基準為「大於或等於 150 mg且不超過 1000 mg」。某錠狀食品配方中添加維生素 C營養添 加劑，每顆含有維生素 C 50 mg，每日建議食用 2顆至 6顆，請問此食品是否應向衛生福 利部申辦國產維生素類錠狀膠囊狀食品查驗登記，其理由為何？,不用申辦，因每顆配方未達認定基準,不用申辦，因每日建議食用最低量未達認定基準,要申辦，因每日建議食用量之中位數恰達到認定基準下限,要申辦，因每日建議食用最高量在認定基準範圍內 ,D,,第二次
111,111/4/30,保健食品初級工程師,保健食品概論,34,下列何者為油炸含碳水化合物食品後可能產生之毒性物質？,丙烯醯胺,順丁烯二酸酐,光氣,三氯⼄烯,A,,第二次
111,111/4/30,保健食品初級工程師,保健食品概論,35,下列有關 LD50之敘述，何者錯誤？,使實驗動物死亡⼀半所需之劑量,為急毒性指標,LD50值越大表示急毒性越高,以上皆非,C,,第二次
111,111/4/30,保健食品初級工程師,保健食品概論,36,因河豚毒素中毒而死亡之患者，死亡原因主要為？,呼吸衰竭,心臟麻痺,急性腎衰竭,急性肝臟衰竭,A,,第二次
111,111/4/30,保健食品初級工程師,保健食品概論,37,申請健康食品認證，原則上安全性評 估第三類（含）以上產品之無不良影響劑量（ NOAEL） 應大於或等於人體建議攝取量的幾倍？,30,60,100,200,C,,第二次
111,111/4/30,保健食品初級工程師,保健食品概論,38,健康食品的安全性評估方法中，試驗物質的⼀般給予途徑，下列哪⼀種方式可被接受？,腹腔注射,靜脈注射,以胃管經口餵食,皮下注射,C,,第二次
111,111/4/30,保健食品初級工程師,保健食品概論,39,下列何種礦物質參與甲狀腺素（ T3）之製造？,矽,硒,鋅,錳 ,B,,第二次
111,111/4/30,保健食品初級工程師,保健食品概論,40,國人膳食營養素參考攝取量對礦物質的建議何者正確？,為了預防齟齒， 12歲以前，氟的建議量最高,為了骨骼發育， 13-18歲，鈣的建議量最高,為了預防糖尿病， 12歲以後，鎂的建議量女性較男性高,鋅、碘、硒的建議量，男性與女性沒有差異,B,,第二次
111,111/4/30,保健食品初級工程師,保健食品概論,41,生育醇（維生素 E）可用於補充食品中不足之營養素時使用，但過量時會導致何種傷害？,延⻑⾎液凝固時間,骨質疏鬆症,心律不整,過量鈣質吸收及鈣質沈澱在內臟組織,A,,第二次
111,111/4/30,保健食品初級工程師,保健食品概論,42,肉毒桿菌（ Clostridium botulinum ）中毒致命率占所有細菌性食品中毒的第⼀位，肉毒桿菌 毒素主要毒性為何？,神經毒性,肝臟毒性,腎臟毒性,心臟毒性,A,,第二次
111,111/4/30,保健食品初級工程師,保健食品概論,43,水解醬油在其製造過程中，以鹽酸促進蛋白質分解，會產生⼀種化學物質，其在動物試驗 上會引起癌症。此物質為下列何者？,3-單氯丙二醇,丙烯醛,⼄烯醯胺,"2,5-己二酮",A,,第二次
111,111/4/30,保健食品初級工程師,保健食品概論,44,目前我國規定牛樟芝原料或產品應進行下列何種重複劑量毒性試驗？,21天亞急毒性,28天亞急毒性,90天亞慢毒性,慢毒性,C,,第二次
111,111/4/30,保健食品初級工程師,保健食品概論,45,可可豆之生產，歷經日光曝曬發酵及烘烤乾燥等製程，可能產生何種有毒物質？,氟氯碳化物,多環芳香族碳氫化合物,氮氧化物,硫氧化物,B,,第二次
111,111/4/30,保健食品初級工程師,保健食品概論,46,吃海鮮因河豚毒素中毒及渦鞭毛藻毒素中毒的共同臨床表徵為何種器官病變？,神經系統,肝臟,心臟⾎管系統,⾎液系統,A,,第二次
111,111/4/30,保健食品初級工程師,保健食品概論,47,不沾鍋鍋內塗有⼀層特殊塗 料，俗稱鐵氟龍，但加熱至 327℃時，可能會溶出何種有毒物質？,三氯甲烷,聯苯胺,全氟辛酸,四氯化碳,"A,B,C,D",答案有更正,第二次
111,111/4/30,保健食品初級工程師,保健食品概論,48,依據目前公告之健康食品安全評估方法，下列有關試驗執行單位之敘述何者為錯誤？,應先取得實驗動物照護及使用委員會或小組之同意書,安全評估試驗方法應遵循我國「實驗動物照護及使用指引」,應遵循經主管機關認可國際組織或國家公告之 GLP規範,應妥善保存各項試驗結果、原始數據及文書紀錄備查,B,,第二次
111,111/4/30,保健食品初級工程師,保健食品概論,49,關於＂檳榔子＂，下列敘述何者錯誤？,無加任何添加物（如白灰、紅灰、荖葉等）時，不會致癌,含有檳榔素（ arecoline）和檳榔鹼（ arecaidine ）,國際癌症研究中心（ IARC）列為第⼀類致癌物,可能導致口腔癌,A,,第二次
111,111/4/30,保健食品初級工程師,保健食品概論,50,有些食物或保健食品過量服用可能會增強抗凝⾎劑的藥效，而增加出⾎的風險，例如下列 何者？,菠菜,高劑量維生素 C,銀杏,輔酶 Q10 ,C,,第二次
111,111/4/30,保健食品初級工程師,保健食品概論,51,已通過認證之健康食品，欲申請新增保健功效時，下列敘述何者為正確？,可延用已核可產品之安全評估報告,安全評估報告高劑量應至少為功效劑量 100倍以上,新增保健功效之建議攝取量應接近無可見不良影響劑量（ NOAEL）,應由優良實驗室操作規範（ GLP）認證試驗單位進行功效試驗,A,,第二次
111,111/4/30,保健食品初級工程師,保健食品概論,52,健康食品安全評估試驗，若微生物基因突變分析、體外哺乳類細胞基因毒性分析結果為陽 性，則下列建議之措施何者最正確？,調高分類等級並重新試驗，若無毒性則可,以動物試驗方法重新驗證,找其他試驗單位重新驗證,不建議為健康食品,D,,第二次
111,111/4/30,保健食品初級工程師,保健食品概論,53,下列何者為俗稱砒霜，其有劇毒，具腐蝕性？,三氧化鉻,氧化鎘,氫氧化鋅,三氧化二砷,D,,第二次
111,111/4/30,保健食品初級工程師,保健食品概論,54,我國曾發生過⼀件非法化製澱粉事件或毒澱粉事件，請問此物質為下列何者？,鄰苯二甲酸二（ 2-⼄基己基）酯,順丁烯二酸酐,三聚氰胺,丙烯醛,B,,第二次
111,111/4/30,保健食品初級工程師,保健食品概論,55,下列有關食用保健 /健康食品之敘述何者為正確？,服用後身體出現紅疹、搔癢等不舒服症狀，是排毒反應,保健 /健康食品屬於保健藥品，具預防疾病功效,大多經過加⼯、濃縮、萃取等製成，其濃度會高於天然食物,以上皆是,C,,第二次
111,111/4/30,保健食品初級工程師,保健食品概論,56,下列何者為俗稱「保險粉」 ，非法使用於豆芽菜，具有漂白的效果，並使其不易腐敗？,酒石酸氫鉀,過氧化苯甲醯,低亞硫酸鈉,磷酸氫鈣 ,C,,第二次
111,111/4/30,保健食品初級工程師,保健食品概論,57,經常食用下列何種飲食可能增加腎結石的風險？,高草酸飲食,高糖飲食,高脂肪飲食,高鉀飲食,A,,第二次
111,111/4/30,保健食品初級工程師,保健食品概論,58,健康食品管理法中訂有第二軌紅麴健康食品規格標準，下列之敘述： a.為利用米及山藥進 行紅麴菌培養並予乾燥而成 b .紅麴菌可供食品原料使用 c .每日攝取量所含 monacolin K 至少應達 4.8毫克但不得超過 15毫克 d .紅麴可能存在受黴菌毒素 -赭麴毒素（ ochratoxin ） 污染之問題，下列何者不正確？,a,bc,ad,bcd,C,,第二次
111,111/4/30,保健食品初級工程師,保健食品概論,59,誤食蕈類 -毒鵝膏（死帽蕈； Amanita phalloides ）主要會引起何種器官毒性？,肝,腎,肺,腦,"A,B,C,D",答案有更正,第二次
111,111/4/30,保健食品初級工程師,保健食品概論,60,我國曾發生所謂毒澱粉事件，主角為順丁烯 二酸酐，⺠眾恐慌是因其可能產生何種器官 毒性？,腦部,肝臟,心臟,腎臟,D,,第二次
111,111/4/30,保健食品初級工程師,保健食品概論,61,下列有關舒可慢（ Sucromalt ）之敘述，何者錯誤？,可供食品原料使用,以蔗糖、麥芽糖為原料,利用葡萄糖基轉移酶（ alternansucrase ）之酵素反應所製成,乳糖代謝能⼒缺失者避免食用 ,D,,第二次
111,111/4/30,保健食品初級工程師,保健食品概論,62,下列對於亞急性毒性試驗之敘述，何者有誤？,實驗週期通常為動物壽命期的 1/10,實驗週期⼀般為三個月之內,包括 14天的餵食毒性試驗,包括 90天的餵食毒性試驗,C,,第二次
111,111/4/30,保健食品初級工程師,保健食品概論,63,以下何種原料具有骨質保健的功效？,丹蔘酮,異黃酮,木糖醇,靈芝,B,,第二次
111,111/4/30,保健食品初級工程師,保健食品概論,64,以下何者不是衛生福利部公告特殊營養食品特 定疾病配方食品，其審查或外包裝應標示 之事項？,營養均衡完整配方食品,營養強化完整配方食品,營養調整補充配方食品,特殊單素配方食品,B,,第二次
111,111/4/30,保健食品初級工程師,保健食品概論,65,健康食品或其原料有 a.變質或腐敗者， b.染有病原菌者， c.殘留農藥含量超過中央主管機 關定安全容許量者， d.受原子塵放射汙染，其含量超過中央主管機關所澄安全容許量者， 則禁止？,製造，調配，加⼯,販賣，儲存，輸入，輸出,贈與或公開陳列,以上皆是,D,,第二次
111,111/4/30,保健食品初級工程師,保健食品概論,66,以下何種微生物未經確認其食用安全性之前，不得作為食品原料使用：,Streptococcus thermophilus,Lactobacillus sporogenes,Enterococcus faecalis,Bacillus coagulans ,C,,第二次
111,111/4/30,保健食品初級工程師,保健食品概論,67,有關健康食品保健功效之標示，以下何者不符合衛生福利部所發布 「健康食品查驗登記審 查原則」的規定？,功效評估試驗以人體進行取得健康食品查驗登記許可，產品標示「經人體食用研究 結果證實」字樣,功效評估試驗以動物實驗取得健康食品 查驗登記許可，產品標示「經動物實驗結果 證實」字樣,功效評估試驗以人體進行取得健康食品 查驗登記許可，產品不標示「經人體食用研 究結果證實」字樣,功效評估試驗以動物實驗取得健康食品查驗登記許可，產品不標示「經動物實驗結 果證實」字樣,D,,第二次
111,111/4/30,保健食品初級工程師,保健食品概論,68,業者向衛生福利部申請輸入錠狀、膠囊狀食品查驗登記，何者非衛生福利部不予登記並發 駁回書函之主要原因？,成分含量表列載之成分或含量，與包裝、標籤標示之成分或含量不⼀致者,產品使用之添加物係衛福部所定「食品添 加物使用範圍及限量暨 規格標準」未收載者,提出申請時未檢附產品成分含量表正本,逾通知補件期限未補件者,C,,第二次
111,111/4/30,保健食品初級工程師,保健食品概論,69,取得衛生福利部錠狀膠囊狀食品查驗登記許可，欲申請許可文件轉移，下列何者不正確？,若由甲公司轉移至⼄公司，應由甲公司提出申請,申請人應備齊「新案申請」之必要書件、資料文件,應有原製造廠出具同意⼄公司銷售之證明文件,原料成分含量表得以甲公司原申請案之影本檢附,A,,第二次
111,111/4/30,保健食品初級工程師,保健食品概論,70,有關向衛生福利部申請國產維生素類錠狀膠囊狀食品查驗登記，下列何者為正確？,應向疾病管制署送交申請案,審查項目不包含產品包裝標示圖文內容是否誇大不實、涉及醫療效能,採電子化線上申辦者不需繳納審查費,凡含有維生素之錠狀膠囊狀食品皆需申請查驗登記,B,,第二次
111,111/4/30,保健食品初級工程師,保健食品概論,71,國內目前取得健康食品認證的產品，產品型態沒有下列那些類別？,茶飲料,豆漿,膠囊錠劑,以上皆有,D,,第二次
111,111/4/30,保健食品初級工程師,保健食品概論,72,下列對保健食品原料來源及使用的敘述，何者有誤？,重視副產品的多元利用及價值開發,新興原料使用關注法規的現有限制及突破空間,重視永續及道德層面的合理性,只使用國產原料,D,,第二次
111,111/4/30,保健食品初級工程師,保健食品概論,73,國內產品獲健康食品認證的廠商，下列敘述何者正確？,全為品牌廠商,全為專業代⼯廠商,有品牌廠商，也有專業代⼯廠商,全為通路商⾃有品牌,C,,第二次
111,111/4/30,保健食品初級工程師,保健食品概論,74,國內已獲衛生福利部審核通過之健康食品（含個案審查及規格基準）約有多少項產品？,低於 200項,500項左右,1000項左右,超出 2000項,B,,第二次
111,111/4/30,保健食品初級工程師,保健食品概論,75,國內保健食品巿場的敘述，哪個有誤？,通路有直銷、藥妝店、量販店及電商等各式通路,產品只銷售國內巿場,各式保健原料多元創新發展,廠商積極國際合作及布局,B,,第二次
111,111/4/30,保健食品初級工程師,保健食品概論,76,保健食品產業鏈的重要價值活動，下列何者為非？,挖掘及開發特色原料的機能價值,製程提升及標準化,特定產品應用,跨業合作及商業模式創新,C,,第二次
111,111/4/30,保健食品初級工程師,保健食品概論,77,鉻元素是耐醣因子中的重要成份，下列鉻化何物何者不能被使用於健康食品？,三氯化鉻,砒啶甲酸鉻,六價鉻,酵⺟鉻 ,C,,第二次
111,111/4/30,保健食品初級工程師,保健食品概論,78,向衛生福利部申請國產維生素類錠狀膠 囊狀食品查驗登記，應檢具的書件、資料為何？ a.產品樣品 20粒 b .申請廠商之公司登記或 商業登記證明影本 c .產品功效試驗報告 d .產品 安全評估報告,ab,cd,bd,abcd,A,,第二次
111,111/4/30,保健食品初級工程師,保健食品概論,79,申請健康食品查驗登記，何者為必要檢附之原料證明文件？ (1)可食用中藥材之產地證明 (2)可食用中藥材之基原鑑定報告 ( 3 )複方食品添加物展開之配方 ( 4 )空膠囊殼之藥品許 可證,(1)(2),(2)(3),(3)(4),(1)(4),B,,第二次
111,111/4/30,保健食品初級工程師,保健食品概論,80,國內外消費者⻑期喜愛，且近年因國際微生物組技術發現與發展，未來潛⼒看好的保健原 料為何？,薑黃,牛樟芝,乳酸菌,綠藻 以 下 空 白,C,,第二次
111,111/10/29,保健食品初級工程師,食品科學概論,1,食品安全監測計畫中，應辦理檢驗之食品業者，對其產品除一般規定項目外，其主要檢驗 項目，下列何者正確 ？,澱粉產品之原料及其成品 ：真菌毒素、農藥殘留、重金屬、順丁烯二酸酐,糖產品之半成品或成品 ：農藥殘留、重金屬,植物性油脂產品 ：重金屬、真菌毒素、苯荓比,玉米輸入業者應就其玉米產品檢驗 ：真菌毒素、農藥殘留,A,,第一次
111,111/10/29,保健食品初級工程師,食品科學概論,2,食品安全監測計畫中，應辦理檢驗的業者，對其產品檢驗週期不是每季或每批檢驗至少一 次的產品為何 ？,單方及複方食品添加物,糖產品的半成品或成品,植物性油脂產品之原料、半成品或成品,醬油產品之原料、半成品或成品,C,,第一次
111,111/10/29,保健食品初級工程師,食品科學概論,3,有關食品製程管理及品質管制，下列規定何者錯誤 ？,製程之原材料、半成品及成品，僅原材料應適當標示及處理其檢驗狀況,成品有效日期之訂定，應有合理根據；必要時，應為保存性試驗,成品應留樣至保存期限,製程管理及品質管制，應做成紀錄,A,,第一次
111,111/10/29,保健食品初級工程師,食品科學概論,4,食品販賣業者有販賣禽畜產食品者，除應依販賣業者一般規定外，下列規定何者錯誤 ？,該食品之陳列檯面，應採不易透水及耐腐蝕之材質，且須符合相關衛生標準之規定,販賣場所應有適當洗滌及排水設施,生鮮水產食品應以靜置自來水水槽處理，並避免污染販售之成品,禽畜水產食品之貯存、陳列、販賣，應以適當之溫度及時間管制,C,,第一次
111,111/10/29,保健食品初級工程師,食品科學概論,5,有關食品安全管制系統（ HACCP）七大原則的規劃順序，下列何者正確？,危害分析 →確認 →管制界線 →監測 →記錄 →重要管制點 →矯正措施,重要管制點 →確認 →管制界線 →監測 →危害分析 →記錄 →矯正措施,危害分析 →重要管制點 →管制界線 →監測 →矯正措施 →記錄 →確認,重要管制點 →危害分析 →監測 →確認 →管制界線 →矯正措施 →記錄,C,,第一次
111,111/10/29,保健食品初級工程師,食品科學概論,6,食品從業人員應符合之規定，下列何者錯誤 ？,新進食品從業人員應先經醫療機構健康檢查合格後，始得聘僱；雇主每年應主動辦 理健康檢查至少一次,食品從業人員不得有吸菸、嚼檳榔、嚼口香糖、飲食或其他可能汙染食品之行為,食品從業人員個人衣物應放置於更衣場所，不得帶入食品作業場所,食品從業人員以雙手直接調理不經加熱即可食用的食品時，應穿戴消毒清潔之不透 水手套，嚴禁徒手,D,,第一次
111,111/10/29,保健食品初級工程師,食品科學概論,7,根據我國最新公告之「輸入食品系統性查核實施辦法」 ，下列敘述何者正確？,系統性查核是針對輸出國（地）之食品衛生安全管理體系與政府機關監督措施之查 核，而不是針對特定生產業者場所的查核,查核機關是由衛生福利部食品藥物管理署與主管進口業務之財政部關務署共同執行,目前已公告應實施範圍之產品為肉類、水產類與乳品類產品三項,系統性查核應由有輸入食品事實之進口業者，向查核機關提出申請,A,,第一次
111,111/10/29,保健食品初級工程師,食品科學概論,8,焦磷酸鉀除可以作為食品改良劑外，還可以做為 ：,黏著劑,乳化劑,防腐劑,抗氧化劑,A,,第一次
111,111/10/29,保健食品初級工程師,食品科學概論,9,食品添加物類別中，除保色劑外，添加物品項最少的為下列何者？,殺菌劑,漂白劑,溶劑,結著劑,A,,第一次
111,111/10/29,保健食品初級工程師,食品科學概論,10,食品業者對於檢驗結果有異議時，得自收受通知之日起（ a）____日內，向原抽驗之機關 （構）申請複驗；受理機關（構）應於（ b）____日內進行複驗； （ a）、（ b）依序為 ：,7，5,10，7,14，4,15，3 ,D,,第一次
111,111/10/29,保健食品初級工程師,食品科學概論,11,易滋生有害微生物之乳品，應在足以防止其劣化情況下存放，下列方法何者錯誤？,冷藏乳品中心溫度保持在 7℃以下，凍結點以上,冷凍乳品應保持適當的冷凍狀態 ，成品中心溫度應保持在 -18℃以下,乳品若已調成酸性或酸化，即可在密閉空間內做室溫保存,保久乳（擬在常溫儲運、販賣者）之殺菌作業應符合低酸性罐頭食品殺菌規範,C,,第一次
111,111/10/29,保健食品初級工程師,食品科學概論,12,有關食品工廠廠房之安全設施，下列何者錯誤 ？,廠房內配電必須能防水,電源必須有接地線與漏電斷電系統,所有作業場所之插座及電源開關應採用防水功能者,不同電壓之插座必須明顯標示,C,,第一次
111,111/10/29,保健食品初級工程師,食品科學概論,13,食品工廠作業區供水設備之水龍頭，應採用的方式，下列何者錯誤 ？,腳踏式,旋轉式,電眼式,手肘式,B,,第一次
111,111/10/29,保健食品初級工程師,食品科學概論,14,食品原料之保管應能使其免遭汙染 、損壞，並減低品質劣化至最低程度 ；凍藏者應保存在 （a）____℃以下，冷藏者應保持在 （b）____℃以下、凍結點以上 ，（a）、（ b）依序：,-13，3,-15，5,-18，7,-20，7,C,,第一次
111,111/10/29,保健食品初級工程師,食品科學概論,15,磷酸氫二鉀主要是用來作為 ：,結著劑,黏稠劑,防腐劑,抗氧化劑,A,,第一次
111,111/10/29,保健食品初級工程師,食品科學概論,16,食品安全監測計畫中，醬油產品應就其半成品、成品，檢驗 ：,重金屬,農藥殘留,真菌毒素,單氯丙二醇（ 3-MCPD） ,D,,第一次
111,111/10/29,保健食品初級工程師,食品科學概論,17,有關液蛋衛生標準，下列何者錯誤？,蛋殼完整無裂痕者始能作為液蛋之原料,裂殼蛋，不得作為液蛋之原料,殺菌液蛋不得檢出沙門氏菌,未殺菌蛋的生菌數為 106 CFU/g以下,B,,第一次
111,111/10/29,保健食品初級工程師,食品科學概論,18,下列產品何者還未納入系統性查核的食品範圍 ？,肉品,蛋品,水產品,植物性油脂,D,,第一次
111,111/10/29,保健食品初級工程師,食品科學概論,19,醫療機構診治病人時，如發現有疑似食物中毒事件，應於多少小時內向當地衛生主管機關 報告？,12,16,24,48,C,,第一次
111,111/10/29,保健食品初級工程師,食品科學概論,20,有關食品追蹤追溯系統的敘述，下列何者不正確？,非登不可,非報不可,非管不可,非驗不可,C,,第一次
111,111/10/29,保健食品初級工程師,食品科學概論,21,下列那一種認證已包括食品安全管制系統（ HACCP）？,ISO 22000,ISO 17025,ISO 14001,ISO 9001,A,,第一次
111,111/10/29,保健食品初級工程師,食品科學概論,22,有關食品良好衛生規範準則的敘述，下列何者錯誤？,pH值在 9.0以上之真空包裝即食食品，得於常溫貯存及販售,添加亞硝酸鹽或硝酸鹽之真空包裝即食食品，冷藏保存期限可在 10日以上,過期回收之冷凍原料或產品，應放置於成品冷凍庫,食品製造業建立 GHP相關紀錄、文件及電子檔案或資料庫，至少應保存 5年 ,C,,第一次
111,111/10/29,保健食品初級工程師,食品科學概論,23,利用螢光法來分析食品樣品中組織胺的含量時，螢光分光光度計所選用波長以下列何者 最合適？（ Ex＝激發波長； Em＝放射波長）,Ex＝350 nm；Em＝440 nm,Ex＝440 nm；Em＝565 nm,Ex＝565 nm；Em＝690 nm,Ex＝690 nm；Em＝734 nm,A,,第一次
111,111/10/29,保健食品初級工程師,食品科學概論,24,有關天然色素的敘述，下列何者正確？ a.類葉黃素（ xanthophyll ）是屬於類胡蘿蔔素 （carotenoid ）的一種 b.芸香素（ rutin）是屬於類黃酮（ flavonoid ）的一種，與 Fe2+作用會 產生黑色 c.類胡蘿蔔素為水溶性色素 d.花青素（ anthocyanin ）在強酸性中會呈現藍色,ab,ac,bd,abc,A,,第一次
111,111/10/29,保健食品初級工程師,食品科學概論,25,天然澱粉經不同物理處理、化學處理及酵素修飾等作用，能產生性質相異的修飾澱粉 （modif ied starch ） ，下列敘述何者有誤？,安定化澱粉主要利用取代基使分子內氫鍵容易破壞，可應用於需要低溫烹煮食品或 需要快速產生黏度之食品,預糊化澱粉又稱為預煮澱粉或 α-澱粉，常用於即食產品或是速食濃湯,交鏈澱粉可用於嬰兒食品、番茄醬和冬粉等食品,酸修飾澱粉利用酸液於糊化溫度以下的溫度作用澱粉 ， 使結晶區受到酸作用而分解 ， 而非結晶區則保持完整之修飾澱粉,D,,第一次
111,111/10/29,保健食品初級工程師,食品科學概論,26,以二種脂肪比例不同之原料混合後得一新比例之產品，稱為稀釋調整法。今有甲原料含脂 肪20%，乙原料含脂肪 5%。欲使新比例產品 的脂肪含量為 10%時，請問甲、乙原料混合 比例應為多少？,1:1.5,1:2,1:3,1:4,B,,第一次
111,111/10/29,保健食品初級工程師,食品科學概論,27,有關食品酸味劑的敘述，下列何者正確？,檸檬酸可增強抗氧化劑的作用,麩胺酸可當作酸味劑但不具有鮮味,葡萄糖酸 -δ-內酯不會降低食品的 pH值,蘋果酸不會抑制微生物生長,A,,第一次
111,111/10/29,保健食品初級工程師,食品科學概論,28,有關金屬元素的敘述，下列何者錯誤？,葉綠素含鎂,花青素含鋁,血紅素含鐵,血藍素含銅,B,,第一次
111,111/10/29,保健食品初級工程師,食品科學概論,29,下列哪種方法較適合用於分析牛乳中的脂肪含量 ？,巴布科克法 （Babcock ’s method）,索式萃取法（ Soxhlet extract method ）,比色法（ Colorimetric method ）,皂化法（ Saponification method ）,A,,第一次
111,111/10/29,保健食品初級工程師,食品科學概論,30,請問 90%葡萄糖（ C6H12O6）之水活性應為多少？,0.29,0.47,0.53,0.81,C,,第一次
111,111/10/29,保健食品初級工程師,食品科學概論,31,有關澱粉糖 DE 值（ Dextrose Equivalent ） ，下列何者正確？,DE值越大，黏度越大,DE值越大，結晶性越大,DE值越大，吸濕性越大,DE值越大，甜度越低,B,,第一次
111,111/10/29,保健食品初級工程師,食品科學概論,32,下列何者不是必需胺基酸？,白胺酸,色胺酸,酪胺酸,苯丙胺酸,C,,第一次
111,111/10/29,保健食品初級工程師,食品科學概論,33,下列何者為梅納反應最終產物？,5-羰甲基糠醛（ 5-Hydroxymethylfurfural ）,希夫氏鹼（ Schiff base ）,阿姆德瑞（ Amadori）,梅納汀（ Melanoidin ）,D,,第一次
111,111/10/29,保健食品初級工程師,食品科學概論,34,總固形物經 550±50 ℃高溫鍛燒 1小時後，所損失重量的成分主要為 ？,揮發性固形物,非揮發性固形物,懸浮固形物,灰分,A,,第一次
111,111/10/29,保健食品初級工程師,食品科學概論,35,下列何者為凱氏氮定量法之正確步驟？ (1)蒸餾 (2)消化 (3)萃取 (4)滴定,(3)(1)(4),(2)(1)(4),(1)(2)(3)(4),(2)(1)(3)(4),B,,第一次
111,111/10/29,保健食品初級工程師,食品科學概論,36,下列何者不是食品中水分含量之測定方法？,紅外線分析儀,蒸餾法,卡爾費雪法,康威氏皿法,D,,第一次
111,111/10/29,保健食品初級工程師,食品科學概論,37,利用卡爾費雪法（ Karl Fisher's method ）進行水分含量之分析，請問其達滴定終點時呈現 何種顏色？,無色,黃色,藍黑色,紅褐色,D,,第一次
111,111/10/29,保健食品初級工程師,食品科學概論,38,醃漬蔬菜時顏色由翠綠轉變為橄欖綠，最後變成褐色，其主要的原因為何？,蔬菜脫水導致葉綠素變色,醃漬發酵過程中產生酸,所添加的食鹽與葉綠素的作用,殺菁處理所造成的變色 ,B,,第一次
111,111/10/29,保健食品初級工程師,食品科學概論,39,有關農藥的特性之敘述，下列何者正確？,有機磷農藥屬急性毒、毒性高，對鹼、光、熱均安定,有機氯農藥 DDT 及阿特靈目前仍可使用,有機氯農藥為一具廣效性且安定性高的農藥,有機磷農藥在生物體內不會快速分解，所以可能發生因蓄積而產生慢性毒,C,,第一次
111,111/10/29,保健食品初級工程師,食品科學概論,40,氣相層析法是否能分離樣品中之各成分乃取決於所使用的 ？,檢出器,注射器,管柱,攜帶氣體,C,,第一次
111,111/10/29,保健食品初級工程師,食品科學概論,41,逆相色層分析法主要是依何種特性分離物質？,分子量,極性,質荷比,黏度,B,,第一次
111,111/10/29,保健食品初級工程師,食品科學概論,42,利用硝酸銀（ AgNO 3）測定醬油中食鹽含量的方法為？,中和滴定法,沉澱滴定法,氧化還原滴定法,酸鹼滴定法,B,,第一次
111,111/10/29,保健食品初級工程師,食品科學概論,43,有關水產煉製品的敘述，下列何者錯誤？,魚肉中鹽溶性的肌動凝蛋白（ actomyosin ）會影響魚丸製品的膠強度,魚肉經過漂洗可去除腥味物質,添加轉麩醯胺酶（ TGase）會增強煉製品的彈性,擂潰（ grind）的時間通常為 3-4小時,D,,第一次
111,111/10/29,保健食品初級工程師,食品科學概論,44,有關判定蛋的新鮮度與處理之敘述，下列哪二項正確？ a.蛋的氣室愈大愈新鮮 b.新鮮蛋 無明顯的振動感 c.新鮮的蛋放入比重 1.027之食鹽水中會沉入底部 d.洗蛋的水溫應比 蛋溫為低，以抑制細菌之生長,ab,ac,bc,cd ,C,,第一次
111,111/10/29,保健食品初級工程師,食品科學概論,45,有關市售傳統柴魚製品的敘述，下列哪二者正確？ a.主要原料魚種為旗魚 b.發黴的主要 菌種屬於青黴菌（ Penicillium ） c.柴魚在日本稱為「鰹」魚 d.發黴主要目的是產生特殊 風味,ab,ac,bd,cd,D,,第一次
111,111/10/29,保健食品初級工程師,食品科學概論,46,食物劣變反應可區分為物理性、化學性及生物性，下列敘述何者錯誤？ (1)罐裝奶粉開罐 後放置過久使粉末結塊，屬於物理性 (2)自體分解（ autolysis）引起魚肉成分的變化而變 質，屬於生物性 (3)果膠質的分解導致水果組織軟化，屬於化學性 (4)冷凍食品凍藏過 久導致油耗味產生，屬於物理性,(1)(2),(1)(3),(2)(3),(2)(4),D,,第一次
111,111/10/29,保健食品初級工程師,食品科學概論,47,蜊（ Tapes philippinarum ）罐頭的黑變關鍵是何種微生物引起的？,Clostridium nigrificans,Achrombacter sp.,Saccharomyces sp.,Pseudomonas sp.,A,,第一次
111,111/10/29,保健食品初級工程師,食品科學概論,48,下列何種處理方法，為利用水形成之空泡（洞）作用來清洗果實？,浮游洗淨法（ flotationcleaningwashing ）,超音波洗淨法（ ultrasoniccleaning ）,酵素處理法（ enzymetreatment ）,超過濾法（ ultrafiltration ）,B,,第一次
111,111/10/29,保健食品初級工程師,食品科學概論,49,下列何者為市售油飯的主要原料？,在來米,糯米,蓬萊米,糙米 ,B,,第一次
111,111/10/29,保健食品初級工程師,食品科學概論,50,有關蔗糖的敘述，下列何者不正確 ？,蔗糖的甜度比葡萄糖高,蔗糖的甜度比果糖低,蔗糖在無水條件下高溫加熱可脫水製成焦糖,蔗糖屬於還原糖,D,,第一次
111,111/10/29,保健食品初級工程師,食品科學概論,51,澱粉在下列何種狀況下較容易發生回凝現象？,11℃以上儲存,支鏈澱粉多的食物,10℃以下儲存,水分 40~80%,C,,第一次
111,111/10/29,保健食品初級工程師,食品科學概論,52,在製造番茄漬鯖魚罐頭的過程中，下列何種步驟不需要？,蒸煮,擂潰,加調味液,殺菌,B,,第一次
111,111/10/29,保健食品初級工程師,食品科學概論,53,有關以 pH值分辨新鮮雞蛋的敘述，下列何者正確？,新鮮雞蛋的 pH值介於 4.0~5.5之間,新鮮雞蛋的 pH值介於 6.5~7.0之間,新鮮雞蛋的 pH值介於 7.5~8.5之間,新鮮雞蛋的 pH值介於 9.0~9.5之間,"A,B,C,D",答案有更正,第一次
111,111/10/29,保健食品初級工程師,食品科學概論,54,有關紅茶製作的萎凋過程中，主要由茶葉中的何種物質經氧化後會提供紅茶特殊的風味 及色澤？,胺基酸,脂肪,多元酚,核苷酸,C,,第一次
111,111/10/29,保健食品初級工程師,食品科學概論,55,造成水產品冷凍時蛋白質變性的主要原因是：,凍結速度太快,鮮度太高,羰胺反應（ carbonyl -amine reaction ）,鹽析（ salt out） ,D,,第一次
111,111/10/29,保健食品初級工程師,食品科學概論,56,需經過商業殺菌以避免產生物性危害的低酸性食品為下列何者？,真空低溫調理食品（ Sous -vide）,低溫貯存即食調理食品（ ready to eat ）,低溫貯存真空包裝食品,常溫貯存真空包裝食品,D,,第一次
111,111/10/29,保健食品初級工程師,食品科學概論,57,採用特殊的材料或裝置，在食品包裝後會與內部的空氣或包材產生交互作用，以達到延長 食品儲存期限的目的為下列何者？,智能包裝（ Intelligent package ）,智慧包裝（ Smart package ）,活性包裝（ Active package ）,互動式包裝（ connected package ）,C,,第一次
111,111/10/29,保健食品初級工程師,食品科學概論,58,製造脫水蔬菜時，為了要防止褐變，常以下列何種物質燻蒸？,CO 2,SO2,NO2,CO,B,,第一次
111,111/10/29,保健食品初級工程師,食品科學概論,59,不新鮮的魚會因為微生物利用胺基酸生成下列何種物質，而造成人體過敏 ？,組織胺,氧化三甲胺,次黃質,硫化氫,A,,第一次
111,111/10/29,保健食品初級工程師,食品科學概論,60,下列那種微生物可在罐頭中嫌氣狀態下生長？,肉毒桿菌,腸炎弧菌,仙人掌桿菌,金黃色葡萄球菌,A,,第一次
111,111/10/29,保健食品初級工程師,食品科學概論,61,下列何者為一般市售利樂包飲料包裝材料最常使用的殺菌劑 ？,次氯酸鈉,過氧化氫,臭氧,亞硫酸鹽 ,B,,第一次
111,111/10/29,保健食品初級工程師,食品科學概論,62,真空貯存時，避免蔬果失重的主要原理是貯存環境維持在下列何種條件？,低溫,高濕,換氣,減壓,B,,第一次
111,111/10/29,保健食品初級工程師,食品科學概論,63,為了避免酸化罐頭食品腐敗，低溫殺菌的指標菌為？,肉毒桿菌,乳酸菌,大腸桿菌（ O157:H7）,金黃色葡萄球菌,C,,第一次
111,111/10/29,保健食品初級工程師,食品科學概論,64,海產類的魚腥臭味是來自下列何種物質 ？,丙酮,尿素,甲硫醇,三甲胺,D,,第一次
111,111/10/29,保健食品初級工程師,食品科學概論,65,進行食品原料殺菁時，下列規定何者錯誤？,加熱殺菁時，應在規定殺菁溫度及時間下進行,殺菁完成後，應迅速冷卻,殺菁完成冷卻後，依既定時間間隔進行次一步驟之加工,殺菁機應注意清洗，其用熱水殺菁者，應經常補充熱水及排水，防止殺菁水遭受汙染,C,,第一次
111,111/10/29,保健食品初級工程師,食品科學概論,66,硫酸（ H2SO 4）分子量： 98.1 g，現在取得比重 1.84，重量百分比 96.5%的純硫酸，請問要 取多少重量的純硫酸以配成 800 mL，0.02 N H2SO 4？,0.51 g,0.63 g,0.71 g,0.81 g ,D,,第一次
111,111/10/29,保健食品初級工程師,食品科學概論,67,依發酵程度可將茶葉分成不發酵茶、部分發酵茶和全發酵茶，此處的「發酵」是指進行 何種反應？,水解反應,氧化反應,還原反應,微生物作用,BD,,第一次
111,111/10/29,保健食品初級工程師,食品科學概論,68,食品加工中最易發生褐變現象，下列何種反應不是屬於酵素褐變？,芭樂褐變反應,茶葉褐變反應,抗壞血酸氧化,焦糖化反應,D,,第一次
111,111/10/29,保健食品初級工程師,食品科學概論,69,下列何種油脂所表現之碘價值較高？,奶油,玉米油,豬油,椰子油,B,,第一次
111,111/10/29,保健食品初級工程師,食品科學概論,70,利用高效液相層析 （ HPLC） 直接分析果汁中的有機酸含量，以下何者為較適合的檢測器 ？,可見光檢測器（ visible detector ）,螢光檢測器（ FD）,火焰離子化檢測器（ FID）,示差折射檢測器（ RI）,D,,第一次
111,111/10/29,保健食品初級工程師,食品科學概論,71,下列試劑中何種試劑無法快速檢驗市售百頁豆腐殘留過氧化氫 ？,硫酸鐵,硫酸鎂,硫酸釩,碘化鉀 ,B,,第一次
111,111/10/29,保健食品初級工程師,食品科學概論,72,豆漿中加鈣離子可產生蛋白質凝固的現象，此現象是下列大豆球蛋白中何種官能基與鈣 離子（ Ca++）發生螯合作用？,胺基,羧基,羥基,以上皆是,B,,第一次
111,111/10/29,保健食品初級工程師,食品科學概論,73,有關膜分離食品技術發展與應用，以下敘述何者不正確？,膜分離技術若依照薄膜孔徑大小排序為：超過濾 ＞逆滲透＞電透析＞奈米過濾,利用膜分離技術過濾細菌時 ，其薄膜孔徑需小於 0.2 μm，才有效果,要分離與回收乳清（ whey）中之乳清蛋白質與乳糖成分，必須結合超過濾與逆滲透 兩種膜分離技術才能達成,可以利用電透析與逆滲透分離技術，達到海水淡化的效果,A,,第一次
111,111/10/29,保健食品初級工程師,食品科學概論,74,食品安全管理系統標準 ISO22000:20055 之8大項架構（或稱要求事項）中不包括下列何 者？,相互溝通,引用標準,管理責任,安全產品的規劃與實現,A,,第一次
111,111/10/29,保健食品初級工程師,食品科學概論,75,在恆溫下，依食品水分之去吸附（ desorption ）與再吸收（ resorption ）曲線的關係，下列敘 述何者正確？,於一定水分含量下的水活性值，去吸附＞再吸收,於一定水活性（ Aw）下的水分含量值，去吸附 ＞再吸收,於一定水活 性（ Aw）下的水分含量值，去吸附＜再吸收,於一定水活性（ Aw）下的水分含量值，去吸附＝再吸收,B,,第一次
111,111/10/29,保健食品初級工程師,食品科學概論,76,下列何者不屬於食品防護（ food protection ）機制管理模式導入之基礎事項？,食品安全,食品防禦,食品檢驗,食品品質 ,C,,第一次
111,111/10/29,保健食品初級工程師,食品科學概論,77,下列何者為貝類主要的鮮味成分？,麩胺酸鈉（ monosodium glutamate ）,5-次黃嘌呤核苷酸（ 5-inosinic monophosphate ）,琥珀酸鈉（ sodium succinate ）,5-鳥糞嘌呤核苷酸（ 5-guanosine monophosphate ）,C,,第一次
111,111/10/29,保健食品初級工程師,食品科學概論,78,乳品加工食品業者如需聘任專門職業人員時，下列何者不符合資格 ？,食品技師,營養師,畜牧技師,獸醫師,B,,第一次
111,111/10/29,保健食品初級工程師,食品科學概論,79,下列何者不屬於食品安全衛生管理法規範的項目 ？,硼砂,吊白塊,丙烯醯胺,檳榔,D,,第一次
111,111/10/29,保健食品初級工程師,食品科學概論,80,食品安全衛生管理法在中央之主管機構為何 ？,科技部,衛生福利部,經濟部,農業委員會 以 下 空 白,B,,第一次
111,111/10/29,保健食品初級工程師,保健食品概論,1,下列何者為鈣質的主要功能 ？,構成牙齒及骨骼的主要成分,幫助血液凝固,控制神經感應及肌肉的收縮,以上皆是,D,,第一次
111,111/10/29,保健食品初級工程師,保健食品概論,2,人體對以下那些營養素的需求量是以公克為單位？,醣類和蛋白質,蛋白質和維生素,維生素和礦物質,礦物質和脂質,A,,第一次
111,111/10/29,保健食品初級工程師,保健食品概論,3,請問以下何種脂肪酸比較具有預防心血管疾病之功效？,飽和脂肪酸,中鏈脂肪酸,多元不飽和脂肪酸,反式脂肪酸,C,,第一次
111,111/10/29,保健食品初級工程師,保健食品概論,4,喝一杯 500 mL的全麥啤酒（酒精含量為 4%） ，大約會獲得多少 Kcal熱量？,80,140,180,220,B,,第一次
111,111/10/29,保健食品初級工程師,保健食品概論,5,研究顯示，經常食用富含脂肪的魚類可導致下列何種情形 ？,降低血壓,高血膽固醇,更多的血栓塊,減少 omega -3脂肪酸的儲存 ,A,,第一次
111,111/10/29,保健食品初級工程師,保健食品概論,6,根據國人膳食營養素參考攝取量， 12個月大嬰兒鈣的上限攝取量訂為每天多少毫克？,500,1000,1500,2000,C,,第一次
111,111/10/29,保健食品初級工程師,保健食品概論,7,70歲的爺爺買了一罐鈣片，產品標示每顆鈣含量為 500毫克，爺爺一天不能吃超過幾顆？,2,3,4,5,D,,第一次
111,111/10/29,保健食品初級工程師,保健食品概論,8,維生素 D有助免疫調節，懷孕期的參考攝取量為每日多少微克？,5,10,15,20,B,,第一次
111,111/10/29,保健食品初級工程師,保健食品概論,9,姊姊有缺鐵性貧血，以下哪一種食物有助鐵的吸收？,咖啡,奶茶,果汁,豆漿,C,,第一次
111,111/10/29,保健食品初級工程師,保健食品概論,10,弟弟的早餐是饅頭，選擇什麼飲料有助於蛋白質的攝取？,咖啡,紅茶,果汁,豆漿,D,,第一次
111,111/10/29,保健食品初級工程師,保健食品概論,11,含鋁制酸劑的胃藥，應避免合併使用什麼維生素，以免副作用增加？,維生素 E,維生素 C,維生素 B,維生素 A,B,,第一次
111,111/10/29,保健食品初級工程師,保健食品概論,12,對健康人而言，下列何種食物選擇生食可獲得較多的營養好處？,番茄,金針,竹筍,高麗菜,D,,第一次
111,111/10/29,保健食品初級工程師,保健食品概論,13,環保愛地球可以從飲食做起，在同重量條件下，以下何者是碳排放較低的食物？,起司,魚,牛肉,牛奶巧克力,B,,第一次
111,111/10/29,保健食品初級工程師,保健食品概論,14,以每日熱量攝取 1800大卡為例，每日外加糖的攝取不宜超過多少？,25克,45克,50克,55克,B,,第一次
111,111/10/29,保健食品初級工程師,保健食品概論,15,蛋白質在人體的消化與吸收需要哪些條件？,鹼性、脂解酶、滲透運輸、肝,鹼性、澱粉酶、擴散運輸、口腔,酸性、乳化劑、囊泡運輸、胃,酸性、蛋白酶、主動運輸、空腸,D,,第一次
111,111/10/29,保健食品初級工程師,保健食品概論,16,下列何者對活化型維生素 D3的敘述是正確的 ？,可見光可促進合成,其合成受到腎上腺素的調節,其合成需要膽固醇作為前驅物,抑制小腸對鈣離子的吸收,C,,第一次
111,111/10/29,保健食品初級工程師,保健食品概論,17,人體的上皮細胞完整是防止病原菌入侵的第一道防線，哪一類食物最能夠提供上皮細胞 所需要的營養？,蔬菜類,牛肉類,堅果類,五穀類 ,A,,第一次
111,111/10/29,保健食品初級工程師,保健食品概論,18,下列控制血膽固醇濃度方法中，何者促進 LDL -receptor活性效果較佳？,控制體重,多吃非水溶性纖維,攝取較少飽和性脂肪酸,規律及持續性運動,C,,第一次
111,111/10/29,保健食品初級工程師,保健食品概論,19,台灣曾於 2013發生所謂毒澱粉使用於食品之事件，此毒澱粉是指下列何者化學物質？,N-亞硝二甲胺,二甲基甲醯胺,異氰酸甲酯,順丁烯二酸酐,D,,第一次
111,111/10/29,保健食品初級工程師,保健食品概論,20,甲基汞之主要毒性標的器官為何 ？,肝,腎,腦,肺,C,,第一次
111,111/10/29,保健食品初級工程師,保健食品概論,21,下列工業原料中何者曾被添加於牛乳或乳製品中，因而導致嬰幼兒中毒事件 ？,三聚氰胺,氰化鈉,丙烯醛,異氰酸甲酯,A,,第一次
111,111/10/29,保健食品初級工程師,保健食品概論,22,食物中可能存在有丙烯醯胺（ Acrylamide ） ，其主要造成何種毒性？,肝臟毒性,腎臟毒性,肺臟毒性,神經毒性,D,,第一次
111,111/10/29,保健食品初級工程師,保健食品概論,23,健康食品安全性評估方法中動物致畸試驗時，若以鼠或鼷鼠進行試驗，則每劑量組應有幾 隻動物以上 ？,5,10,15,20,D,,第一次
111,111/10/29,保健食品初級工程師,保健食品概論,24,健康食品安全性評估方法中有所謂的 Ames test ，此試驗是指下列何者？,體外哺乳類細胞基因毒性試驗,體外鼷鼠淋巴瘤 tk細胞基因毒性試驗,體外微生物基因突變試驗,體外骨髓細胞微核基因毒性試驗,C,,第一次
111,111/10/29,保健食品初級工程師,保健食品概論,25,橙劑（ Agent Orange ）為越戰期間美軍施用之落葉劑，嚴重汙染環境也使得農漁作物受汙 染，可能是因橙劑中含有的不純物所致。此不純物為下列何種環境污染物 ？,多氯呋喃,戴奧辛,三氯乙烯,三氯甲烷,B,,第一次
111,111/10/29,保健食品初級工程師,保健食品概論,26,關於＂咖啡＂ ，下列敘述何者錯誤？,含咖啡因，可以減少疼痛感覺,是天然的中樞神經抑制物質,過量可能導致心悸、手抖等副作用,咖啡因每日攝取量建議在 300毫克以下,B,,第一次
111,111/10/29,保健食品初級工程師,保健食品概論,27,關於＂食品添加物＂ ，下列敘述何者正確？,吃過量恐致癌,具有致癌疑慮之物質需限量使用,我國訂定有合理的使用量，但並未限制使用範圍,我國對於食品添加物的管理採正面表列方式,D,,第一次
111,111/10/29,保健食品初級工程師,保健食品概論,28,洋蔥與魚蝦一起食用可能會干擾蛋白質的消化吸收，原因為洋蔥含有下列何種成分？,檸檬酸,草酸,酒石酸,沒食子酸 ,B,,第一次
111,111/10/29,保健食品初級工程師,保健食品概論,29,對於需透析的腎臟疾病患者而言，食用香蕉可能需要注意和限制以免增加腎臟負擔，是因 香蕉中富含何種離子？,鉀離子,鈉離子,鎂離子,鈣離子,A,,第一次
111,111/10/29,保健食品初級工程師,保健食品概論,30,下列有關 1歲以下嬰兒額外補充水份之敘述，何者為正確？,母乳約 90%的成份是水，因此喝母乳寶寶不需額外喝水,市售配方奶，一般的比例是水份占 87%，不會有缺乏水分的問題,過多水分恐致血液中鈉離子濃度降低，引起水中毒,以上皆是,D,,第一次
111,111/10/29,保健食品初級工程師,保健食品概論,31,胡蘿蔔、枸杞子及南瓜等食物會讓皮膚變黃，是因這些食物富含何種維生素之故？,維生素 B,維生素 A,維生素 K,維生素 D,B,,第一次
111,111/10/29,保健食品初級工程師,保健食品概論,32,重度腎臟病患或是尿毒症病人食用楊桃可能引起何種器官病變？,肝臟,腸胃道,心臟,神經系統,D,,第一次
111,111/10/29,保健食品初級工程師,保健食品概論,33,下列何種食品添加物可作為抗氧化劑使用？ a.沒食子酸丙酯 b. L-半胱氨酸鹽酸鹽 c. L-抗壞血酸棕櫚酸酯 ：,a,ab,bc,abc ,D,,第一次
111,111/10/29,保健食品初級工程師,保健食品概論,34,依據目前公告之健康食品安全評估方法，下列敘述何者為正確？,第二類是指產品之原料為非傳統食用，但產品或原料是以通常加工製備者,安全評估試驗應依分層試驗法概念進行,除了產品分類規定之動物試驗外，允許提供額外動物試驗以佐證,以上皆是,B,,第一次
111,111/10/29,保健食品初級工程師,保健食品概論,35,依據目前公告之健康食品安全評估方法，下列敘述何者為錯誤？,試驗需以適當之實驗動物來進行,試驗主持人應具備食品安全或毒理學相關之專業背景與經驗,試驗計畫主持人所屬單位應即為試驗執行單位,非經主管機關要求，不得執行產品分類規定以外之動物試驗,C,,第一次
111,111/10/29,保健食品初級工程師,保健食品概論,36,下列有關反式脂肪之敘述何者為錯誤？,人造的反式脂肪主要來自於經過氧化的植物油,攝取過多反式脂肪會增加罹患心血管疾病風險,天然的乳製品也可能存在反式脂肪,我國規定於營養標示內應標示反式脂肪項目,A,,第一次
111,111/10/29,保健食品初級工程師,保健食品概論,37,馬鈴薯發芽時會產生何種有毒物質而可能導致食用中毒？,吡咯里西啶類生物鹼,顛茄生物鹼,配醣生物鹼,麥角生物鹼,C,,第一次
111,111/10/29,保健食品初級工程師,保健食品概論,38,新鮮的樹薯塊根含有微量具有毒性的何種物質？而食用之樹薯粉經加工過程可去除此有 毒物質。,龍葵鹼,氰酸,水楊酸,烏頭鹼,B,,第一次
111,111/10/29,保健食品初級工程師,保健食品概論,39,吊白塊具有漂白及防腐作用，禁止使用於食品中，因其會殘留亞硫酸鹽和何種物質於 食 品中？,過氧化氫,氰化鉀,氯化氫,甲醛,D,,第一次
111,111/10/29,保健食品初級工程師,保健食品概論,40,有一乳酸菌保健產品，菌株為自行篩選自國人糞便者，欲申請健康食品認證，下列敘述何 者為錯誤 ？,屬第一類安全性評估,應有菌株鑑定報告,若菌株與藥品為相同來源，其用法、用量及標示應與藥品適當區隔,以上皆非,A,,第一次
111,111/10/29,保健食品初級工程師,保健食品概論,41,有機錫化合物（ organotin compounds ）會污染魚產品或食品，下列相關敘述何者正確 ？ a.毒性高低與「錫」原子所鍵結的有機官能基種類與數目有關， b.我國已禁用三苯基錫， c.屬環境荷爾蒙（ 內分泌干擾物質）,"a,b","b,c",c,abc,D,,第一次
111,111/10/29,保健食品初級工程師,保健食品概論,42,下列有關供食品原料使用之苦橙（ Citrus aurantium ）之敘述，何者錯誤 ？,每日食用限量以所含辛弗林（ synephrine ）計為二十毫克,synephrine 化學結構類似於麻黃素,與咖啡因產品同時食用時需限量使用,具心血管疾病者不宜使用,C,,第一次
111,111/10/29,保健食品初級工程師,保健食品概論,43,使用下列何種物質作為原料之食品時，應標示「本產品可能引起孩童過敏」及「不能飲用 葡萄柚原汁之用藥者應特別注意」 ？,奇異果（ Actinidia chinensis）種子萃取物,冬蟲夏草菌絲體,鼠尾草（ Salvia hispanica ）種子,以上皆是 ,A,,第一次
111,111/10/29,保健食品初級工程師,保健食品概論,44,下列何種食物可能含有會造成溶血（ hemolysis ）現象的成分 ？,花生,蠶豆,馬鈴薯,茄子,B,,第一次
111,111/10/29,保健食品初級工程師,保健食品概論,45,關於健康食品工廠良好作業規範中，下列何者不是從業人員所符合之規定？,工作時需穿戴整潔之工作衣帽,手部應保持清潔，但不宜穿戴手套,新進人員應先經衛生醫療機構健康檢查合格，使得雇用,工作中不得飲食,B,,第一次
111,111/10/29,保健食品初級工程師,保健食品概論,46,第二軌的健康食品標示字號為：,衛部健食規字第 OOOOOO 號,衛部健食 A字第 OOOOOO 號,衛部健食 B字第 OOOOOO 號,衛部健食軌字第 OOOOOO 號,A,,第一次
111,111/10/29,保健食品初級工程師,保健食品概論,47,以下何者非目前市售保健食品的前幾位功效訴求？,抗疲勞,腸胃道保健,護肝,免疫調節,ABCD,,第一次
111,111/10/29,保健食品初級工程師,保健食品概論,48,食品業者欲申請健康食品查驗登記應向何機關申辧？,衛生福利部（食品藥物管理署）,各地方政府衛生局,財團法人醫藥品查驗中心,保健食品學會,A,,第一次
111,111/10/29,保健食品初級工程師,保健食品概論,49,以下何者為現在製造的膠囊狀健康食品應標示事項？ ① 保健功效之相關成分含量 ② 製 造工廠名稱 ③「本產品非藥品，供保健用，罹病者仍需就醫。」字樣 ④「請依建議攝取 量食用，勿過量。」字樣,①②③,①②④,②③④,①③④,D,,第一次
111,111/10/29,保健食品初級工程師,保健食品概論,50,目前已通過健康食品延緩衰老功能認證的產品，下列何者是其保健成分原料？,β-聚葡萄糖,管花肉蓯蓉苯乙醇苷,魚油,紅麴,B,,第一次
111,111/10/29,保健食品初級工程師,保健食品概論,51,使用大豆萃取物開發健康食品，需注意事項為何？,不得單一原料使用,所含異黃酮（ Isoflavones ）每日最高攝食量為 50 mg,應加標「孕婦忌食」字樣之警語,應加標「本品請勿長期或大量食用」字樣之警語,B,,第一次
111,111/10/29,保健食品初級工程師,保健食品概論,52,品質改良劑「碳酸鎂」可用於各類食品；著色劑「銅葉綠素」限用於口香糖及泡泡糖、膠 囊錠狀食品；營養添加劑「鉬酸鈉（無水） 」限用於膠囊錠狀食品及特殊營養食品；營養 添加劑「硫酸鈣」限用於膠囊錠狀食品；以上四項食品添加物混合為複方食品添加物之使 用範圍為何 ？,各類食品,口香糖及泡泡糖、膠囊錠狀食品,口香糖及泡泡糖、膠囊錠狀食品及特殊營養食品,膠囊錠 狀食品,D,,第一次
111,111/10/29,保健食品初級工程師,保健食品概論,53,有關健康食品個案審查（符合健康食品管理法第三條第一項第一款規定者） ，下列何者不 是初審應檢具之文件資料？,產品原料成分規格含量表,產品之安全評估報告,產品製程概要,進口完稅證明 ,D,,第一次
111,111/10/29,保健食品初級工程師,保健食品概論,54,取得衛生福利部查驗登記許可之健康食品，於許可證於有效期間內，中央主管機關可基於 何原因對已經許可之健康食品重新評估？,廣告多次違規,仿冒他人註冊商標,負責廠商遭強制執行,產品之成分、配方、生產方式受到質疑,D,,第一次
111,111/10/29,保健食品初級工程師,保健食品概論,55,衛生福利部辦理嬰兒與較大嬰兒配方食品查驗登記，其範圍不包含何者？,單獨食用即可滿足出生至 6個月內嬰兒營養需求之母乳代用品,供逾 6個月至 12個月之較大嬰兒，於斷奶過程中，配合嬰兒副食品所使用之配方食 品,嬰兒食用之米精與麥精,特殊醫療用途嬰兒配方食品,C,,第一次
111,111/10/29,保健食品初級工程師,保健食品概論,56,食品中添加「碳酸鎂」作為品質改良劑時，使用限量為 5 g/kg以下，下列何者符合規定？,膠囊每顆 500 mg中含有碳酸鎂 2 mg,每 150 kg食品中含有碳酸鎂 0.8 kg,500顆錠狀食品（每顆 200 mg）總計含有碳酸鎂 2 g,每 25 kg食品中含有碳酸鎂 150 g,A,,第一次
111,111/10/29,保健食品初級工程師,保健食品概論,57,保健食品發展面對的社會環境變化，下列何者為非？,數位生活追求精準健康,社群及網路活絡影響產品與服務需求,追求身心靈健康需求,高齡少子的人口結構變化對保健需求沒影響,D,,第一次
111,111/10/29,保健食品初級工程師,保健食品概論,58,保健食品發展面對的經濟環境變化，下列何者為非？,上下游專業分工愈趨重要,保健食品的商業模式及通路形態更為活潑,區域經貿合作關係不影響產品研發,國際合作及布局重要性加大,C,,第一次
111,111/10/29,保健食品初級工程師,保健食品概論,59,雞精產品一直是保健食品的主流市場，以下何者為非？,傳統雞精之外，尚有滴雞精、熬雞精等產品,以上三者的功效成分各不相同,源自食補的概念受到消費者喜愛,近年來魚精也可能成為其替代品 ,ABCD,,第一次
111,111/10/29,保健食品初級工程師,保健食品概論,60,下列何者不是國內重要且具特色的保健原料 ？,紅麴,羅望子,綠藻,牛樟芝,B,,第一次
111,111/10/29,保健食品初級工程師,保健食品概論,61,國內對包裝維生素礦物質類的錠狀膠囊狀食品，其營養標示的規定敘述，何者為誤 ？,含量標示數值以阿拉伯數字表示,維生素 A、維生素 D及維生素 D應加註國際單位（ IU）之含量標準,需垂直表格完整呈現，不得切割橫向連續表格,需列示營養標示之標題,C,,第一次
111,111/10/29,保健食品初級工程師,保健食品概論,62,目前臺灣通過健康食品規格基準審查過的產品，何者敘述錯誤？,有魚油及紅麴 2類,功效訴求以調節血脂及胃腸功能改善為主,產品項數紅麴大於魚油,申請商與製造商可不相同,B,,第一次
111,111/10/29,保健食品初級工程師,保健食品概論,63,下列有關乙型受體素 -萊克多巴胺（ Ractopamine ）之敘述何者為不正確？,添加於動物飼料中可以增強家畜家禽的瘦肉比例,屬於類交感神經刺激劑,依規定其殘留容許量在牛肉及豬肉中為 10 ppb以下,家禽類肉品中 不得檢出,C,,第一次
111,111/10/29,保健食品初級工程師,保健食品概論,64,可作為化妝清潔用品之雙性胺基酸為 ？,麩胺酸 glutamic acid,甲硫胺酸 methionene,苯丙胺酸 phenylalanine,丙胺酸 alanine,A,,第一次
111,111/10/29,保健食品初級工程師,保健食品概論,65,依食品安全衛生管理法規定，下列有關含冬蟲夏草類產品之敘述何者錯誤 ？,冬蟲夏草可做為食品原料,產品須標示菌株之中文名稱及拉丁學名,使用之菌株須為中華被毛孢（ Hirsutella sinensis ）,以上皆非 ,A,,第一次
111,111/10/29,保健食品初級工程師,保健食品概論,66,以下哪一種飽和脂肪酸比較不容易增加血膽固醇？,肉豆蔻酸,月桂酸,棕櫚酸,硬脂酸,D,,第一次
111,111/10/29,保健食品初級工程師,保健食品概論,67,誤食含馬兜鈴酸（ Aristolochic acid ）植物時，主要會引起哪一種毒性反應：,中樞神經毒性,腎臟毒性,肝臟毒性,心臟毒性,B,,第一次
111,111/10/29,保健食品初級工程師,保健食品概論,68,可可豆之生產，歷經日光曝曬發酵及烘烤乾燥等製程，可能產生何種有毒物質？,氟氯碳化物,多環芳香族碳氫化合物,氮氧化物,硫氧化物,B,,第一次
111,111/10/29,保健食品初級工程師,保健食品概論,69,基因毒性試驗中使用的細菌 S. typhimuriun TA 98 的特性為何？,具有抗突變性,為一種大腸桿 菌,若待測物具有致突變性則會在缺乏碳源的培養基上觀察到此株菌的生長,突變株可自行合成組胺酸,D,,第一次
111,111/10/29,保健食品初級工程師,保健食品概論,70,"無毒性顯示之劑量（ no-observed-adverse -effect level, NOAEL ）可藉由哪一項測試得知？",致畸試驗,基因毒性試驗,致癌性試驗,28天餵食毒性試驗,D,,第一次
111,111/10/29,保健食品初級工程師,保健食品概論,71,食品原料標示時，對冬蟲夏草菌絲體的使用，何者敘述有誤 ？,要於外包加註「本產品非中藥材冬蟲夏草之製品」的醒語,完整「冬蟲夏草菌絲體」 7個字，字體大小要一致,需備菌株鑑定證明或分離來源等相關文件,可直接使用菌株英文名稱，不需中文名稱,D,,第一次
111,111/10/29,保健食品初級工程師,保健食品概論,72,國內目前取得健康食品認證的產品，產品型態沒有下列那些類別？,茶飲料,豆漿,膠囊錠劑,以上皆有,D,,第一次
111,111/10/29,保健食品初級工程師,保健食品概論,73,業者向衛生福利部申請輸入錠狀、膠囊狀食品查驗登記，何者非衛生福利部不予登記並發 駁回書函之主要原因？,成分含量表列載之成分或含量，與包裝、標籤標示之成分或含量不一致者,產品使用之添加物係衛福部所定「食品添加物使用範圍及限量暨規格標準」未收載者,提出申請時未檢附產品成分含量表正本,逾通知補件期限未補件者,C,,第一次
111,111/10/29,保健食品初級工程師,保健食品概論,74,衛生福利部依據食品安全衛生管理法第七條第三項公告「應設置實驗室之食品業者類別 及規模」 ，國內茶葉飲料健康食品製造工廠設置實驗室，以下何者為非？,辦理工廠登記且資本額三仟萬，應設置實驗室,茶葉飲料之製造、加工、調配業者皆為被規範的對象,茶葉飲料之改裝業者不是被規範的對象,設置之實驗室，應從事自主檢驗,A,,第一次
111,111/10/29,保健食品初級工程師,保健食品概論,75,有關健康食品查驗登記許可製造廠變更登記之申請，以下何者為非？,僅可取代性變更，不可增列製造廠,應檢附三批產品衛生檢驗規格及其檢驗報告,應檢附三批一般營養成分分析報告,應檢附三批保健功效安定性試驗報告,A,,第一次
111,111/10/29,保健食品初級工程師,保健食品概論,76,食物不耐症是因為個人無法消化某些食物成分所引起，最容易引發食物不耐症的原因為 下列何者 ？,乳糖,麩質,味精,西瓜,A,,第一次
111,111/10/29,保健食品初級工程師,保健食品概論,77,亞硝酸鹽 -硫代硫酸鈉可以用來治療何種毒性物質引起的中毒 ？,氯氣,光氣,氟化物,氰化物,D,,第一次
111,111/10/29,保健食品初級工程師,保健食品概論,78,下列保健食品巿場的發展環境，何者敘述有誤 ？,健康保健需求不可逆，持續成長,高齡化是重要推動力量,發酵技術過於傳統，不值得重視,智能設備及智慧生活引導精準及客製化保健食品與服務開發,C,,第一次
111,111/10/29,保健食品初級工程師,保健食品概論,79,當能量營養素攝取過多時，何者可以脂肪形式儲存？,只有脂肪,只有碳水化合物,脂肪和碳水化合物,脂肪、碳水化合物及蛋白質,D,,第一次
111,111/10/29,保健食品初級工程師,保健食品概論,80,下列何者不屬於「營養素或特定成分，有明訂的標示、宣傳生理功能詞句」？,維生素 B1、B2、B6、B12、C、D、E、K,菸鹼素、葉酸、生物素、泛酸,鈣、鐵、碘、鎂、鋅、鉻,胺基酸、核甘酸 以 下 空 白,D,,第一次
112,112/4/22,保健食品初級工程師,食品科學概論,1,用於清洗生鮮即食食品之主要消毒成分（次氯酸） ，其殘留濃度（ ppm）為多少 ？,0.5,1,2,3,B,,第二次
112,112/4/22,保健食品初級工程師,食品科學概論,2,塑膠製食品容器及包裝回收使用原則，下列何者錯誤？,不得有不良變色、異臭、異味等,不得回收使用,經清潔、消毒及有效殺菌後可重複使用,不得含有異物或纖維剝落,ABCD,,第二次
112,112/4/22,保健食品初級工程師,食品科學概論,3,有關 HACCP之敘述，下列何者錯誤？,HACCP小組成員一定需包含食品技師,HACCP小組成員學歷需為碩士以上,HACCP小組成員每年須參加 16小時教育訓練,執行 HACCP計畫需建立產品規格描述,ABC,,第二次
112,112/4/22,保健食品初級工程師,食品科學概論,4,在未取得產品輸入許可前，擅自移動、啟用或販賣者，將沒收所收取之保證金，並於多久 期間內暫停受理該食品業者具結保管之申請？,0.5年,1年,1.5年,2年,B,,第二次
112,112/4/22,保健食品初級工程師,食品科學概論,5,某進口商調配咖啡豆來自巴西（ 35%）和哥倫比亞（ 65%） ，原產地應標示 ？,哥倫比亞、巴西,哥倫比亞,巴西,巴西、哥倫比亞 ,A,,第二次
112,112/4/22,保健食品初級工程師,食品科學概論,6,標示於最小販售單位、字體長寬不小於幾公分？,0.1,0.2,0.3,0.5,B,,第二次
112,112/4/22,保健食品初級工程師,食品科學概論,7,柑橘果汁長期儲存會因維生素 C氧化而褐變，下列何種抗氧化劑適合添加？,檸檬酸單甘油酯,抗壞血酸棕櫚酸酯,丁基羥基甲氧苯（ BHA）,抗壞血酸鈉鹽,D,,第二次
112,112/4/22,保健食品初級工程師,食品科學概論,8,請問在單一生產線同日要生產鮮乳、保久乳和巧克力牛奶，你的生產排程如何安排？,鮮乳、保久乳、巧克力牛奶,巧克力牛奶、鮮乳、保久乳,巧克力牛奶、保久乳、鮮乳,自主管理,A,,第二次
112,112/4/22,保健食品初級工程師,食品科學概論,9,動物性精製油在食品安全監測計畫中得不包括哪項檢驗項目？,重金屬,丙烯醯胺,總極性化合物,苯芘（ Benzopyrene ）,B,,第二次
112,112/4/22,保健食品初級工程師,食品科學概論,10,用於清洗消毒食品接觸面（乳品類加工設備）之過氧化氫使用濃度限量（ ppm）為何？,165,265,465,865,C,,第二次
112,112/4/22,保健食品初級工程師,食品科學概論,11,食品業者所聘用調理烘焙人員中，各種餐飲業持有技術證照人員比率，下列何者錯誤 ？,觀光旅館 ：85%,供應學校 ：75%,中央廚房 ：70%,自助餐 ：50% ,D,,第二次
112,112/4/22,保健食品初級工程師,食品科學概論,12,牛奶中金黃色葡萄球菌在 60℃下的 D值約幾分鐘 ？,3,6,9,12,B,,第二次
112,112/4/22,保健食品初級工程師,食品科學概論,13,水產品初級加工場管理辦法，納管適用水產類的 6類加工方式，不包括哪項？,二去 /三去,油炸,汆燙、熟成,乾燥,B,,第二次
112,112/4/22,保健食品初級工程師,食品科學概論,14,包裝醬油標示為 ［釀造］者，產品總含氮量應達多少 g/100 mL ？,0.3,0.8,1,1.5,B,,第二次
112,112/4/22,保健食品初級工程師,食品科學概論,15,植物性油脂業者針對重金屬項目最低檢驗週期為何？,一季一次,半年一次,一年一次,自主管理,B,,第二次
112,112/4/22,保健食品初級工程師,食品科學概論,16,下列何者不是 ISO 9000 的品質管理原則？,目標導向,全員參與,領導統御,顧客為重,A,,第二次
112,112/4/22,保健食品初級工程師,食品科學概論,17,依據食品良好衛生規範準則規定，食品物流業者對於低溫食品的理貨及裝卸，應在攝氏幾 度以下場所迅速進行？,7,15,18,20,B,,第二次
112,112/4/22,保健食品初級工程師,食品科學概論,18,下列何者食品內容物與製品不需強制進行過敏原標示？ [建議送分 ],豆漿,芒果汁,椰子水,牛奶,ABCD,,第二次
112,112/4/22,保健食品初級工程師,食品科學概論,19,下列何者最有可能是 [養殖魚貝類 ]的危害因子？,組織胺,有機汞,揮發性鹽基態氮,雪卡毒（ ciguatoxin ）,C,,第二次
112,112/4/22,保健食品初級工程師,食品科學概論,20,製造及加工業類別之食品業者應登錄之事項，何者不正確：,食品業者基本資料,倉儲場所基本資料,委託或受託代工情形,製造及加工之原料資訊,D,,第二次
112,112/4/22,保健食品初級工程師,食品科學概論,21,保存期限可超過 10日以上的冷藏真空食品，不包括下列何者 ？,添加亞硝酸鹽或硝酸鹽,水活性在 0.87以下,pH值小於 4.6,鹽濃度大於 3.5%之煙燻及發酵食品,"A,B,C,D",答案有更正,第二次
112,112/4/22,保健食品初級工程師,食品科學概論,22,食品販賣業者有販賣、貯存冷凍或冷藏食品時，除依販賣業者一般規定外，尚須符合的規 定，下列何者錯誤 ？,販賣業者不得改變製造業者原來設定的食品保存溫度,冷凍（藏）食品應使用金屬材料或橡皮圈等物固定,冷凍食品與冷藏食品應分開貯存及販賣,冷凍（藏）食品貯存或陳列於冷凍（藏）櫃內時，不得超過最大裝載線,B,,第二次
112,112/4/22,保健食品初級工程師,食品科學概論,23,下列何者不是質譜儀之質量分析器（ Mass analyzer ）？,離子阱式（ iontrap）,飛行時間式（ time of flight ）,磁扇形電場式（ magnetic sector）,電噴灑游離式（ electron spray ionization ） ,D,,第二次
112,112/4/22,保健食品初級工程師,食品科學概論,24,溶液之吸光測定法主要是依據藍伯特 －比耳定律 （Lambert -Beer ’s）來表示，有關藍伯特 －比耳定律： A= abc之敘述，下列何者錯誤？,A為吸光度,a為吸光係數,b為液層厚度,c入射光強度,D,,第二次
112,112/4/22,保健食品初級工程師,食品科學概論,25,下列何者為不飽和脂肪酸？,月桂酸（ lauric acid ）,硬脂酸（ stearic acid ）,棕櫚酸（ palmitic acid ）,油酸（ oleic acid）,D,,第二次
112,112/4/22,保健食品初級工程師,食品科學概論,26,溫體豬肉放久後色澤褐化，主要是因會形成哪種物質 ？,肌紅蛋白（ Mb）,氧化肌紅蛋白（ MetMb）,氧合肌紅蛋白（ MbO2）,亞硫酸肌紅蛋白（ NOMb）,B,,第二次
112,112/4/22,保健食品初級工程師,食品科學概論,27,當變性蛋白質集合形成有次序的網狀結構時，這個過程稱為：,凝聚,絮凝,沈澱,凝膠,D,,第二次
112,112/4/22,保健食品初級工程師,食品科學概論,28,麥芽糖是由那兩個單醣結合而失去一水分子所構成？,葡萄糖、果糖,葡萄糖、葡萄糖,木糖、葡萄糖,果糖、果糖,B,,第二次
112,112/4/22,保健食品初級工程師,食品科學概論,29,二硝基水楊酸法（ dinitrosalicylic acid ）較不適合分析以下哪種醣類？,葡萄糖,甘露糖,乳糖,蔗糖 ,D,,第二次
112,112/4/22,保健食品初級工程師,食品科學概論,30,有關丙烯醯胺敘述何者有誤？,高碳水化合物的食品較易產生,酸性下較不易產生,天門冬醯胺酸，甲硫胺酸和三酸甘油酯都是可能的反應物,高溫高水分含量較易產生,D,,第二次
112,112/4/22,保健食品初級工程師,食品科學概論,31,冷凍雞肉酸敗（ rancidity）主因是油脂氧化造成，以下何者敘述有誤？,游離脂肪酸逐漸增加,主因是 trypsin在凍結溫度下仍有活性,70%由磷脂質分解,負10℃約比 -18℃少一半的保存期限,B,,第二次
112,112/4/22,保健食品初級工程師,食品科學概論,32,在加工含糖泡沫型甜食產品如蛋白甜餅，習慣在攪打後才加入糖的主因為何？,增加蛋白質起泡能力,降低相的黏度,使蛋白質吸附和展開,增加泡沫膨脹率,C,,第二次
112,112/4/22,保健食品初級工程師,食品科學概論,33,可用高效液相層析儀 （ HPLC） 定量食品中糖精含量，其移動相之適當流速應為下列何者？,15 L/min,1.5 L/min,1.5 mL/min,15 mL/min,C,,第二次
112,112/4/22,保健食品初級工程師,食品科學概論,34,有關醣類結構特性之敘述，下列何者正確？,果糖的環狀結構為六環,甘露糖是一種六碳醛糖,半乳糖屬於酮糖,葡萄糖為左旋糖，旋光度為 - 52.2度,B,,第二次
112,112/4/22,保健食品初級工程師,食品科學概論,35,食用油（ 5 g）與過量碘化鉀反應，游離碘以 0.10N的硫代硫酸鈉滴定，經空白校正後滴 定體積為 0.60 mL，請問油的過氧化價為何？,1.2,12,0.6,6,B,,第二次
112,112/4/22,保健食品初級工程師,食品科學概論,36,何者較不常見用於純化農藥殘留的製備層析之固定相？,矽膠（二氧化矽高凝膠型態）,聚丙烯醯胺凝膠,氧化鋁,活性碳,B,,第二次
112,112/4/22,保健食品初級工程師,食品科學概論,37,下列何種醣類不會與斐林試劑產生反應？,葡萄糖,半乳糖,海藻糖,麥芽糖,C,,第二次
112,112/4/22,保健食品初級工程師,食品科學概論,38,使用酚 -硫酸法測定碳水化合物含量時，需先配製下列何種物質之標準曲線？,L-果糖,D-果糖,L-葡萄糖,D-葡萄糖,D,,第二次
112,112/4/22,保健食品初級工程師,食品科學概論,39,欲檢出灰分中是否有磷的存在時，需使用下列何種試劑？,碳酸銨,草酸銨,鉬酸銨,氫氧化銨,C,,第二次
112,112/4/22,保健食品初級工程師,食品科學概論,40,濾紙色層分析某化合物時，展開劑移動的距離為 12公分，化合物色點移動的距離為 9公 分，請問該化合物的 Rf值為何？,0.25,0.5,0.75,1,C,,第二次
112,112/4/22,保健食品初級工程師,食品科學概論,41,下列有關脂肪及脂肪酸之物理性質的敘述，何者正確 ？ a.飽和脂肪酸的熔點比不飽和脂 肪酸的熔點低 b.油脂的不飽和度愈高，其黏度愈低 c.飽和脂肪酸的比重較不飽和脂肪 酸比重高 d.脂肪酸的碳鏈愈長熔點愈低,ab,bc,cd,abd,B,,第二次
112,112/4/22,保健食品初級工程師,食品科學概論,42,擠壓加工技術（ extrusion technology ）的特徵為：,低溫低壓,低溫高壓,高溫低壓,高溫高壓,D,,第二次
112,112/4/22,保健食品初級工程師,食品科學概論,43,蛋黃醬的製造原理，主要是依據蛋白質的那一種特性 ？,成膠性,起泡性,乳化性,保水性,C,,第二次
112,112/4/22,保健食品初級工程師,食品科學概論,44,罐裝或瓶裝食品的加熱殺菌條件，主要是以能殺滅下列何種微生物的孢子作為標準：,Staphylococcus aureus,Bacillus cereus,Salmonella,Clostridium botulinum,D,,第二次
112,112/4/22,保健食品初級工程師,食品科學概論,45,下列何者是蔬果類冷凍前殺菁是否完全的指標？,脂肪加氧酶,過氧化酶,蛋白酶,鹼性磷酸酶 ,B,,第二次
112,112/4/22,保健食品初級工程師,食品科學概論,46,魚肉在冷凍貯藏過程中，其表面呈現黃褐色的現象，稱為：,凍燒,濃縮效應,冰晶傷害,梅納反應,A,,第二次
112,112/4/22,保健食品初級工程師,食品科學概論,47,養樂多是使用何種微生物發酵之飲品？,醋酸菌,乳酸菌,酵母菌,黴菌,B,,第二次
112,112/4/22,保健食品初級工程師,食品科學概論,48,薄膜處理法中的 R.O.法是指下列何種過濾法 ？,過濾,微過濾,超過濾,逆滲透,D,,第二次
112,112/4/22,保健食品初級工程師,食品科學概論,49,食品經高壓加工處理（ HPP）後，對品質的影響是？,使閉殼肌蛋白質變性，有利於貝類開殼,達商業殺菌要求，低酸性產品在常溫下可長期貯存,可破壞共價鍵，提供特殊風味,可使酵素失活，避免果汁產品在貯存時分層,A,,第二次
112,112/4/22,保健食品初級工程師,食品科學概論,50,組織胺是水產品重要的鮮度劣變指標，下列有關組織胺 的敘述何者正確？,組胺酸發生脫胺反應形成組織胺,原存在水產動物肌肉細胞中的水解酵素催化組織胺產生,應提高水產原料貯存溫度以破壞酵素催化反應,鯖科魚類組胺酸含量高，不當貯存易產生大量組織胺,D,,第二次
112,112/4/22,保健食品初級工程師,食品科學概論,51,冷凍魚片發生褐變（ brown meat ）的主要原因是？,肌紅蛋白氧化 （配位金屬成為 Fe+3）,肌紅蛋白氧合 （配位金屬成為 Fe+2）,血紅蛋白氧化 （配位金屬成為 Fe+3）,血紅蛋白氧合 （配位金屬成為 Fe+2） ,A,,第二次
112,112/4/22,保健食品初級工程師,食品科學概論,52,在魚油膠囊產品中常使用何種食品添加物？提供何種用途？,己二烯酸殺菌,己二烯酸防腐,抗壞血酸抗氧化,生育醇抗氧化,D,,第二次
112,112/4/22,保健食品初級工程師,食品科學概論,53,冷凍加工製程對食品品質的影響，何者正確？,cell alive system （CAS）冷凍方式可得到數量極少的冰晶,包冰處理可以避免玻化轉移（ glass transition ）,最大冰晶生成帶溫度範圍是 0~-1°C,降溫速度愈快，冰晶數量愈多,D,,第二次
112,112/4/22,保健食品初級工程師,食品科學概論,54,可避免生啤酒貯存時微生物滋長的合適加工方法是下列何者？,超高溫短時間殺菌,低溫長時間殺菌,微波殺菌,膜過濾除菌,D,,第二次
112,112/4/22,保健食品初級工程師,食品科學概論,55,為避免馬鈴薯長時間運輸、貯存過程中發芽，使用何種方法處理最常用？,γ射線處理,燻硫處理,射頻處理,高脈衝電場處理,A,,第二次
112,112/4/22,保健食品初級工程師,食品科學概論,56,有關傳統豆麥醬油之敘述，下列何者正確？,醬油醪的熟成以甘胺酸分解生產量多寡為指標,醬油製麴所用的菌主要為青黴菌（ Penicillium ）,製麴過程中 ，品溫應控制在 30~40℃，避免麴菌死亡,大麥為常用的原料,C,,第二次
112,112/4/22,保健食品初級工程師,食品科學概論,57,由圓糯米與梗米製作味淋所使用之微生物是下列何種類？,Streptococcus sp.,Aspergillus oryzae + Rhizopus peka,Lactobacillus sp.,Saccharomyces sp. ,B,,第二次
112,112/4/22,保健食品初級工程師,食品科學概論,58,在食品儲藏過程中， Aw在0.75以下能發育的微生物為下列何種微生物？,Sarcina sp.,Penicillium sp.,Saccharomyces sp.,Aspergillus sp.,D,,第二次
112,112/4/22,保健食品初級工程師,食品科學概論,59,有關殺菁處理在果蔬罐頭製造的敘述，下列哪二項正確？ a.主要破壞果膠酵素的活 性 b.可以降低原料中微生物數量 c.固定成品的顏色 d.必要時殺菁液中可加入氯化鈉以增 加硬度,ab,ac,bc,cd,C,,第二次
112,112/4/22,保健食品初級工程師,食品科學概論,60,有關酵母在烘焙食品中的敘述，下列哪二項正確？ a.其學名為啤酒酵母菌（ Saccharomyces cerevisiae ） b.發酵可增加 pH值，使麵筋糊化 c.速溶乾酵母可直接加入麵粉中與其他 材料一起攪拌，不必先溶於水 d.發酵可產生 與無機酸，具有特殊風味,ab,ac,bd,cd,B,,第二次
112,112/4/22,保健食品初級工程師,食品科學概論,61,低溫冷凍會導致食品品質的劣變，下列何者是防止冷凍劣變的正確方法？ a.急速冷凍法 可減少解凍後汁液流失現象 b.進行充氧包裝可預防食品產生表面乾燥與油耗味 c.進行 食品表面包冰工程可防止蛋白質變性 d.冷凍毛豆莢在冷凍前進行殺菁工程，可減少油耗 味產生,ab,ad,bc,bd ,B,,第二次
112,112/4/22,保健食品初級工程師,食品科學概論,62,有關均質化（ homogenization ）處理會改變牛乳理化特性的敘述，下列何者正確？ a.起泡 性降低 b.顏色變白 c.黏度增加 d.增加蛋白質安定性,ab,ad,bc,cd,C,,第二次
112,112/4/22,保健食品初級工程師,食品科學概論,63,下列何者不適合作為油品劣變的指標？,酸價,總極性物質,過氧化價,揮發性鹽基態氮,D,,第二次
112,112/4/22,保健食品初級工程師,食品科學概論,64,下列何種罐頭食品無法以低溫殺菌法 （<100 ℃）作為加熱殺菌之條件 ？,泡菜罐頭,柑橘罐頭,鳳梨罐頭,肉醬罐頭,D,,第二次
112,112/4/22,保健食品初級工程師,食品科學概論,65,食品安全衛生管理法在中央之主管機構為何 ？,科技部,衛生福利部,經濟部,農業委員會,B,,第二次
112,112/4/22,保健食品初級工程師,食品科學概論,66,天然澱粉經不同物理處理、化學處理及酵素修飾等作用，能產生性質相異的修飾澱粉 （modified starch ） ，下列敘述何者有誤？,安定化澱粉主要利用取代基使分子內氫鍵容易破壞，可應用於需要低溫烹煮食品或 需要快速產生黏度之食品,預糊化澱粉又稱為預煮澱粉或 α-澱粉，常用於即食產品或是速食濃湯,交鏈澱粉可用於嬰兒食品、番茄醬和冬粉等食品,酸修飾澱粉利用酸液於糊化溫度以下的溫度作用澱粉，使結晶區受到酸作用而分解， 而非結晶區則保持完整之修飾澱粉 ,D,,第二次
112,112/4/22,保健食品初級工程師,食品科學概論,67,有關 TQF驗證制度之追蹤管理敘述，下列何者不正確 ？,客戶之生產系統每年應接受 2次追蹤管理,客戶產品追蹤管理抽驗比例以現場評核抽樣比例之 1/5,後市場監測，針對標示驗證標章之產品抽驗，抽驗比例以現場評核抽樣比例之 1/10,客戶之品保系統每季應接受一次以上追蹤管理,D,,第二次
112,112/4/22,保健食品初級工程師,食品科學概論,68,放射線殺菌又稱為下列何者 ？,低溫殺菌,完全殺菌,商業殺菌,冷殺菌,D,,第二次
112,112/4/22,保健食品初級工程師,食品科學概論,69,總固形物經 550 ± 50℃高溫鍛燒 1小時後，所損失重量的成分主要為 ？,揮發性固形物,非揮發性固形物,懸浮固形物,灰分,A,,第二次
112,112/4/22,保健食品初級工程師,食品科學概論,70,利用 HPLC之光二極體陣列檢出器來分析維生素 C含量時 ， 選用波長以下列何者最合適 ？,265 nm,450 nm,560 nm,750 nm,A,,第二次
112,112/4/22,保健食品初級工程師,食品科學概論,71,下列有關蛋白質結構之敘述，何者為非？,蛋白質一級結構主要鍵結為胜肽鍵,二級結構相鄰之胺基酸形成三度空間的結構 ，α-螺旋為圓筒狀 ，β-平板為彩帶長條 狀，相鄰之胺基酸主要鍵結為離子鍵,疏水鍵對水溶性蛋白質三級結構之穩定性最重要,四級結構主要鍵結有疏水鍵、離子鍵及氫鍵,B,,第二次
112,112/4/22,保健食品初級工程師,食品科學概論,72,下列有關油脂氫化之敘述，何者為非 ？,氫化後油脂熔點提高,銅可作為氫化之催化劑,氫化後的油脂在常溫下呈現果凍狀到固態狀,氫化後油脂不飽和脂肪酸的雙鍵增加 ,A,答案有更正,第二次
112,112/4/22,保健食品初級工程師,食品科學概論,73,有關植物採收後處理不當而導致品質劣變，下列敘述何者不正確？,採收後應立即降溫與散熱，減低植物呼吸速率,採收後儲藏時應同時注意溫度與濕度控制,"若採用調氣（ controlled atmospheric storage, CA ）儲藏時，應以氧氣置換二氧化碳， 使植物有氧呼吸繼續進行",並非所有植物都適合冷藏 （低於 7℃）的儲藏條件 ，例如馬鈴薯 、香蕉等應在較高溫 度儲藏,C,,第二次
112,112/4/22,保健食品初級工程師,食品科學概論,74,有關澱粉類食品技術發展與應用，以下敘述何者不正確 ？,從不同植物種子中分離所得之澱粉顆粒，其顆粒性狀與枝鏈澱粉比率皆有很大的差 異，也是它們多樣化應用的主要原因,澱粉從糊化到回凝（老化）等過程，目前已經有設備可以精準量測並描述其對於溫 度變化的影響,澱粉糊化後產生的回凝（老化）現象，會造成離漿與表面硬化的結果，應儘量避免 其發生，在加工產品中沒有具體之應用價值,澱粉，是因為其不溶於冷水， 「會沈澱的粉」所以得名,C,,第二次
112,112/4/22,保健食品初級工程師,食品科學概論,75,下列何者不屬於常見之環境荷爾蒙 ？,多氯聯苯,聚乙烯,壬基苯酚,烷基酚,B,,第二次
112,112/4/22,保健食品初級工程師,食品科學概論,76,食品業者依法訂定食品安全監測計畫，如變更計畫內容，原版本自修正日起至少保存 (a)____年，依據監測計畫執行的檢驗結果紀錄至少應保存 (b)____年， a、b依序為：,5，5,3，5,5，3,6，6,A,,第二次
112,112/4/22,保健食品初級工程師,食品科學概論,77,下列有關醣類的敘述何者有誤 ？,木糖為五碳糖,葡萄糖比阿拉伯糖更容易產生褐變反應,木糖醇甜度逼近蔗糖,蔗糖不具還原性 ,B,,第二次
112,112/4/22,保健食品初級工程師,食品科學概論,78,利用分光光度計分析食品中 β-胡蘿蔔素的含量 ，選用的波長為 ？,657 nm,453 nm,336 nm,254 nm,B,,第二次
112,112/4/22,保健食品初級工程師,食品科學概論,79,製造蛋粉時，常用何種酵素去除蛋液中游離的葡萄糖？,葡萄糖氧化 酶,澱粉酶,葡萄糖異構 酶,糖化酶,A,,第二次
112,112/4/22,保健食品初級工程師,食品科學概論,80,為確保保健食品品質，其原物料或半成品應進行的低溫倉庫管理為下列何者？,剛蒸煮過之半成品應立即移入冷藏室以減緩劣變,加熱過之半成品不應加蓋以快速降溫,剛蒸煮過之半成品應放在冷風出風口以快速降溫,愈接近有效日期者，愈先出庫使用 以 下 空 白,D,,第二次
112,112/4/22,保健食品初級工程師,保健食品概論,1,何者不是全球保健食品產業生態新興關注的重點趨勢議題 ？,精準個人保健,人體微生物組新發現,智慧科技應用,產品成本減低,D,,第二次
112,112/4/22,保健食品初級工程師,保健食品概論,2,何項行為應依健康食品管理法向中央主管機關申請健康食品查驗登記並取得許可？ a.製造健康食品 b.輸入健康食品 c.販售健康食品 d.播放健康食品廣告,ab,cd,ad,bc,A,,第二次
112,112/4/22,保健食品初級工程師,保健食品概論,3,對國內健康食品認證的敘述，何者有誤 ？,保健食品不等於健康食品,健康食品分為健食字號及健食規字號二軌,包含 13個功能訴求,製造商需為申請商,D,,第二次
112,112/4/22,保健食品初級工程師,保健食品概論,4,我國特有的牛樟芝作為保健食品已普遍受到重視， (1)具多重活性成分 (2)僅有椴木栽培者 始具保健功效 (3)以中國大陸及東南亞的華人市場為主 (4)申請健康食品必須完成第二類 安全性評估 (5)是我國近年來具外銷潛力的保健食品之一，以上敘述何者正確？,(1)(3)(5),(1)(2)(4),(2)(3)(4),(1)(4)(5),A,,第二次
112,112/4/22,保健食品初級工程師,保健食品概論,5,衛生福利部公告之「健康食品之牙齒保健功效評估方法」最新版本（ 112年3月修正） ， 何者錯誤？,以動物實驗為主,採用牙菌斑相關檢測指標，作為評估受試產品牙齒保健功效之替代指標,試驗劑量應至少包括產品上市之建議劑量,「有助於減少口腔內牙菌斑內突變形鏈球菌數量」為可宣稱之保健功效之一 ,A,,第二次
112,112/4/22,保健食品初級工程師,保健食品概論,6,向衛生福利部申請健康食品查驗登記之案件，其中有關產品之送驗，下列何者正確？,複審時啟動檢驗方法審查,衛生福利部確認檢驗方法可執行性後，即可通知申請人送驗，不需待通過審議小組 審查,不須繳納檢驗費,可由申請人指定檢驗機構,B,,第二次
112,112/4/22,保健食品初級工程師,保健食品概論,7,何項食品標示、宣傳或廣告之內容會被認定為涉及食品安全衛生管理法所指之不實、誇張 或易生誤解，而被裁處新臺幣四萬以上四百萬元以下罰鍰？,涉及維持或改變人體器官、組織、生理或外觀之功能,涉及預防疾病、疾病症候群或症狀,涉及減輕或降低導致疾病有關之體內成分,涉及中藥材效能,A,,第二次
112,112/4/22,保健食品初級工程師,保健食品概論,8,健康食品查驗登記許可證之效期，下列何者錯誤？,新領證之有效期限為 5年,效期屆滿前 3個月內得申請展延,展延許可之續證有效期為 3年,屆期未申請或不准展延者，原許可證自動失效,C,,第二次
112,112/4/22,保健食品初級工程師,保健食品概論,9,輸入供銷售用途之保健營養食品，應向哪個機關申請食品查驗並申報產品有關資訊？,行政院農業委員會動植物防疫檢疫局,經濟部國際貿易局,衛生福利部食品藥物管理署,行政院環境保護署毒物及化學物質局,"C,D",答案有更正,第二次
112,112/4/22,保健食品初級工程師,保健食品概論,10,下列哪一項是微生物類保健食品開發的重要優勢？,低碳排原料,在地原料,可無中生有,以上皆是 ,D,,第二次
112,112/4/22,保健食品初級工程師,保健食品概論,11,下列敘述何者有誤？,臺灣、日本及中國大陸都有各自的保健食品相關認證及規範,日本近期才有特定保健用食品認證,日本機能性表示食品登錄件數持續成長,日本生鮮類產品也能申請機能性表示宣稱,B,,第二次
112,112/4/22,保健食品初級工程師,保健食品概論,12,國內保健食品原料的使用與產品發展，下列何者較不受原料資源所限制？,植物類,動物類,微生物類,以上皆是,C,,第二次
112,112/4/22,保健食品初級工程師,保健食品概論,13,國內獲健食字號的豆漿產品，下列何項非產品申請的保健功能？,調節血脂,延緩衰老,骨質保健,胃腸功能改善,B,,第二次
112,112/4/22,保健食品初級工程師,保健食品概論,14,衛福部食藥署 2020年12月25日發布「健康食品申請許可辦法」修正案， 2021年新制上 路。本次修法縮短相關申請時程的規定，下列何者不正確？,初審補件時間由原 2個月調整為 1個月,複審補件時間由原 2個月調整為 1個月,初審及複審時間不可申請延長,初、複審補件次數各以 1次為限,C,,第二次
112,112/4/22,保健食品初級工程師,保健食品概論,15,關於保健食品之功效評估，其護肝功能評估中，是以何種物質誘導老鼠慢性肝損傷？,碳酸氫鈉 （NaHCO 3）,氫硼化鈉 （NaBH 4）,四氯化碳 （CCl 4）,次氯酸鈉（ NaClO）,C,,第二次
112,112/4/22,保健食品初級工程師,保健食品概論,16,維生素 A或β-胡蘿蔔素 「含量」符合「包裝食品營養宣稱應遵行事項 」時，下列何者非 可宣稱標示之生理功能詞句？,有助於維持在暗處的視覺,增進皮膚與黏膜的健康,恢復視力，保護眼睛,幫助牙齒和骨骼的發育與生長,C,,第二次
112,112/4/22,保健食品初級工程師,保健食品概論,17,目前臺灣取得健康食品個案審查通過的產品，功效訴求累計最多的是：,骨質保健功能,調節血脂功能,胃腸功能改善,抗疲勞功能,B,,第二次
112,112/4/22,保健食品初級工程師,保健食品概論,18,對熱量、營養素及保健功效之相關成分含量標示之單位，何者為是？,熱量以卡標示,蛋白質、脂肪、碳水化合物以公克標示,鈉以微克標示,保健功效成分以份數標示,B,,第二次
112,112/4/22,保健食品初級工程師,保健食品概論,19,補血調經，調節女性生理機能為 ？,綠茶,人參,四物,膠原蛋白,C,,第二次
112,112/4/22,保健食品初級工程師,保健食品概論,20,樟芝被使用於開發健康食品時，下列考量何者為非？,毒理安全性分類至少歸屬為第三類,其功效主要在護肝保健功效,可使用子實體或菌絲體,可主張抗癌功效性 ,D,,第二次
112,112/4/22,保健食品初級工程師,保健食品概論,21,下列有關河豚毒中毒之敘述，何者是正確的組合？ a.河豚肝臟及卵巢含有劇毒， b.毒素 耐熱性差，高溫可破壞， c.嚴重時因呼吸衰竭死亡,ab,bc,ac,abc,C,,第二次
112,112/4/22,保健食品初級工程師,保健食品概論,22,大花曼陀羅和可食用台灣百合相似，有民眾誤食情形，下列敘述何者是正確的組 合？ a.誤食汗腺分泌受抑制， b.嚴重時因肝臟衰竭死亡， c.誤食引起興奮、產生幻覺、心悸頭 暈、口乾舌燥等,ab,bc,ac,abc,C,,第二次
112,112/4/22,保健食品初級工程師,保健食品概論,23,下列有關吃蜂蜜有可能引起所謂的狂蜜中毒（ mad honey poisoning ）之敘述，何者是正確 的組合？ a.因杜鵑花蜜之有毒生物鹼， b.具神經毒性， c.具心臟毒性,ab,bc,ac,abc,D,,第二次
112,112/4/22,保健食品初級工程師,保健食品概論,24,下列有關植物毒素 -顛茄生物鹼中毒時之敘述，何者是正確的組合？ a.唾液分泌增加，流 口水， b.瞳孔放大，畏光， c.毒扁豆鹼可作為解毒劑,ab,bc,ac,abc,B,,第二次
112,112/4/22,保健食品初級工程師,保健食品概論,25,下列有關麻痺性貝類中毒（ paralytic shellfish poisoning ）之敘述，何者錯誤 ？,會引起呼吸困難,屬神經毒素,由於貝類本身之 saxitoxin 類毒素所引起,目前無特殊解毒劑可用 ,C,,第二次
112,112/4/22,保健食品初級工程師,保健食品概論,26,下列有關瘦肉精之敘述，何者是正確的組合？ a.屬於乙型受體素， b.我國本土牛及豬肉可 用但有殘留限量規定， c.屬於類交感神經刺激劑,ab,bc,ac,abc,C,,第二次
112,112/4/22,保健食品初級工程師,保健食品概論,27,下列何種物質的暴露來源為美耐皿餐具的使用且我國有訂定其溶出限量標準？,三聚氰胺,三氯甲烷,氰化物,多氯聯苯,A,,第二次
112,112/4/22,保健食品初級工程師,保健食品概論,28,食品網路謠言很多，下列敘述何者是正確的？,韭菜對於腎結石病人有幫助,沒有添加檸檬酸或糖的氣泡水，並不會導致牙齒蛀牙現象發生,用啤酒敷臉能縮小毛孔,便秘時可以多吃竹筍,B,,第二次
112,112/4/22,保健食品初級工程師,保健食品概論,29,下列有關網路流言「有效期限之後標示 +S，可以有長達 3個月以上的安全食用時間」之敘 述，何者錯誤？,依食安法保存期限在三個月以上者，其有效日期得僅標示年月,僅標示年月時，以當月之末日為終止日,「+S」與我國法規要求之標示規定無關,「+S」是日本法規之標示規定,D,,第二次
112,112/4/22,保健食品初級工程師,保健食品概論,30,下列何種食物攝取過多，可能會降低抗凝血劑的藥效？,富含維生素 K的蔬菜,高劑量維生素 D,維生素 E,富含鉀離子食物 ,A,,第二次
112,112/4/22,保健食品初級工程師,保健食品概論,31,下列何者不是食品網路謠言？,香菇含有硒元素，有降血糖效果,南瓜、黑芝麻等食物，能治療老花眼白內障,食物用傳統電鍋保溫就不會壞,煮熟的蔬果可能造成部分營養素流失,D,,第二次
112,112/4/22,保健食品初級工程師,保健食品概論,32,下列關於「堅果」之敘述，何者是錯誤的？,對敏感族群可能引起的過敏性休克,症狀通常在攝取後幾分鐘內出現,綠豆製品具預防或治療其引起的過敏反應,過敏原因複雜，需找出過敏原避免接觸,C,,第二次
112,112/4/22,保健食品初級工程師,保健食品概論,33,為有效預防骨質疏鬆，下列何種方法目前並沒有確切科學證據？,多喝茶,多吃富含鈣質的食物,曬太陽,避免抽菸、喝酒、熬夜,A,,第二次
112,112/4/22,保健食品初級工程師,保健食品概論,34,市售低鈉鹽是用氯化鉀取代氯化鈉，但下列何種疾病病人不建議食用低 鈉鹽？,高血壓,腸胃道疾病,中樞神經系統疾病,腎臟疾病,D,,第二次
112,112/4/22,保健食品初級工程師,保健食品概論,35,下列關於保久乳之敘述，何者是錯誤的？,以生乳或鮮乳為原料,可常溫保存，不需冷藏,保久乳可添加防腐劑但鮮乳不可,與鮮乳之差異在殺菌、充填及包裝方式,C,,第二次
112,112/4/22,保健食品初級工程師,保健食品概論,36,一般而言，餐點應儘速食用，如未能馬上食用，最好儘速冷藏或冷凍保存，分別幾度之下？,7°C以下或 -18°C以下,10°C以下或 -4°C以下,18°C以下或 -20°C以下,以上皆非 ,A,,第二次
112,112/4/22,保健食品初級工程師,保健食品概論,37,一般而言 ，食品加熱的 「中心溫度 」需超過幾度 （℃），細菌才易被消滅 ？,40,50,60,70,D,,第二次
112,112/4/22,保健食品初級工程師,保健食品概論,38,有關燕麥奶之敘述，下列何者正確？,主要營養成分是醣類,可取代鮮奶,提供蛋白質,屬於乳品類,A,,第二次
112,112/4/22,保健食品初級工程師,保健食品概論,39,陶斯松（ Chlorpyrifos ）因恐傷害兒童腦部，歐美都已經陸續禁用，我國也將跟進，它是屬 於何種農藥？,有機氯,有機錫,有機磷,胺基甲酸鹽類,C,,第二次
112,112/4/22,保健食品初級工程師,保健食品概論,40,下列何種物質曾因海水受其汙染導致人們吃受汙染魚類而引起神經病變？,有機砷,有機汞,有機鉻,有機鉛,B,,第二次
112,112/4/22,保健食品初級工程師,保健食品概論,41,關於寶特瓶 ＂瓶裝水＂ ，下列敘述何者錯誤？,可能存在塑膠微粒,可能含有塑化劑,塑化劑已知為 IARC第1類（人類）致癌物,我國訂有塑化劑材質及溶出試驗限量標準,C,,第二次
112,112/4/22,保健食品初級工程師,保健食品概論,42,下列何者會經由抑制腸道蔗糖酶而影響葡萄糖吸收？,鐵劑,四環素抗生素,酪蛋白,茶葉兒茶素 ,D,,第二次
112,112/4/22,保健食品初級工程師,保健食品概論,43,"下列有關飲食或消費品被國際癌症研究總署（ IARC）歸屬為人類致癌物（ 1級, group 1）， 但何者不是？",酒精飲品,加工肉品,菸草,紅肉,D,,第二次
112,112/4/22,保健食品初級工程師,保健食品概論,44,依規定，如發生食品中毒時，經檢驗或流行病學調查後，確認係因患者攝食某類食品所引 起者，則該類食品稱為 ：,原因食品,發病食品,來源食品,病媒食品,A,,第二次
112,112/4/22,保健食品初級工程師,保健食品概論,45,我國引起腸炎弧菌食品中毒主要為何種受汙染的食品？,生菜沙拉,肉汁食品,飲用水,生鮮海產,D,,第二次
112,112/4/22,保健食品初級工程師,保健食品概論,46,市售紙杯產品應符合「食品器具容器包裝衛生標準」中「紙類」之相關規定，如經淋膜處 理，其材質多為下列何種物質？,雙酚 A,聚氯乙烯 PVC,鄰苯二甲酸酯類 DEHP,聚乙烯 PE,D,,第二次
112,112/4/22,保健食品初級工程師,保健食品概論,47,依基因改造食品標示規定，產品中刻意加入基因改造食品原料達多 少%即需標示？,1,3,10,不論使用多少 ,D,,第二次
112,112/4/22,保健食品初級工程師,保健食品概論,48,台灣曾經發生過毒鴨蛋或毒大閘蟹事件，請問這是指何種毒性物質汙染？,戴奧辛,多氯聯苯,重金屬 -鎘,孔雀綠,A,,第二次
112,112/4/22,保健食品初級工程師,保健食品概論,49,生酮飲食減肥法是降低哪一種營養素？,蛋白質,脂肪,碳水化合物,以上皆是,C,,第二次
112,112/4/22,保健食品初級工程師,保健食品概論,50,天氣炎熱，運動超過 60分鐘時，補充什麼能延緩疲勞發生？,白開水,運動飲料,酒精飲料,茶類飲料,B,,第二次
112,112/4/22,保健食品初級工程師,保健食品概論,51,一位身高 160公分，體重 70公斤的女性，則其體重約比理想體重多了多 少%？,20,24,28,34,B,,第二次
112,112/4/22,保健食品初級工程師,保健食品概論,52,成年人維生素 C之DRIs為？,60 mg,100 mg,200 mg,400 mg,B,,第二次
112,112/4/22,保健食品初級工程師,保健食品概論,53,關於磷脂質之敘述，下列何者錯誤？,脂蛋白不含磷脂質,卵磷脂是大豆主要的磷脂質,在食品製造業中，常作為乳化劑使用,分子結構中含膽鹼（ choline）之磷脂質稱為卵磷脂 ,A,,第二次
112,112/4/22,保健食品初級工程師,保健食品概論,54,下列何種維生素之需要量隨蛋白質攝取量增加而增加？,維生素 B6,核黃素,生物素,菸鹼酸,A,,第二次
112,112/4/22,保健食品初級工程師,保健食品概論,55,DRIs對維生素 D的建議下列何者錯誤？,0-50歲男性與女性之足夠攝取量相同,51歲以上之足夠攝取量增加 50%,懷孕期全程之足夠攝取量增加 50%,分娩後與成人期相同,C,,第二次
112,112/4/22,保健食品初級工程師,保健食品概論,56,下列何者是維生素 A的前趨物質？,葉黃素 lutein,葉綠素 chlorophyll,葉綠醌 phylloquinone,類胡蘿蔔素 carotenoids,D,,第二次
112,112/4/22,保健食品初級工程師,保健食品概論,57,DRIs訂定 n-3多元不飽和脂肪酸之巨量營養素可接受範圍為何？,占總熱量 0.6-1.2%,占總熱量 2-4%,占總熱量 4-8%,未訂定,A,,第二次
112,112/4/22,保健食品初級工程師,保健食品概論,58,下列何者為水不溶性膳食纖維？,果膠（ pectin）,關華豆膠（ guar gum ）,幾丁質（ chitin）,幾丁聚醣（ chitosan）,C,,第二次
112,112/4/22,保健食品初級工程師,保健食品概論,59,關於乳糖（ lactose）何者為非？,存在自然界的動物中,是牛乳甜味的主要來源,"由一分子半乳糖和一分子葡萄糖在 alpha -1, 4位形成糖苷鍵而成",可幫助小腸吸收鈣與磷 ,C,,第二次
112,112/4/22,保健食品初級工程師,保健食品概論,60,下列何種營養素可協助再生維生素 E之抗氧化能力？,維生素 A,維生素 C,維生素 B6,維生素 K,B,,第二次
112,112/4/22,保健食品初級工程師,保健食品概論,61,胃蛋白酶原 （pepsinogen ）為胃的何種細胞所分泌 ？,主細胞（ chief cells ）,黏液細胞（ mucus cells ）,壁細胞（ parietal cells ）,內皮細胞（ endothelial endothelialcel cells ）,AC,,第二次
112,112/4/22,保健食品初級工程師,保健食品概論,62,關於巨量營養素可接受範圍（ Acceptable Macronutrient Distribution Ranges ）之敘述，下列 何者正確？,可確保必需營養素攝取充足，且能維持健康與降低慢性疾病風險的適宜攝取量範圍,基於實證醫學中等強度以上的證據，所建立的建議攝取量,為絕大多數人不會引發危害風險的營養素攝取最高限量,由健康者實際攝取量的數據衍算而來,A,,第二次
112,112/4/22,保健食品初級工程師,保健食品概論,63,食物中含有天然的味精即麩胺酸鈉，以下那一種食物的含量最高 ？,菠菜,甜玉米,青花菜,乳酪,D,,第二次
112,112/4/22,保健食品初級工程師,保健食品概論,64,廠商 A取得兩項優酪乳之健康食品證號之保健功效，其標示內容以下何者錯誤？,健康食品之兩項功效均須標示,可擇一標示一項證號之保健功效,標示許可證字號、 「健康食品」字樣及標準圖樣,標示攝取量、食用時應注意事項及其他必要之警語,B,,第二次
112,112/4/22,保健食品初級工程師,保健食品概論,65,下列有關 3-單氯丙二醇（ 3-MCPD）之敘述何者錯誤 ？,化學醬油製備過程之副產物,已知為人類癌症物,3-MCPD含量限量標準為 0.4 ppm,以上皆非 ,B,,第二次
112,112/4/22,保健食品初級工程師,保健食品概論,66,鉻元素是耐醣因子中的重要成份，下列鉻化何物何者不能被使用於健康食品？,三氯化鉻,砒啶甲酸鉻,六價鉻,酵母鉻,C,,第二次
112,112/4/22,保健食品初級工程師,保健食品概論,67,國內已獲衛生福利部審核通過之健康食品（含個案審查及規格基準）約有多少項產品？,低於 200項,500項左右,1000項左右,超出 2000項,B,,第二次
112,112/4/22,保健食品初級工程師,保健食品概論,68,以下何者非保健食品產業的範疇？,機能性食品,膳食補充食品,非基改食品,特殊營養食品,C,,第二次
112,112/4/22,保健食品初級工程師,保健食品概論,69,對於食品安全性評估的步驟，下列那些階段的順序是正確的 ？,安全性試驗綜合評估 →事前評估 →結果評估,安全性試驗結果評估 →綜合評估 →事前評估,安全性試驗事前評估 →綜合評估 →結果評估,安全性試驗事前評估 →結果評估 →綜合評估,D,,第二次
112,112/4/22,保健食品初級工程師,保健食品概論,70,下列何者是經由食品安全性評估後證實是具有致癌性之食品添加物，已遭禁用？,甘精,糖精,蔗糖素,阿斯巴甜,A,,第二次
112,112/4/22,保健食品初級工程師,保健食品概論,71,下列何者不得作為健康食品之標示項目 ？,核准之功效,許可證字號,「健康食品」字樣及標準圖樣,醫療效能,D,,第二次
112,112/4/22,保健食品初級工程師,保健食品概論,72,吃海鮮因河豚毒素中毒及渦鞭毛藻毒素中毒的共同臨床表徵為何種器官病變？,神經系統,肝臟,心臟血管系統,血液系統,A,,第二次
112,112/4/22,保健食品初級工程師,保健食品概論,73,迴腸切除者較容易缺乏下列何者？,維生素 B12,維生素 B6,葉酸,菸鹼素,A,,第二次
112,112/4/22,保健食品初級工程師,保健食品概論,74,參與脂肪酸的代謝，又可協助穀胱甘肽氧化酶的輔酶為何？,核黃素,琉胺,菸鹼素,葉酸,A,,第二次
112,112/4/22,保健食品初級工程師,保健食品概論,75,益生菌類產品申請健康食品認證，若該菌株係自行篩選者，其安全性分類至少應為第幾 類？,第一類,第二類,第三類,第四類,B,,第二次
112,112/4/22,保健食品初級工程師,保健食品概論,76,美國食品藥物管理署曾警告，由於可能的致癌風險，應避免攝取過多來自油炸食品和咖啡 中的何種物質？,乙二醇乙醚,二苯胺,丙烯醯胺,N-亞硝二甲胺 ,C,,第二次
112,112/4/22,保健食品初級工程師,保健食品概論,77,下列有關苯甲酸（ benzoic acid ）之敘述何者錯誤？,為食品防腐劑,可限量使用於烏魚子、魚貝類乾製品,可限量使用於鮮果及果菜之外皮,可限量使用於膠囊狀、錠狀食品,C,,第二次
112,112/4/22,保健食品初級工程師,保健食品概論,78,下列有關 LD50之敘述，何者錯誤 ？,使實驗動物死亡一半所需之劑量,為急毒性指標,LD50值越大表示急毒性越高,以上皆非,C,,第二次
112,112/4/22,保健食品初級工程師,保健食品概論,79,我們查食品成分分析表時，代表纖維含量常會出現「粗纖維」 （ Crude fiber ）和「膳食纖維」 （Dietary fiber ）二個名詞，通常此二者含量的關係是：,粗纖維＞膳食纖維,粗纖維＝膳食纖維,粗纖維＜膳食纖維,無任何關係,C,,第二次
112,112/4/22,保健食品初級工程師,保健食品概論,80,下列有關醣質的敘述中，那一項是錯誤的？,麥芽糖是由葡萄糖合成的雙醣類,半乳糖、葡萄糖、核糖、果糖都是屬於單醣類,果糖和核糖是五碳醣,葡萄糖、麥芽糖擁有還原性 以 下 空 白,C,,第二次
112,112/10/21,保健食品初級工程師,食品科學概論,1,下列何者不屬於苦味物質 ？,麩胺酸鈉,蛇麻酮（ humulone ）,咖啡因,柚皮苷（ maringin）,A,,第一次
112,112/10/21,保健食品初級工程師,食品科學概論,2,測定水果甜度時常使用的甜度計，主要是利用哪個原理來測定 ？,反射率,吸收率,透光率,折射率,"A,B,C,D",答案有更正,第一次
112,112/10/21,保健食品初級工程師,食品科學概論,3,有關結合水（ bound water ）與自由水（ free water ）的敘述，何者有誤？,結合水不易結冰,微生物可利用結合水,結合水不能做為溶質的溶劑,結合水的水蒸氣壓比自由水低,"A,B,C",答案有更正,第一次
112,112/10/21,保健食品初級工程師,食品科學概論,4,食品中的水分子的哪一種鍵結形式是影響水活性高低的關鍵？,離子鍵,雙硫鍵,共價價,氫鍵,D,,第一次
112,112/10/21,保健食品初級工程師,食品科學概論,5,有關膠原蛋白的敘述，何者正確？,膠原蛋白會溶於水,膠原蛋白含豐富的離胺酸,膠原蛋白不含羥脯胺酸,膠原蛋白經加熱後會產生明膠 ,D,,第一次
112,112/10/21,保健食品初級工程師,食品科學概論,6,利用蒸餾法測定水分含量常用的溶劑為下列何者？,甲苯,甲醇,乙酸乙酯,丙酮,A,,第一次
112,112/10/21,保健食品初級工程師,食品科學概論,7,下列何種礦物質與組織中 coenzyme Q10的合成有關，在細胞膜中可防止脂質氧化作用發生？,鈣,硫,鎂,硒,D,,第一次
112,112/10/21,保健食品初級工程師,食品科學概論,8,台灣包裝食品之營養標示的項目除自願性宣稱外，基本項目有 8個必要項目但不包含以 下哪項？,蛋白質、脂肪,不飽和脂肪酸,糖、鈉,碳水化合物,B,,第一次
112,112/10/21,保健食品初級工程師,食品科學概論,9,有關氫火焰離子化檢測器（ FID）的描述，下列何者錯誤？,對H2O、NO、CO2等感應較低,對 C-C和C-H鍵的化合物感應有限,通常搭配氣相層析儀使用,可分析食品香料、脂肪酸和抗氧化劑等,B,,第一次
112,112/10/21,保健食品初級工程師,食品科學概論,10,SDS-PAGE主要依據蛋白質的何種物理性質達到分離效果？,極性,電荷強度,分子量,構形,C,,第一次
112,112/10/21,保健食品初級工程師,食品科學概論,11,有關油脂品質指標 TOTOX value ，何者描述正確？,與酸價有關,可反映脂肪酸碳數,與過氧化價有關,反映油脂氧化終止期狀態 ,C,,第一次
112,112/10/21,保健食品初級工程師,食品科學概論,12,欲製備 500 mL 0.1 mol/L 的NaH2PO 4需要多少克？（ NaH2PO 4的莫耳重量是 120 g/mol ）,3,6,12,24,B,,第一次
112,112/10/21,保健食品初級工程師,食品科學概論,13,"油脂穩定參數法（ oil stability index, OSI ）主要測定油脂的哪個階段？",誘導期,連鎖生長期,自由基穩定期,終止期,A,,第一次
112,112/10/21,保健食品初級工程師,食品科學概論,14,下列何者與界面活性劑化學性質相關性較低？,起泡劑,乳化劑,蛋白質,雙醣,D,,第一次
112,112/10/21,保健食品初級工程師,食品科學概論,15,油脂黏度特性何者描述有誤？,隨脂肪酸鏈長而增加,隨溫度上升而上升,隨不飽和度增加而下降,隨脂肪酸分子大小增加而上升,B,,第一次
112,112/10/21,保健食品初級工程師,食品科學概論,16,利用丙烯醛反應分析方法，可以判斷食品中含有下列何種成分？,水分,脂肪,蛋白質,灰分,B,,第一次
112,112/10/21,保健食品初級工程師,食品科學概論,17,下列有關幾丁質（ chitin）的敘述，何者有誤？,利用酵素法可以去除幾丁質的乙醯基（ acetyl groups ）,通常幾丁聚醣（ chitosan）的水溶性比幾丁質低,幾丁質經脫除分子中部份乙醯基後會轉變成幾丁聚醣,幾丁聚醣通常具有抗菌性 ,B,,第一次
112,112/10/21,保健食品初級工程師,食品科學概論,18,光散射檢測器（ ELSD）可取代何種檢測器？,紫外可見光,螢光,示差折光,發光二極管陣列,"A,B,C,D",答案有更正,第一次
112,112/10/21,保健食品初級工程師,食品科學概論,19,有關蛋白質分析方法，何者有誤？,雙縮脲法和福林酚法可測定多胜肽鍵,杜馬斯法和凱氏定氮法直接測食品的無機氮元素總量,Bradford 法靈敏度優於福林酚法,BCA（Bicinchoninic acid ）可藉由偵測亞銅離子換算蛋白質濃度,B,,第一次
112,112/10/21,保健食品初級工程師,食品科學概論,20,下列有關等溫吸濕曲線（ moisture sorption isotherm ）的敘述，請選出正確的選項？ a.是在 定溫下，食品水分含量與水活性的變化關係圖。 b.在一定的水活性時，食品吸濕過程的含 水量高於食品脫溼過程的含水量。 c.通常以食物的水活性為縱軸。 d.相同水分含量時，溫 度較高則水活性較高。,ab,abd,ad,cd A.B.C.D. 21. 食品業者應每隔幾年至少一次對執行本系統之人員，辦理內部教育訓練？ （A）半年 （B）1年 （C）2年 （D）3年,C,,第一次
112,112/10/21,保健食品初級工程師,食品科學概論,22,食品業者對於檢驗結果有異議時，得自收受通知之日起 _____日內，向原抽驗之機關申請 複驗；受理機關應於 _____日內進行複驗？,30，3,15，5,15，3,30，5 ,C,,第一次
112,112/10/21,保健食品初級工程師,食品科學概論,23,有關「保健營養食品 GMP」的說明，下列何者錯誤？,工廠的衛生標準,工廠的作業規範,功效的認證,劑型的認證,C,,第一次
112,112/10/21,保健食品初級工程師,食品科學概論,24,目前已取得我國基因改造食品原料查驗登記的項目，不包含下列哪一項？,黃豆,小麥,玉米,甜菜,B,,第一次
112,112/10/21,保健食品初級工程師,食品科學概論,25,某進口茶葉發酵製造產地為越南，包裝產地為馬來西亞，採集地來自泰國，原產地應標 示？,泰國,馬來西亞,越南,無須標示,A,,第一次
112,112/10/21,保健食品初級工程師,食品科學概論,26,有關清潔及消毒等化學物質及用具之管理，下列何者錯誤？,應指定專人負責保管及記錄其用量,食品作業場所內，不得存放使用,有毒化學物質，應標明其毒性、使用及緊急處理,清潔、清洗及消毒用機具，應有專用場所妥善保存,B,,第一次
112,112/10/21,保健食品初級工程師,食品科學概論,27,三章一 Q中標章主要是驗證下列何者？,產品,工廠,人員,環境,A,,第一次
112,112/10/21,保健食品初級工程師,食品科學概論,28,請問 [亞硫酸鈉 ]可歸類於食品添加物的類別為下列何者？,漂白劑 +抗氧化劑,漂白劑 +乳化劑,抗氧化劑 +防腐劑,殺菌劑 +抗氧化劑,A,,第一次
112,112/10/21,保健食品初級工程師,食品科學概論,29,依據 [降低截切生鮮蔬果微生物危害之作業指引 ]，針對 [供作烹調（含二次加工使用） ]的 品項，總氯濃度以不超過多少 ppm為原則？,50,100,200,不得使用,D,,第一次
112,112/10/21,保健食品初級工程師,食品科學概論,30,依照食品安全衛生管理法，食品業者輸入食品添加物，其屬複方者，應檢附原產國之製造 廠商或負責廠商出具之產品成分報告及輸出國之官方衛生證明，供各級主管機關查核；但 下列何者，不在此限？,人工色素,香料,防腐劑,抗氧化劑,B,,第一次
112,112/10/21,保健食品初級工程師,食品科學概論,31,用於清洗消毒食品接觸面之次氯酸使用濃度限量（總有效氯 ppm）為何？,100,200,300,500,B,,第一次
112,112/10/21,保健食品初級工程師,食品科學概論,32,食品製程中，非使用自來水者，應指定專人作有效餘氯及酸鹼值之測定，頻率為何？,每日二次,每日一次,每週二次,每週一次,B,,第一次
112,112/10/21,保健食品初級工程師,食品科學概論,33,黃豆產品每批檢驗項目應包含下列何者？,農藥殘留,真菌毒素,重金屬,以上皆是,D,,第一次
112,112/10/21,保健食品初級工程師,食品科學概論,34,農產品初級加工場管理辦法，納管適用農糧類的 4類加工方式，不包括下列哪一項？,乾燥,粉碎,濃縮,焙炒,C,,第一次
112,112/10/21,保健食品初級工程師,食品科學概論,35,下列哪一項不是目前已公告應標示之散裝食品？,巧克力,液蛋產品,雞肉原料,重組肉及注脂肉,C,,第一次
112,112/10/21,保健食品初級工程師,食品科學概論,36,下列何者不是食品業者應符合 GHP的四大面向？,從業人員,作業場所,品保制度,勞災保險,D,,第一次
112,112/10/21,保健食品初級工程師,食品科學概論,37,下列哪項不是用於清洗生鮮即食食品之主要消毒成分？,二氧化氯,次氯酸,次氯酸鈉,過氧乙酸,D,,第一次
112,112/10/21,保健食品初級工程師,食品科學概論,38,以下哪一項不是 HACCP的七大原則？,執行危害分析,建立管制界限,單元加工最適化,研訂及執行監測計畫,C,,第一次
112,112/10/21,保健食品初級工程師,食品科學概論,39,下列何者不是食品添加物的管理項目？,複方有准用許可字號,有產品登錄碼,有使用範圍及限量暨規格標準,在最終產品中具特定功能目的 ,A,,第一次
112,112/10/21,保健食品初級工程師,食品科學概論,40,下列何者為我國食品中最先推動 HACCP系統的食品業別？,肉類加工食品業,水產食品業,乳品加工食品業,餐盒食品工廠,B,,第一次
112,112/10/21,保健食品初級工程師,食品科學概論,41,有關澱粉加工特性的變化過程，下列程序何者正確？,生澱粉 -澎潤 -糊化 -老化 -凝膠 -離水,生澱粉 -澎潤 -糊化 -凝膠 -離水 -老化,生澱粉 -糊化 -澎潤 -凝膠 -離水 -老化,生澱粉 -離水 -澎潤 -糊化 -凝膠 -老化,B,,第一次
112,112/10/21,保健食品初級工程師,食品科學概論,42,下列何者與生產醬油時，降低單氯丙二醇含量無直接關係？,降低脫脂大豆的蛋白質含量,減少油脂含量,降低鹽酸的濃度,降低加工溫度,A,,第一次
112,112/10/21,保健食品初級工程師,食品科學概論,43,生鮮截切水果 貯存過程中果肉逐漸軟化，主要與下列何種酵素的作用有關？,蛋白水解酵素,果膠酵素,澱粉酶,脂解酶,B,,第一次
112,112/10/21,保健食品初級工程師,食品科學概論,44,下列何種蛋白質的含量多寡與貢丸彈性最有關係 ？,水溶性蛋白,鹽溶性蛋白,酸性蛋白,鹼性蛋白,B,,第一次
112,112/10/21,保健食品初級工程師,食品科學概論,45,有關焦糖的敘述，下列何者錯誤 ？,可增加食品特殊風味,可作為食品著色劑,是蔗糖經高溫處理後產生黑褐色物質,是一種梅納反應的產物 ,D,,第一次
112,112/10/21,保健食品初級工程師,食品科學概論,46,在烹煮綠色蔬菜時，加入下列何種物質較能保持蔬菜之綠色色澤？,醋,小蘇打粉,味精,糖,B,,第一次
112,112/10/21,保健食品初級工程師,食品科學概論,47,比較不易受到酸、鹼及熱破壞的食品色素為下列何者？,葉綠素,花青素,胡蘿蔔素,核黃素,C,,第一次
112,112/10/21,保健食品初級工程師,食品科學概論,48,下列何種方法，食品的水分以昇華方式進行脫水？,噴霧乾燥,真空乾燥,被膜乾燥,真空冷凍乾燥,D,,第一次
112,112/10/21,保健食品初級工程師,食品科學概論,49,利用酵素法以玉米澱粉生產果糖糖漿，不需要使用到下列何種酵素？,葡萄糖氧化 酶（glucose oxidase ）,葡萄糖異構化 酶（glucose isomerase ）,α-澱粉酶（α-amylase）,β-澱粉酶（β-amylase）,A,,第一次
112,112/10/21,保健食品初級工程師,食品科學概論,50,添加亞硫酸鹽抑制葡萄酒劣變的原理是 ？,去除單寧,促進酒的熟成,維持甜菜紅素（ betalains）的鮮紅色,防止褐變,D,,第一次
112,112/10/21,保健食品初級工程師,食品科學概論,51,為避免乾燥食品吸濕而影響其復水能力，合理的方法是？,在奶粉中添加乳糖,噴霧乾燥後造粒,縮小產品體積避免毛細現象,真空凍結乾燥過程提供足夠熱量使溫度達冰的熔點以上 ,B,,第一次
112,112/10/21,保健食品初級工程師,食品科學概論,52,冷凍食品貯存時發生凍燒（ freezer burn ），主要是包含了何種反應？,多酚酶褐變,脫水及氧化反應,焦糖化,抗壞血酸褐變,B,,第一次
112,112/10/21,保健食品初級工程師,食品科學概論,53,有關水分含量及水活性與食品腐敗、劣變反應之敘述，何者正確？,水活性達 0.7以上，非酵素性褐變（梅納反應）增快,水活性達 0.6以上，酵素性褐變增快,水分含量愈低，油脂氧化速率愈慢,水活性愈低，油脂氧化速率愈快,B,,第一次
112,112/10/21,保健食品初級工程師,食品科學概論,54,為減緩食品貯存時發生劣變，會在包裝內附上鐵粉包，其功能是下列何者？,脫氧劑,乾燥劑,防腐劑,脫色劑,A,,第一次
112,112/10/21,保健食品初級工程師,食品科學概論,55,在緩慢冷凍過程中，食物品溫可能發生升高的現象，是因為？,形成冰晶吸收顯熱,形成冰晶釋放顯熱,形成冰晶釋放潛熱,形成冰晶吸收潛熱,C,,第一次
112,112/10/21,保健食品初級工程師,食品科學概論,56,燻乾製程使柴魚具有特殊風味並能常溫貯藏，製作柴魚最常使用的魚種是？,鮪魚,鰹魚,旗魚,鮭魚,B,,第一次
112,112/10/21,保健食品初級工程師,食品科學概論,57,為減少碳排以友善生態，可採用非熱加工 （ non-thermal processing ） ，下列何 者是非熱加工？,冷凍冷藏,微波加工,高壓加工,擠壓加工 ,C,,第一次
112,112/10/21,保健食品初級工程師,食品科學概論,58,為具有 Q彈口感，製作珍珠奶茶中的珍珠（即粉圓）會選用哪一種澱粉？,木薯粉（ tapioca starch ）,玉米粉（ corn starch ）,地瓜粉（ sweet potato starch ）,馬鈴薯粉（ potato starch ）,A,,第一次
112,112/10/21,保健食品初級工程師,食品科學概論,59,廠商在麵粉中可能添加豆粉，是希望利用豆粉中的何種成分達到增白及增加筋性熟成作用？,二氧化硫,澱粉酶,脂肪加氧酶,多酚氧化酶,C,,第一次
112,112/10/21,保健食品初級工程師,食品科學概論,60,米飯冷藏後的升糖指數降低，是因為澱粉產生下列何種現象？,吸水膨潤,大量不定型區結晶區破損,澱粉分子伸展擴散，溶出顆粒體外並互相纏繞,大量氫鍵,D,,第一次
112,112/10/21,保健食品初級工程師,食品科學概論,61,中式麵食加工可分為許多種類如冷水麵食、燙麵麵食、發酵麵食、發粉麵食等，下列何種 產品屬於燙麵麵食？,鍋貼,生鮮麵條,銀絲捲,水餃,A,,第一次
112,112/10/21,保健食品初級工程師,食品科學概論,62,關於蔬果色素劣變反應之敘述，下列何者錯誤？ (1)水果的花青素大部分在酸性下較為安 定 (2)蘋果的褐變主要是脂氧合酶參與的酵素反應 (3)烹調蔬菜時添加小蘇打可維持鮮綠 色 (4)蔬菜之葉綠素脫去鎂離子後，會由棕橄欖色轉變為鮮綠色,(1)(2),(1)(4),(3)(4),(2)(4) ,D,,第一次
112,112/10/21,保健食品初級工程師,食品科學概論,63,有關蛋製品的敘述，哪二項正確？ a.添加 10%蔗糖可預防液蛋於凍藏時產生冷凍膠化之 現象 b.為避免蛋粉在乾燥期間發生褐變，應在乾燥前進行脫糖處理 c.皮蛋的白色針狀結 晶為牛磺酸 d.液蛋之殺菌條件主要目標菌係針對仙人掌桿菌與金黃色葡萄球菌,ab,ac,bd,cd,A,,第一次
112,112/10/21,保健食品初級工程師,食品科學概論,64,有關製作麵製品的敘述，哪二項正確？ a.速食麵製作時會將水份降至 10%以下，同時固 定澱粉 β化 b.油麵條添加鹼粉有助於外觀呈現黃色 c.麵糰持續加水揉洗隨水流散後，殘 留類似橡膠的物質，俗稱澄粉 d.濕麵條添加食鹽 可使麵筋緊縮，增加黏彈性,ab,ac,bd,cd,C,,第一次
112,112/10/21,保健食品初級工程師,食品科學概論,65,下列有關油脂加工的敘述何者錯誤？,大豆油溶劑萃取法目前工業上使用的溶劑為正己烷,脫膠操作為加水與油脂混合，使之形成水和膠質，再以離心分離加以去除,冬化方法是先將油脂置於低溫環境下讓低熔點的油脂先結晶出來，再以離心分離加 以去除,大豆油的精製過程中使用活性白土的主要目的為脫除色素,C,,第一次
112,112/10/21,保健食品初級工程師,食品科學概論,66,為了避免酸化罐頭食品腐敗，低溫殺菌的指標菌為？,肉毒桿菌,乳酸菌,大腸桿菌（ O157：H7）,金黃色葡萄球菌,C,,第一次
112,112/10/21,保健食品初級工程師,食品科學概論,67,下列何項不是「食安五環」政策之內容 ？,源頭管控,三級品管,全民監督,重建生產管理 ,B,,第一次
112,112/10/21,保健食品初級工程師,食品科學概論,68,劣變的油脂，下列何項特性的數值會愈低？,發煙點,黏度,酸價,TBA價,A,,第一次
112,112/10/21,保健食品初級工程師,食品科學概論,69,通常含有胺基之化合物、還原糖及水在高溫下反應產生黃褐色物質稱為什麼反應 ？,焦糖化反應,冬化反應,梅納反應,酵素性褐變反應,C,,第一次
112,112/10/21,保健食品初級工程師,食品科學概論,70,油脂碘價測定是利用何種滴定法 ？,氧化還原,沉澱,中和,錯合物,A,,第一次
112,112/10/21,保健食品初級工程師,食品科學概論,71,下列那一項致病因子所引起食品中毒之主要症狀為複視，吞嚥困難，語言障礙，甚至呼吸 系統衰竭 ？,李斯特菌,肉毒桿菌,腸炎弧菌,仙人掌桿菌 ,B,,第一次
112,112/10/21,保健食品初級工程師,食品科學概論,72,請問 [丙酸鈉 ]用於麵包及糕餅的用途為何 ？ ,防腐劑,漂白劑,抗氧化劑,乳化劑 ,A,,第一次
112,112/10/21,保健食品初級工程師,食品科學概論,73,在我國「生鮮蛋品洗選作業指引」中，下列敘述何者正確？ a.洗蛋主要目的是要降低沙門 氏菌污染 b.洗蛋可採用濕式浸泡、沖洗或乾式刷洗等方式進行 c.洗蛋用水，水溫宜維持 在40℃以上，並至少應高於蛋品溫度 5 ℃以上 d.洗蛋後可使用，可供食品使用之原料或 食品添加物之油蠟，進行包覆處理,ac,ab,ad,acd,C,,第一次
112,112/10/21,保健食品初級工程師,食品科學概論,74,以馬鈴薯為原料製造薯條時，應於加工前保存於 10－15℃冷藏，主要目的為何？,增加茄靈產生,抑制糖分增加,降低單寧含量,減少氧化作用,B,,第一次
112,112/10/21,保健食品初級工程師,食品科學概論,75,食品安全監測計畫中，應就其半成品或成品，除一般法定項目外，尚需檢驗二氧化硫的產 品，為下列何者 ？,茶葉產品,糖產品,醬油產品,動物性油產品,B,,第一次
112,112/10/21,保健食品初級工程師,食品科學概論,76,下列何者不可以使用亞硫酸鹽做為漂白劑 ？,杏乾,糖蜜及糖飴,糖漬果實類,麵粉,D,,第一次
112,112/10/21,保健食品初級工程師,食品科學概論,77,利用沉澱滴定法檢測醬油中的食鹽含量，反應試劑為何 ？,硫酸鈣,硝酸鉀,硫酸鎂,硝酸銀,D,,第一次
112,112/10/21,保健食品初級工程師,食品科學概論,78,以下何者可作為食品衛生之指標菌 ？,沙門氏菌,大腸桿菌,金黃色葡萄球菌,腸炎弧菌,B,,第一次
112,112/10/21,保健食品初級工程師,食品科學概論,79,有關澱粉的糊化與老化之敘述，下列何者不正確 ？,粉圓低溫儲存時質地變硬為澱粉老化現象,高濃度的糖降低澱粉糊化的速度,在玉米澱粉糊化過程，加入少量脂肪可降低達到最大黏度的溫度,在低 pH值時澱粉發生水解，可有效促進澱粉糊化的黏度峰值,D,,第一次
112,112/10/21,保健食品初級工程師,食品科學概論,80,下列有關食用油脂的特性敘述，何者有誤 ？,食用油脂氧化過程中，任何時期都可利用過氧化價檢測,橄欖油的碘價低於芝麻油,魚油的皂化價低於椰子油,油炸油總極性化合物含量超過 25%，就不能再使用 以 下 空 白,A,,第一次
112,112/10/21,保健食品初級工程師,保健食品概論,1,國內 111年受衛福部委託，受理特殊營養食品查驗登記之新案、許可文件換發、補發、展 延、轉移、註銷及登記事項變更等業務的窗口是哪個機構？,財團法人生物技術開發中心,社團法人台灣優良食品發展協會,財團法人食品工業發展研究所,財團法人醫藥品查驗中心,D,,第一次
112,112/10/21,保健食品初級工程師,保健食品概論,2,目前臺灣取得健康食品個案審查通過的產品，功效訴求累計最少的是：,骨質保健功能,輔助調節血壓功能,胃腸功能改善,調節血脂功能,B,,第一次
112,112/10/21,保健食品初級工程師,保健食品概論,3,健康食品不必要標示出：,廠商名稱,製造工廠名稱,聯絡電話,代理商,C,,第一次
112,112/10/21,保健食品初級工程師,保健食品概論,4,健康食品第二軌申請許可作業流程為：,文件初審 →評估結果審核 →送驗確認 →審核結果 →核發許可證,文件初審 →功效評估 →評估結果審核 →送驗確認 →審核結果 →核發許可證,文件初審 →安全評估，功效評估 →送驗確認 →評估結果審核 →審核結果 →核發許可 證,文件初審 →審核結果 →安全評估，功效評估 →評估結果審核 →送驗確認 →核發許可 證,A,,第一次
112,112/10/21,保健食品初級工程師,保健食品概論,5,何者非調節血脂的功能性原料及其成份？,紅麴所含 monacolin K,紅麴所含 citrinin,魚油所含 DHA、EPA,綠茶所含兒茶素 ,B,,第一次
112,112/10/21,保健食品初級工程師,保健食品概論,6,申請國內健康食品認證產品，要求原料若為傳統食用，但非以通常加工食品形式供應者， 應檢具相關毒性測試資料的是下列那種安全性評估分類。,第一類安全性評估,第二類安全性評估,第三類安全性評估,第四類安全性評估,B,,第一次
112,112/10/21,保健食品初級工程師,保健食品概論,7,衛福部食藥署近年有針對下列那些原料使用做出規範？,阿勃勒果實使用限制,冬青葉使用限制,咖啡葉使用限制,以上皆是,D,,第一次
112,112/10/21,保健食品初級工程師,保健食品概論,8,保健食品發展面對的科技環境變化，下列何者為非？,只強調保健食品本業的科技研究，跨業合作研究有限,微生物組研究發現對未來研發影響大,數位科技包括對應 AI、區塊鏈及大數據等，保健食品開發有新價值方向,原料開發、萃取、純化及功效驗證等技術，持續有新進展 C.D.9. 下列哪一項不是目前獲健食字號健康食品的主要功能？ （A）輔助調節血壓功能 （B）調節血脂功能 （C）癌後保養功能 （D）保健功效,A,,第一次
112,112/10/21,保健食品初級工程師,保健食品概論,10,下列何者非國內膠囊錠劑類保健食品進口的主要國家？,美國,馬來西亞,日本,紐西蘭,B,,第一次
112,112/10/21,保健食品初級工程師,保健食品概論,11,有關健康食品應加標示事項，下列何者有誤？,整併健康食品的保健功效及品管指標成分含量標示,成分符合中央主管機關訂定規格的健康食品，應揭露保健功效由學理得知，非由實 驗確認,法規公告日起立即生效，市面產品不符規定者應予回收,每日建議攝取量其所含外加精緻糖 17公克以上者，應標示「本品依每日建議攝取量 ○○公克 /毫升，所 含外加精緻糖量達 ○○公克，請注意熱量攝取。」或等同字義文字 ,C,,第一次
112,112/10/21,保健食品初級工程師,保健食品概論,12,健康食品許可證未申請展延致逾有效期限，欲依 「健康食品申請許可辦法第 8條以較簡化 的文件和資料」重新申請查驗登記，以下何者為非 ？,申請期限為期限屆至後 1年內,應檢具原許可證正本,原依本法第三條第一項第一款規定 （個案審查 ）發給許可證重新申請查驗登記之案 件，得於中央衛生主管機關提出要求時再補附產品安全評估報告。,原依本法第三條第一項第一款規定 （個案審查 ）發給許可證重新申請查驗登記之案 件，除有必要外，免送交中央衛生主管機關健康食品審議小組複審，亦免送驗確認。,A,,第一次
112,112/10/21,保健食品初級工程師,保健食品概論,13,向衛生福利部申請輸入錠狀膠囊狀食品查驗登記，不需檢附何項資料？,製造廠為合法製售工廠之官方證明文件,進口報單,原料及食品添加物詳細名稱及含量,產品之每日建議食用量,B,,第一次
112,112/10/21,保健食品初級工程師,保健食品概論,14,衛生福利部受理申請人申請健康食品查驗登記，初、複審結果為文件、資料不完整者，補 件規則下列何者正確？,申請人應於接獲通知後 3個月內補送,申請人得申請延長補件時間至 3個月,申請人得 於補件期限內不限次數補件,屆期申請人未補件完整者，衛生福利部得逕予駁回該申請案,D,,第一次
112,112/10/21,保健食品初級工程師,保健食品概論,15,依衛生福利部規定，食品添加物營養添加劑維生素 C添加於形態屬膠囊狀、錠狀且標示 有每日食用限量之食品，在每日食用量中，其維生素 C之總含量不得高於 1000mg，下列 何者不符規定？,綜合維生素錠 500毫克，每錠 30%為維生素 C，建議每日食用 6~7錠,維生素 C錠550毫克，每錠含 500毫維生素 C，建議每日食用 1~2錠,維生素 C膠囊 600毫克，每膠囊含 350毫克維生素 C，建議每日食用 2錠,綜合維生素膠囊 400毫克，內容物 80%為維生素 C，建議每日食用 2~3錠,A,,第一次
112,112/10/21,保健食品初級工程師,保健食品概論,16,向衛生福利部食品藥管理署申請保健食品優良製造作業 （GMP）自願性驗證，其產品標 示、宣傳及廣告，何者錯誤？,驗證機構核發之驗證證明文件應告知可作為外銷及內銷使用,食品業者可宣傳之驗證範圍應以驗證機構核定之驗證範圍為限,外銷產品標示如依輸入國規定而無法符合國內或本驗證之標示要求者，食品業者於 申請驗證時，應附產品外銷切結書承諾該產品之標示僅供外銷,食品業者不得於產品容器或外包裝上，標示其取得驗證意旨之文字、圖片或條碼,A,,第一次
112,112/10/21,保健食品初級工程師,保健食品概論,17,向衛生福利部申請健康食品查驗登記之製程概要時，下列何者不是必要內容？,產品製程概要應包括原料調理、加工流程及加工條件,經萃取者，應說明萃取方法及其溶劑,經濃縮者，應說明濃縮之倍數,產製工廠符合國際國際 PIC/S GMP 標準之證明文件,D,,第一次
112,112/10/21,保健食品初級工程師,保健食品概論,18,"下列哪些是具有抗疲勞功效的支鏈胺基酸？ 1.Leucine, 2.Isoleucine, 3.Arginine, 4.Valine, 5.Glycine",1、2、3、4,1、3、5,2、3、4、5,1、2、4,D,,第一次
112,112/10/21,保健食品初級工程師,保健食品概論,19,國內法規規定，未經衛福部確認食用安全性前不得作為食品原料使用的是 ？,糞腸球菌 （Enterococcufaecalis ）及屎腸球菌 （Enterococcufaecium ）,蛹蟲草子實 體,番潟,綠咖啡萃取物,A,,第一次
112,112/10/21,保健食品初級工程師,保健食品概論,20,目前取得健食字號的茶類飲料，下列何者非其功效訴求 ？,調節血脂功能,不易形成體脂肪功能,輔助調整過敏體質功能,腸胃功能改善,C,,第一次
112,112/10/21,保健食品初級工程師,保健食品概論,21,下列何者為須向衛生福利部申請查驗登記取得許可文件，始得從事之行為？ (1)輸入含乳 酸菌膠囊狀保健食品 (2)製造含鈣不含維生素的錠狀保健食品 (3)在含乳酸菌的膠囊狀食 品包裝標示「改變細菌叢生態」 (4)在含鈣錠狀保健食品包裝標示「骨質保健」 (5)在含鈣 錠狀保健食品標示「有助於維持骨骼與牙齒的正常發育及健康」,(1)(4),(1)(2)(3)(4),(1)(3)(4)(5),(1)(2)(3)(4)(5) ,A,,第一次
112,112/10/21,保健食品初級工程師,保健食品概論,22,痛痛病（itai-itai disease ）是因含何種重金屬之環境汙染物所導致 ？,汞,鉛,鉻,鎘,D,,第一次
112,112/10/21,保健食品初級工程師,保健食品概論,23,深綠色蔬菜含有豐富的何種離子對於腎功能不全患者因留意攝取量？,鈉離子,鈣離子,氯離子,鉀離子,D,,第一次
112,112/10/21,保健食品初級工程師,保健食品概論,24,「水中毒」並不是因為水裡有重金屬、農藥或其他化學物質所造成的，而是因為過度飲水 引起的何種失調症？,低血甲狀腺素,低血腎上腺素,低血鈉,低血糖,C,,第一次
112,112/10/21,保健食品初級工程師,保健食品概論,25,下列何者屬於源自牛乳的過敏性食物蛋白質？,酪蛋白,麩質,醣蛋白,白蛋白,A,,第一次
112,112/10/21,保健食品初級工程師,保健食品概論,26,真空包裝豆干製品處理不當可能引起下列何種台灣常見的細菌性食品中毒？,金黃色葡萄球菌,肉毒桿菌,病原性大腸桿菌,仙人掌桿菌,B,,第一次
112,112/10/21,保健食品初級工程師,保健食品概論,27,不鏽鋼類金屬合金材質食品容器具，於食品器具容器包裝衛生標準中，已針對鉛及何種之 含量分別訂有限量規定？,汞,鎘,銻,鋰 ,C,,第一次
112,112/10/21,保健食品初級工程師,保健食品概論,28,常存在於溫暖的沿海海水中，海鮮水產品易於污染，生食海鮮水產品、或食用受污染的食 品，就可能造成食品中毒，此汙染源是下列何者？,腸炎弧菌,沙門氏桿菌,金黃色葡萄球菌,仙人掌桿菌,A,,第一次
112,112/10/21,保健食品初級工程師,保健食品概論,29,下列何者是河豚毒素 （Tetrodotoxin ）神經毒性之作用機制？,阻斷鈣離子通道,阻斷鈉離子通道,活化氯離子通道,活化鉀離子通道,B,,第一次
112,112/10/21,保健食品初級工程師,保健食品概論,30,依美國聯邦食品、藥品和化妝品法案食品添加劑，需要經過 FDA的上市前審查和批准， 除非該物質經由下列何種認證？,食品 GMP,GRAS,PIC/S,GLP,B,,第一次
112,112/10/21,保健食品初級工程師,保健食品概論,31,有關黃麴毒素 （Aflatoxin ）之敘述，下列何者錯誤？,分成 B1、B2和G1、G2四類,屬於次級代謝物,對身體的影響主要是在肝臟,黃麴毒素 G1最具致癌性,D,,第一次
112,112/10/21,保健食品初級工程師,保健食品概論,32,下列何種成分可做為豬油產品品質之指標，其在劣質精製豬油中會有較高濃度？,氧化態三酸甘油酯,游離脂肪酸,聚合態三酸甘油酯,雙酸甘油酯,C,,第一次
112,112/10/21,保健食品初級工程師,保健食品概論,33,阿托品（atropine）可以用於治療下列何種中毒情形？,沙林毒氣,甲基汞,三丁基錫,氰化物 ,A,,第一次
112,112/10/21,保健食品初級工程師,保健食品概論,34,下列何者是屬於蛋白質類天然毒素？,黃麴毒素,苦杏仁苷,肉毒桿菌毒素,麻痺性貝毒相關毒素,C,,第一次
112,112/10/21,保健食品初級工程師,保健食品概論,35,為了讓民眾「食在安心」，食藥署致力於推動我國食品安全衛生之三級品管機制，其中第 一級品管是下列何者？,學校教育,業者自主品管,法規把關,民眾具正確觀念,B,,第一次
112,112/10/21,保健食品初級工程師,保健食品概論,36,保溫食品時須注意所謂的「危險溫度帶」，因細菌在此段溫度間，都能快速生長繁殖，此 溫度範圍為下列何者？,介於 10~30℃之間,介於室溫 20~25℃之間,介於 7~60℃之間,介於 5~65℃之間,C,,第一次
112,112/10/21,保健食品初級工程師,保健食品概論,37,下列何者屬於鮮奶之殺菌方法？,高溫高壓滅菌法， 110~120℃ ，30分鐘,高溫短時間滅菌法 72℃，15秒,超高溫瞬間滅菌， 135~150℃ ，1~4秒,以上皆非,B,,第一次
112,112/10/21,保健食品初級工程師,保健食品概論,38,四季豆與豌豆夾因含有下列何種物質，未經烹煮容易導致消化不良？,豆類蛋白,粗纖維,皂素,生物鹼,C,,第一次
112,112/10/21,保健食品初級工程師,保健食品概論,39,紅蘿蔔、蕃茄雖然可以生吃，但煮熟過後會有下列何種物質釋出，營養價值反而更高？,水溶性膳食纖維,脂溶性維生素,有機分子色素,多醣類物質 ,B,,第一次
112,112/10/21,保健食品初級工程師,保健食品概論,40,下列何種食物攝取過多，可能會增強抗凝血劑的藥效，而增加出血的風險？,香蕉,火龍果,葡萄柚,西瓜,C,,第一次
112,112/10/21,保健食品初級工程師,保健食品概論,41,下列關於「咖啡」之敘述，何者是錯誤的？,含天然中樞神經興奮物質,能減少疼痛的感覺,大量食用可能導致心悸、手抖或失眠,咖啡因每日攝取量建議在 500毫克以下,D,,第一次
112,112/10/21,保健食品初級工程師,保健食品概論,42,下列關於「大豆」之敘述，何者是錯誤的？,每100公克黃豆含有 194毫克的鈣質,豆製品屬於易產氣食物,製成豆漿後鈣質濃縮增加可以幫助補鈣,大豆含有抑制鈣吸收的天然化合物 -植酸鹽,C,,第一次
112,112/10/21,保健食品初級工程師,保健食品概論,43,下列關於「蜂蜜」之敘述，何者是錯誤的？,蜂蜜可能會含有肉毒桿菌的孢子,吃不完的蜂蜜無需放入冰箱，放置於攝氏 18-25°C室溫即可,1歲以下幼兒應避免食用蜂蜜,純蜂蜜是單醣，不會吸引螞蟻,D,,第一次
112,112/10/21,保健食品初級工程師,保健食品概論,44,下列關於「鋁箔包飲品」加熱之敘述，何者是錯誤的？,鋁箔包不是設計為可進行加熱的用途,不當加熱可能增加內層塑膠淋膜溶出或剝落之風險,可以隔水加熱,直接加熱可能造成膨包,C,,第一次
112,112/10/21,保健食品初級工程師,保健食品概論,45,曾有案例顯示孩童空腹吃了未成熟的某種果實，在清晨時發生低血糖與急性癲癇發作，可 能是果實中特定有機酸所致，此種果實是下列何者？,榴槤,龍眼,荔枝,菠蘿蜜,C,,第一次
112,112/10/21,保健食品初級工程師,保健食品概論,46,我國食安政策有所謂食安五環，這是指源頭控管、重建生產管理、加強查驗、以及哪兩環？ a.加重黑心廠商責任， b.建立食品雲， c.全民監督食安 d.學校午餐採用國產可溯源在地食 材政策,ab,bc,ac,abc,C,,第一次
112,112/10/21,保健食品初級工程師,保健食品概論,47,下列何者含有凝集素 （lectins）而具有致流產作用？,南瓜子,苦瓜子,西瓜子,冬瓜子,B,,第一次
112,112/10/21,保健食品初級工程師,保健食品概論,48,下列敘述何者是正確的組合？ a.在我國並沒有訂定有不銹鋼各成分的溶出率規範， b.不鏽 鋼304含錳量比 200系列更高， c.高濃度錳暴露可能會有神經毒性,ab,bc,ac,abc,C,,第一次
112,112/10/21,保健食品初級工程師,保健食品概論,49,蟾蜍與青蛙外型相似，有民眾誤食情形，下列敘述何者是正確的組合？ a.蟾蜍耳後毒腺 及表皮疣凸可能會分泌毒素， b.誤食引起類似毛地黃中毒之情形， c.誤食產生噁心、嘔吐、 心律不整及四肢麻痺等,ab,bc,ac,abc,D,,第一次
112,112/10/21,保健食品初級工程師,保健食品概論,50,下列有關食品添加物 -硝酸鹽和亞硝酸鹽之敘述，何者是正確的組合？ a.皆可使用於生鮮 肉類、魚肉製品但有限量， b.可能有致癌風險， c.皆可作為保色劑使用,ab,bc,ac,abc ,B,,第一次
112,112/10/21,保健食品初級工程師,保健食品概論,51,有關魚油 DHA的結構描述下列何者是正確的？,C22：5,C20：4,C20：5,C22：6,D,,第一次
112,112/10/21,保健食品初級工程師,保健食品概論,52,下列何種礦物質與葡萄糖耐受因子（ glucose tolerance factor ）有關？,Chromium,Cobalt,Copper,Manganese,A,,第一次
112,112/10/21,保健食品初級工程師,保健食品概論,53,下列何者是新生兒出生時常規定量給予的維生素？,維生素 A,維生素 E,維生素 K,維生素 B12,C,,第一次
112,112/10/21,保健食品初級工程師,保健食品概論,54,下列何種礦物質為榖胱 甘肽過氧化酶的成分？,鐵,硒,錳,鈷,B,,第一次
112,112/10/21,保健食品初級工程師,保健食品概論,55,下列人體何種器官與直鏈澱粉 （amylose）及支鏈澱粉 （amylopectin ）之消化分解無關？,口腔,胃,胰臟,小腸,B,,第一次
112,112/10/21,保健食品初級工程師,保健食品概論,56,下列何者不是腸道微生物分解寡醣所生產的產物？,氣體,乙酸,短鏈脂肪酸,乙醇 ,D,,第一次
112,112/10/21,保健食品初級工程師,保健食品概論,57,下列何種胺基酸是紅豆、綠豆和鷹嘴豆等豆類之限制胺基酸？,甲硫胺酸 （methionine ）,離胺酸（lysine）,異白胺酸 （isoleusine ）,丙胺酸（alanine）,A,,第一次
112,112/10/21,保健食品初級工程師,保健食品概論,58,"人體必需胺基酸包括芳香族胺基酸 （aromatic amino acids, AAA ），下列何者不是 AAA？",酪胺酸（tyrosine）,苯丙胺酸 （phenylalanine ）,色胺酸（tryptophan ）,精胺酸（arginine）,D,,第一次
112,112/10/21,保健食品初級工程師,保健食品概論,59,關於脂蛋白之敘述，下列何者正確？,血中 HDL -cholesterol 之濃度愈高，動脈粥狀硬化之風險愈高,chylomicron 為密度最高的脂蛋白,極低密度脂蛋白 （VLDL）於肝臟中產生，將三酸甘油酯攜運至其他組織供代謝利用,各種脂蛋白之組成中，以極低密度脂蛋白 （VLDL）之膽固醇含量最低,C,,第一次
112,112/10/21,保健食品初級工程師,保健食品概論,60,飲食指南建議成人每日飲食中應包含至少一份原態的堅果種子類食物，相當於多少份量 的無殼堅果？,1/2茶匙,1茶匙,1/2湯匙,1湯匙,D,,第一次
112,112/10/21,保健食品初級工程師,保健食品概論,61,哺乳的母親若為素食者，嬰兒應補充何種營養素？,蛋白質,維生素 D,維生素 K,維生素 B12,A,答案有更正,第一次
112,112/10/21,保健食品初級工程師,保健食品概論,62,下列何種營養素與貧血無關？,維生素 B6,維生素 B12,生物素,銅,C,,第一次
112,112/10/21,保健食品初級工程師,保健食品概論,63,下列何種單醣以主動運輸 （active transport ）方式，吸收進入腸黏膜細胞？ a.葡萄糖 b.半 乳糖 c.果糖,a,ab,ac,bc,B,,第一次
112,112/10/21,保健食品初級工程師,保健食品概論,64,每日飲食指南建議不吃乳品的全素者可從哪些食物得到充足的鈣質？ a.傳統豆腐等高鈣 豆製品 b.深色葉菜類 c.黑芝麻 d.鈣強化食品,ab,ad,abd,abcd,D,,第一次
112,112/10/21,保健食品初級工程師,保健食品概論,65,下列那一種脂蛋白膽固醇含量最高？,HDL,LDL,VLDL,Chylomicron,B,,第一次
112,112/10/21,保健食品初級工程師,保健食品概論,66,請問以下何種脂肪酸比較具有預防心血管疾病之功效？,飽和脂肪酸,中鏈脂肪酸,多元不飽和脂肪酸,反式脂肪酸,C,,第一次
112,112/10/21,保健食品初級工程師,保健食品概論,67,健康食品安全性評估方法中有所謂的鼷鼠淋巴瘤 tk分析法，此試驗是指下列何者 ？,體外哺乳類細胞基因毒性試驗,體外微生物基因突變試驗,體外骨髓細胞微核基因毒性試驗,以上皆非,A,,第一次
112,112/10/21,保健食品初級工程師,保健食品概論,68,保健食品用之原料，下列何者為禁用原料 ？,紫蘇,紅景天,八角蓮,甘草,C,,第一次
112,112/10/21,保健食品初級工程師,保健食品概論,69,微生物類保健原料，申請健康食品時，需要附上：,購菌來源,菌種鑑定報告,菌株分型鑑別報告,以上皆要,D,,第一次
112,112/10/21,保健食品初級工程師,保健食品概論,70,關於健康食品工廠良好作業規範中，關於加工場所相關規定，何者為非？,一般作業場所光線應保持在 100米燭光以上,工作檯面及調理台光線亮度應高於一般作業場所,牆壁與支柱應為深色系,地板應使用非吸收性，不透水材質,C,,第一次
112,112/10/21,保健食品初級工程師,保健食品概論,71,"半數致死劑量 （The median lethal dose, LD50 ）是安全性評估 /毒性試驗急毒性的指標，現 有化學物質 LD50分別為 a. 1 mg/kg b. 0.1 mg/kg c. 10 mg/kg ，請問此三化學物質急毒性由 強至弱排序為：",abc,bac,cab,cba,B,,第一次
112,112/10/21,保健食品初級工程師,保健食品概論,72,守宮木也就是俗稱的減肥菜，屬非傳統性食品原料，曾在台灣造成風潮及中毒事件，其主 要造成何種毒性？,神經毒性,肺臟毒性,腎臟毒性,肝臟毒性,B,,第一次
112,112/10/21,保健食品初級工程師,保健食品概論,73,有關燕麥奶之敘述，下列何者正確？,主要營養成分是醣類,可取代鮮奶,提供蛋白質,屬於乳品類 ,A,,第一次
112,112/10/21,保健食品初級工程師,保健食品概論,74,市售低鈉 鹽是用氯化鉀取代氯化鈉，但下列何種疾病病人不建議食用低鈉鹽？,高血壓,腸胃道疾病,中樞神經系統疾病,腎臟疾病,D,,第一次
112,112/10/21,保健食品初級工程師,保健食品概論,75,產品成分符合衛生福利部公告之健康食品規格標準，該等成分已由學理確立產品保健功 效，無需個案進行保健功效評估試驗，凡獲得通過者，可宣稱之保健功效敘述均相同，目 前已公告的健康食品規格標準為哪兩項 ？,乳酸菌、紅麴,魚油、紅麴,牛樟芝、紅麴,魚油、大豆異黃酮,B,,第一次
112,112/10/21,保健食品初級工程師,保健食品概論,76,國內保健食品原料的使用與產品發展，下列何者較不受原料資源所限制？,植物類,動物類,微生物類,以上皆是,C,,第一次
112,112/10/21,保健食品初級工程師,保健食品概論,77,向衛生福利部申請輸入錠狀、膠囊狀食品查驗登記，應檢附產品成分含量表，有關該產品 成分含量表，何者為非？,由申請商於近一年內出具,屬膠囊狀食品者，尚須包括空膠囊之原料及其食品添加物詳細名稱及含量,文件應載明「產品之每日建議食用量」,產品如含複方食品添加物，應詳細載明其所含各成分化學名稱及其含量百分比,A,,第一次
112,112/10/21,保健食品初級工程師,保健食品概論,78,目前已通過健康食品延緩衰老功能認證的產品，下列何者是其保健成分原料？,β-聚葡萄糖,管花肉蓯蓉苯乙醇苷,魚油,紅麴 ,B,,第一次
112,112/10/21,保健食品初級工程師,保健食品概論,79,生育醇（維生素 E）可用於補充食品中不足之營養素時使用，但過量時會導致何種傷害 ？,延長血液凝固時間,骨質疏鬆症,心律不整,過量鈣質吸收及鈣質沈澱在內臟組織,A,,第一次
112,112/10/21,保健食品初級工程師,保健食品概論,80,國人膳食營養素參考攝取量對鐵質的建議為何者正確？,10-18歲男性與女性的建議攝取量相同,51歲以上老化增加應增加攝取量,懷孕應從第一期開始每日增加 30毫克,分娩後與成人期需求量相同 以 下 空 白,A,,第一次
114,2025/10/18,保健食品初級工程師,保健食品概論,1,國內法規陸續為食品原料或萃取物進行使用限制及標示規定，下列哪些需標示兒童或嬰幼兒不宜使用的警語？,苦橙果實或其萃取物,桑黃菌絲體,雪蓮組織培養物,以上皆是,D,,第二次
114,2025/10/18,保健食品初級工程師,保健食品概論,2,有關包裝食品營養標示之規定，下列敘述何者正確？ a.所有營養標示內容必須以中文及通用符號顯著標示於容器或包裝上 b.如果食品包裝或容器面積不足以完整標示營養標示，得以附加說明書或 QR CODE 方式替代 c.如果食品產品是大包裝內含小包裝，即便小包裝不會單獨流通販售，大/小包裝仍皆應有完整營養標示 d.「葉黃素」、「EPA」、 「DHA」可以標示在營養標示欄位內,ab,bc,cd,ad,D,,第二次
114,2025/10/18,保健食品初級工程師,保健食品概論,3,目前健康食品之功效評估辦法中，以人體試食實驗為主要評估依據的是哪一個評估辦法？,輔助調節血壓功能評估,調節血糖功能評估,不易形成體脂肪功能評估,調節血脂功能評估,A,,第二次
114,2025/10/18,保健食品初級工程師,保健食品概論,4,下列何者為衛生福利部審核健康食品查驗登記「保健功效成分鑑定報告」之審查重點？ a.分析人員應具有相關科系學歷 b.分析實驗室應取得國家證認證 c.檢驗方法應具有公認之科學可靠性及正確性 d.鑑定報告應包括保健功效成分之定性及定量試驗結果,abcd,bc,ad,cd,D,,第二次
114,2025/10/18,保健食品初級工程師,保健食品概論,5,使用自行篩選的微生物做為健康食品原料，在毒理安全性分類上，判定原則何者正確？,只要是在可供食品使用原料彙整一覽表上，就可歸屬為第一類,至少被歸屬為第二類或以上,歸屬第三類,歸屬第四類,B,,第二次
114,2025/10/18,保健食品初級工程師,保健食品概論,6,申請健康食品查驗的產品，對其保健功效評估報告的審查，何者為非？,試驗產品應是申請的最終產品,人體食用研究者應有人體研究倫理審查委員會同意書,動物實驗應有試驗執行機構之實驗動物照護及使用委員會或小組同意書,應有二批結果報告，其中至少一批檢驗完成日期需在三年內,D,,第二次
114,2025/10/18,保健食品初級工程師,保健食品概論,7,有關特殊營養食品，以下何者為非？,以進口者為主,以調整醣類、蛋白質、脂質及電解質比例為配方設計重點,代餐包亦屬之,由於需要查驗登記，未來發展有限,D,,第二次
114,2025/10/18,保健食品初級工程師,保健食品概論,8,根據「食品標示宣傳或廣告詞句涉及誇張易生誤解或醫療效能之認定基準」，下列食品廣告使用的詞句哪些涉及誇張、易生誤解或醫療效能，不被接受？(1)恢復視力 (2)防止便秘 (3)改善過敏體質 (4)降血壓 (5)解肝毒 (6)補肺 (7)幫助消化,(1)(2)(3)(4)(5)(6)(7),(1)(2)(3)(4)(5)(6),(1)(2)(3)(4)(5),(1)(2)(3)(4),B,,第二次
114,2025/10/18,保健食品初級工程師,保健食品概論,9,下列敘述何者有誤？,臺灣、日本及中國大陸都有各自的保健食品相關認證及規範,日本近期才有特定保健用食品認證,日本機能性表示食品登錄件數持續成長,日本生鮮類產品也能申請機能性表示宣稱,B,,第二次
114,2025/10/18,保健食品初級工程師,保健食品概論,10,健康食品之標示或廣告內容如涉及醫療效能？,處新臺幣十萬元以上五十萬元以下罰鍰,處新臺幣四十萬元以上二百萬元以下罰鍰,處新臺幣六萬元以上三十萬元以下罰鍰,不須處罰,B,,第二次
114,2025/10/18,保健食品初級工程師,保健食品概論,11,取得衛生福利部錠狀膠囊狀食品查驗登記許可，欲申請許可文件轉移，下列何者不正確？,若由甲公司轉移至乙公司，應由甲公司提出申請,申請人應備齊「新案申請」之必要書件、資料文件,應有原製造廠出具同意乙公司銷售之證明文件,原料成分含量表得以甲公司原申請案之影本檢附,A,,第二次
114,2025/10/18,保健食品初級工程師,保健食品概論,12,有關健康食品查驗登記許可之展延登記申請，下列何者錯誤？,應繳納審查費,應檢附製造廠繼續製售之證明文件正本或產品原料成分含量表正本,應於原許可證到期前三個月前提出申請,每次申請，展延最多五年,C,,第二次
114,2025/10/18,保健食品初級工程師,保健食品概論,13,有關申請健康食品查驗登記之安全評估，何者不正確？,產品之安全評估試驗，應依衛生福利部公告之健康食品安全評估方法進行,產品之原料為傳統食用，且以通常加工食品形式供食者，得免依衛生福利部公告之健康食品安全評估方法進行安全評估,得以主要功效原料取代食品全產品進行安全評估,所附之安全性評估報告應有試驗計畫主持人及試驗執行人簽名以示負責,C,,第二次
114,2025/10/18,保健食品初級工程師,保健食品概論,14,取得衛生福利部查驗登記許可之健康食品，於許可證於有效期間內，衛生福利部得對該健康食品重新評估，何者不是健康食品管理法所規定得重新評估之情況？,產品刊登誇大不實廣告受到質疑,科學研究對該產品之功效發生疑義,產品之成分、配方或生產方式受到質疑,食品衛生主管機關認定有必要時,A,,第二次
114,2025/10/18,保健食品初級工程師,保健食品概論,15,下列之菌屬何者非為乳酸菌？,Streptococcus spp.,Bifidobacterium spp.,Escherichia spp.,Lactobacillus spp.,C,,第二次
114,2025/10/18,保健食品初級工程師,保健食品概論,16,根據健康食品申請許可辦法規定，申請健康食品認證標章應具備的資格，何者為非？,產品應檢具安全、功效評估及安定性試驗等報告,需有建議攝取食用量,核准產品須於包裝標示「健康食品」字樣與小綠人標準圖像,保健功效敘述可自由發揮,D,,第二次
114,2025/10/18,保健食品初級工程師,保健食品概論,17,下列何種甜味物質每公克供應之熱量最多？,蔗糖,山梨糖醇,阿斯巴甜,糖精,A,,第二次
114,2025/10/18,保健食品初級工程師,保健食品概論,18,下列何者物理特徵不屬於膳食性纖維質多醣類？,植物纖維素,果膠,果寡糖,洋菜膠,C,,第二次
114,2025/10/18,保健食品初級工程師,保健食品概論,19,健康食品或其原料有 a.變質或腐敗者，b.染有病原菌者，c.殘留農藥含量超過中央主管機關定安全容許量者，d.受原子塵放射汙染，其含量超過中央主管機關所澄安全容許量者， 則禁止？,製造，調配，加工,販賣，儲存，輸入，輸出,贈與或公開陳列,以上皆是,D,,第二次
114,2025/10/18,保健食品初級工程師,保健食品概論,20,第二軌的健康食品標示字號為：,衛部健食規字第 OOOOOO 號,衛部健食 A 字第 OOOOOO 號,衛部健食 B 字第 OOOOOO 號,衛部健食軌字第 OOOOOO 號,A,,第二次
114,2025/10/18,保健食品初級工程師,保健食品概論,21,以下何者不是衛生福利部公告特殊營養食品特定疾病配方食品，其審查或外包裝應標示之事項？,營養均衡完整配方食品,營養強化完整配方食品,營養調整補充配方食品,特殊單素配方食品,B,,第二次
114,2025/10/18,保健食品初級工程師,保健食品概論,22,健康食品查驗登記採個案審查時？,依成分標準規格進行審查,審查費用為 5000 元,一般需耗時 30 天,業者須檢具保健功效評估驗證,D,,第二次
114,2025/10/18,保健食品初級工程師,保健食品概論,23,關於保健食品中紅麴（monascus）之敘述，下列何者正確？,具有調節腸胃道功能,是花青素的一種，可使用在食品,其二次代謝物“膽固醇合成抑制劑（monacolin）”可降血膽固醇,對免疫調整非常有功效,C,,第二次
114,2025/10/18,保健食品初級工程師,保健食品概論,24,下列何者非依發生原因分類之食物中毒？,化學性食物中毒,物理性食物中毒,天然毒素食物中毒,似過敏症食物中毒,B,,第二次
114,2025/10/18,保健食品初級工程師,保健食品概論,25,目前取得健康食品認證件數最多的申請商是哪家企業？,葡萄王生技（股）公司,佳格食品（股）公司,統一企業（股）公司,愛之味（股）公司,B,,第二次
114,2025/10/18,保健食品初級工程師,保健食品概論,26,何者為衛生福利部發布之「食品標示宣傳或廣告詞句涉及誇張易生誤解或醫療效能之認定基準」中屬涉及涉及誇張、易生誤解或醫療效能者？ a.調整體質 b.使排便順暢 c.防止更年期的提早 d.青春美麗 e.降火氣 f.防止口臭,ab,bd,ae,cf,D,,第二次
114,2025/10/18,保健食品初級工程師,保健食品概論,27,依衛生福利部發布之「嬰兒與較大嬰兒配方食品廣告處理原則」，嬰兒與較大嬰兒配方食品於網際網路通路提供資訊，同時符合下列何款情形者，非該辦法所稱廣告？ A.刊登嬰兒與較大嬰兒配方食品品名、規格、產品外觀圖片、適用年齡、價格、廠商名稱、地址或電話。 B.完整刊登衛生福利部查驗登記許可之嬰兒與較大嬰兒配方食品包裝標籤及辨識標記。 C.單獨建置嬰兒與較大嬰兒配方食品專區，並於專區首頁明顯揭示以母乳餵哺嬰兒之優點聲明。 D.單獨建置嬰兒與較大嬰兒配方食品專區，提供消費者留言、分享對商品之評價或使用心得。,ABCD,ABC,BD,CD,B,,第二次
114,2025/10/18,保健食品初級工程師,保健食品概論,28,有關衛生福利部核可之健康食品許可證，下列敘述何者正確？ a.健康食品之製造、輸入許可證有效期限為十年 b.健康食品許可證效期屆期滿仍須繼續製造、輸入者，應於許可證到期前三個月內向衛生福利部申請許可證有效期限之展延 c.健康食品許可證效期逾期，申請商未申請展延或衛生福利部不准該許可證展延者，原許可證自動失效 d.許可證如有污損或遺失，申請許可證之換發或補發，申請商應依新案申請備妥資料但得免附安全評估報告、保健功效評估報告、保健功效安定性試驗報告,ab,cd,ad,bc,D,,第二次
114,2025/10/18,保健食品初級工程師,保健食品概論,29,下列何者是衛生福利部公告之健康食品保健功效項目？ a.不易形成體脂肪 b.緩解視力疲勞 c.促進生長發育 d.輔助調解血壓,ab,cd,ad,bc,C,,第二次
114,2025/10/18,保健食品初級工程師,保健食品概論,30,國內健康食品許可證核發，何者非牙齒保健功效試驗結果之判定的詞句宣稱？,有助於提升口腔內牙菌斑酸鹼值,有助於減少掉牙,有助於減少口腔內牙菌斑堆積量,有助於減少口腔內牙菌斑內突變形鏈球菌數量,B,,第二次
114,2025/10/18,保健食品初級工程師,保健食品概論,31,食品及相關產品之標示、宣傳或廣告，表述內容有下列何者情形之一者，認定為涉及不實、 誇張或易生誤解？,非健康食品查驗登記許可食品，宣稱調整體質,非健康食品查驗登記許可之食品，以「健康」字樣為品名之一部分者,非健康食品查驗登記許可之食品，宣稱改變細菌叢生態,非特定疾病配方食品查驗登記許可之食品，宣稱產前產後或病後之滋補,B,,第二次
114,2025/10/18,保健食品初級工程師,保健食品概論,32,依衛生福利部公告之食品添加物使用範圍及限量暨規格標準，營養添加劑之使用，何者為非？,該規定為正面表列，非表列之食品品項，不得使用該食品添加物,倘准許使用之食品範圍為「可於各類食品中使用」，則鮮乳及保久乳可使用,強化營養鮮乳僅可添加生乳中所含之營養素,特殊營養食品中所使用之營養添加劑，其種類、使用範圍及用量標準得不受表列規定之限制,B,,第二次
114,2025/10/18,保健食品初級工程師,保健食品概論,33,何者是健康食品管理法所稱之中央主管機關？,醫藥品查驗中心,衛生福利部,食品藥物管理署,國民健康署,B,,第二次
114,2025/10/18,保健食品初級工程師,保健食品概論,34,有關健康食品規格標準（符合健康食品管理法第三條第一項第二款規定者），下列何者不是初審應檢具之文件資料？,產品原料成分規格含量表,產品之安全評估報告,產品製程概要,申請者公司登記或商業登記之證明文件,B,,第二次
114,2025/10/18,保健食品初級工程師,保健食品概論,35,有關健康食品查驗登記之複審，下列何者不正確？,由衛生福利部國民健康署之審議小組進行審查,審查範圍包括安全性及保健功效,審查範圍包括包裝標籤及說明書之確實性,衛生福利部得視實際需要執行實地查核,A,,第二次
114,2025/10/18,保健食品初級工程師,保健食品概論,36,有關向衛生福利部申請健康食品查驗記，何者為非？,申請案倘執行動物實驗，應有符合動物保護法相關規定之證明文件,倘衛生福利部公告修正保健功效評估方法，於公告前已依舊方法執行之功估評估皆不採認,倘申請者檢付之評估試驗報告之內容規模，未符合衛生福利部公告評估方法要求之受試人數及篩選條件及試驗週期，衛生福利部得逕予核駁該申請案,試驗計畫主持人之資格，除另有規定外，應具備足夠之相關專業背景與研究經驗或著作,B,,第二次
114,2025/10/18,保健食品初級工程師,保健食品概論,37,向衛生福利部申請健康食品查驗登記，不需要檢附何種文件？,產品製造廠出具之產品製程圖說,產品製造廠出具之原料成分規格含量表、供貨來源,產品中文標籤之實體、彩色列印圖或彩色擬稿,英文資料之中文譯本,D,,第二次
114,2025/10/18,保健食品初級工程師,保健食品概論,38,下列對「健康食品製造良好作業規範標準」規範的敘述，何者有誤？,健康食品上市前，應依其物理與化學特性、型態，及其保健功效成分或品管指標成分，執行安定性試驗，作為訂定有效日期之依據,安定性試驗應訂定標準作業程序，可隨時彈性調整執行程序,健康食品上市後，應抽樣持續進行安定性試驗，確保健康食品於有效日期內，符合其品質規格,健康食品製造業者應由負責人或其指派之高階主管，建立及維持符合標準規定之品質管理系統,B,,第二次
114,2025/10/18,保健食品初級工程師,保健食品概論,39,健康食品含紅麴原料者，需警語標示不可合併使用的產品，何者正確？,頭痛藥,腸胃藥,降血脂藥,感冒藥,C,,第二次
114,2025/10/18,保健食品初級工程師,保健食品概論,40,下列何者為紅麴抗菌成份？,monascidin,monacolins,γ-amino butyric acid,monascin,A,,第二次
114,2025/10/18,保健食品初級工程師,保健食品概論,41,哪一種礦物質為麩胱甘肽過氧化酶之 cofactor？,鍺,硒,鋅,鐵,B,,第二次
114,2025/10/18,保健食品初級工程師,保健食品概論,42,以下何者非近年來保健食品發展的趨勢？,潔淨標章,食品型態,採用化學合成的原料,科學實證支持,C,,第二次
114,2025/10/18,保健食品初級工程師,保健食品概論,43,下列哪個不是保健食品巿場成長的推拉力量？ (1)消費者健康態度及個人化需？ (2)微生物組（Microbiome）不斷有發？ (3)智慧技術等新興科技工具加入運？ (4)營運模式多元創？ (5)食藥同源傳統根基現代轉化,(1)(2)(3)(4)(5),(1)(2)(3)(4),(1)(2)(3),(1)(2),"A,B,C,D",答案有更正,第二次
114,2025/10/18,保健食品初級工程師,保健食品概論,44,有關康普茶以下敘述何者錯誤？,歐美非常流行,可 DIY,非保健食品,共生發酵的產品,C,,第二次
114,2025/10/18,保健食品初級工程師,保健食品概論,45,我國保健食品外銷最多的是哪一類的產品？,保健用植物及萃取物,機能性飲料及飲品,膠囊錠劑及其相似品,維生素製劑及電解質補充液,C,,第二次
114,2025/10/18,保健食品初級工程師,保健食品概論,46,我國的「健康食品」是法律名詞，其最正確的敘述是？,具醫療功效,能降低門診人數,具科學實證,能改善健保虧損,C,,第二次
114,2025/10/18,保健食品初級工程師,保健食品概論,47,食品添加物聚乙烯吡咯烷酮可使用於錠狀食品作為品質改良劑，使用限量為 5%以下，每粒 200 毫克的錠狀食品含有聚乙烯吡咯烷酮以下數量，何者不符規定？,20 微克,12 微克,12 毫克,5 毫克,C,,第二次
114,2025/10/18,保健食品初級工程師,保健食品概論,48,下列何者非健康食品審查第一軌認證範圍？,牙齒保健,睡眠品質改善,抗疲勞,改善過敏體質,B,,第二次
114,2025/10/18,保健食品初級工程師,保健食品概論,49,向衛生福利部申請健康食品查驗登記，安全性第三類（含）以上產品於安全評估報告呈現之無不良影響劑量（No-observed-adverse effect level）應大於或等於人的建議攝取量的多少倍？,100 倍,60 倍,30 倍,10 倍,A,,第二次
114,2025/10/18,保健食品初級工程師,保健食品概論,50,下列有關熱帶性海魚毒中毒時之敘述，何者是錯誤的組合？ a.渦鞭毛藻污染珊瑚礁魚類， b.具腎臟毒性，c.中毒時需盡速就醫施打專一解毒劑,ab,bc,ac,以上皆錯,B,,第二次
114,2025/10/18,保健食品初級工程師,保健食品概論,51,下列有關綠褶菇（Chlorophyllum molybdites (Meyer : Fr.) Massee）之敘述，何者是正確的組合？ a.民眾將綠褶菇誤認為是雞肉絲菇採食而中毒，b.具胃腸道刺激作用，c.具有至迷幻作用,ab,bc,ac,abc,A,,第二次
114,2025/10/18,保健食品初級工程師,保健食品概論,52,"以下食品中常見之汙染物，何者已知會和 DNA 產生鍵結而導致基因突變的可能性？ (1)苯并芘（安息香比林, benzo(a)pyrene） (2)三聚氰胺 (3)黃麴毒素 (4)塑化劑","3,4","2,3","1,3","1,2,3",C,,第二次
114,2025/10/18,保健食品初級工程師,保健食品概論,53,"下列何者屬於因為食品加工衍生之有害物質？ (1)多環芳香烴（polycyclic aromatic hydrocarbons） (2) 單氯丙二醇 （3-monochloropropane-1,2-diol） (3) 異環胺類化合物 （heterocyclic amines） (4)脂質過氧化物（lipid peroxidation products）","1, 2, 3, 4","2, 3","1, 3, 4","1, 2, 3",A,,第二次
114,2025/10/18,保健食品初級工程師,保健食品概論,54,身體在以下何種狀況下，會是正氮平衡？,老年人,孕婦,受傷,蛋白質攝取不足,B,,第二次
114,2025/10/18,保健食品初級工程師,保健食品概論,55,下列何種食物為維生素 B12 主要來源？,核桃,肉,花椰菜,全麥麵包,B,,第二次
114,2025/10/18,保健食品初級工程師,保健食品概論,56,下列何者不是熱量獲取的來源？,碳水化合物,脂肪,蛋白質,維生素,D,,第二次
114,2025/10/18,保健食品初級工程師,保健食品概論,57,下列何種人工甜味劑的使用需在產品外包裝加註警語？,阿斯巴甜,木糖醇,糖精,甜菊醣苷,A,,第二次
114,2025/10/18,保健食品初級工程師,保健食品概論,58,為了預防酮酸中毒，每日至少應攝取多少醣類？,25 公克以上,100 公克以上,250 公克以上,500 公克以上,B,,第二次
114,2025/10/18,保健食品初級工程師,保健食品概論,59,下列何者不是評估蛋白質品質的方法？,胺基酸互補評分（amino acid complementary score）,可消化必需胺基酸分數（digestible indispensable amino acid score）,生物價（biological value）,蛋白質效率（protein efficiency ratio）,A,,第二次
114,2025/10/18,保健食品初級工程師,保健食品概論,60,飲食攝取的礦物質大部分如何吸收？,由胃透過主動運輸方式,由小腸透過主動運輸或被動擴散的方式,由大腸被動擴散的方式,由結腸透過主動運輸方式,B,,第二次
114,2025/10/18,保健食品初級工程師,保健食品概論,61,長期食用生蛋白容易導致下列何種維生素缺乏？,維生素 B6,核黃素,生物素,菸鹼酸,C,,第二次
114,2025/10/18,保健食品初級工程師,保健食品概論,62,孕婦宜補充下列何種營養素以預防巨球性貧血？,維生素 B6,葉酸,泛酸,鐵,B,答案有更正,第二次
114,2025/10/18,保健食品初級工程師,保健食品概論,63,菸鹼素的需要量包含哪一種胺基酸轉化而來？,離胺酸,色胺酸,組胺酸,酪胺酸,B,,第二次
114,2025/10/18,保健食品初級工程師,保健食品概論,64,下列何者是維生素 B12 的成分？,鈣,鎂,錳,鈷,D,,第二次
114,2025/10/18,保健食品初級工程師,保健食品概論,65,下列何者糖度最甜？,蔗糖,白糖,紅糖,果糖,D,,第二次
114,2025/10/18,保健食品初級工程師,保健食品概論,66,攝食過多的生魚片可能會造成哪一種維生素缺乏？,維生素 A,維生素 D,維生素 B1,維生素 B2,C,,第二次
114,2025/10/18,保健食品初級工程師,保健食品概論,67,成年女性每日礦物質需求量，由高而低依序為何？,鐵 > 銅 > 碘 > 硒,硒 > 銅 > 鐵 > 碘,碘 > 銅 > 鐵 > 硒,銅 > 鐵 > 硒 > 碘,A,,第二次
114,2025/10/18,保健食品初級工程師,保健食品概論,68,有關副甲狀腺素之敘述，下列何者錯誤？,血鈣濃度降低時分泌量會增加,會刺激骨骼釋放出鈣,"會促進肝臟合成 1,25(OH)2D3",會促進小腸對鈣的吸收,C,,第二次
114,2025/10/18,保健食品初級工程師,保健食品概論,69,某人隨探險隊在海上工作 3 年，出現關節疼痛與皮下點狀出血的症狀，經給予維生素 C 後有所改善，但同時發生噁心與腹瀉的症狀，請問給予的維生素 C 劑量可能為多少？,超過 3000 毫克,超過 1000 毫克,超過 300 毫克,超過 100 毫克,"A,B",答案有更正,第二次
114,2025/10/18,保健食品初級工程師,保健食品概論,70,以下有關維生素 A 和類胡蘿蔔素之敘述，何者正確？,維生素 A 攝取過量會導致中毒，類胡蘿蔔素攝取過多會導致黃疸,缺乏維生素 A 會得夜盲症，缺乏類胡蘿蔔素會得乾眼症,維生素 A 主要存在動物食品中，類胡蘿蔔素是植化素,維生素 A 屬抗氧化系統，類胡蘿蔔素會降低免疫功能,C,,第二次
114,2025/10/18,保健食品初級工程師,保健食品概論,71,下列碳水化合物中，何者屬於單醣類？,澱粉,果糖,蔗糖,菊糖,B,,第二次
114,2025/10/18,保健食品初級工程師,保健食品概論,72,使用聚四氟乙烯（鐵氟龍）塗層炊具及烤盤時，加熱至多少℃以上可能會產生氟化合物有毒蒸氣？,110,220,300,360,D,,第二次
114,2025/10/18,保健食品初級工程師,保健食品概論,73,「加熱煮熟」之定義，係指產品加工之條件可確保產品能安全的供即食者，關於熟度下列何者為正確？,全熟,7 分熟,5 分熟,未限制其熟度,A,答案有更正,第二次
114,2025/10/18,保健食品初級工程師,保健食品概論,74,俗稱「奶油黃」之色素被禁止使用於食品，有致癌疑慮，其是指下列何者？,"N,N-二甲基色胺",7-甲基黄嘌呤,二甲基黃,甲基磺酸,C,,第二次
114,2025/10/18,保健食品初級工程師,保健食品概論,75,下列何種物質被用於牲畜以預防疾病，也用作保護劑並幫助生長，但過度濫用反而造成公眾食用肉品時之健康威脅？,瘦肉精,抗生素,乳清粉,基因改造飼料,B,,第二次
114,2025/10/18,保健食品初級工程師,保健食品概論,76,果汁相較於水果有許多壞處，下列有關果汁之敘述何者是錯誤的？,較容易流失營養成分,使維生素不易氧化,膳食纖維降低,增加糖類吸收速度,B,,第二次
114,2025/10/18,保健食品初級工程師,保健食品概論,77,下列何種甜味劑不適合用於苯丙酮尿症患者，因可能導致血液中苯丙酮的大量堆積？,醋磺內酯鉀,阿斯巴甜,紐甜,糖精,B,,第二次
114,2025/10/18,保健食品初級工程師,保健食品概論,78,有關番茄之敘述，下列何者錯誤？,番茄和馬鈴薯皆屬於茄科植物,茄科植物一般皆含有生物鹼,未成熟綠番茄含龍葵鹼有毒,成熟番茄中含番茄生物鹼之量低,C,,第二次
114,2025/10/18,保健食品初級工程師,保健食品概論,79,曾有使用中藥材不當而引起腎臟間質性纖維化之案例，下列何種植物成分是引起腎臟病變之主因？,馬兜鈴酸,粉防己鹼,苦杏仁苷,吡咯里西啶生物鹼,A,,第二次
114,2025/10/18,保健食品初級工程師,保健食品概論,80,食用珊瑚礁魚類可能引起海魚肉中毒（熱帶性海魚毒）是因下列何種物質所致？,河豚毒素,軟骨藻酸,梫木毒素,雪卡毒素,D,,第二次
114,2025/10/18,保健食品初級工程師,食品科學概論,1,食品業者依產業類別應置之專門職業人員，其職責何者不正確？,食品安全管制系統之規劃及執行,食品追溯或追蹤系統之規劃及執行,食品原材料品質之建立及驗收,實驗室品質保證之建立及管控,C,,第二次
114,2025/10/18,保健食品初級工程師,食品科學概論,2,天然澱粉經不同物理處理、化學處理及酵素修飾等作用，能產生性質相異的修飾澱粉 （modified starch），下列敘述何者有誤？,安定化澱粉主要利用取代基使分子內氫鍵容易破壞，可應用於需要低溫烹煮食品或需要快速產生黏度之食品,預糊化澱粉又稱為預煮澱粉或 α-澱粉，常用於即食產品或是速食濃湯,交鏈澱粉可用於嬰兒食品、番茄醬和冬粉等食品,酸修飾澱粉利用酸液於糊化溫度以下的溫度作用澱粉，使結晶區受到酸作用而分解， 而非結晶區則保持完整之修飾澱粉,D,,第二次
114,2025/10/18,保健食品初級工程師,食品科學概論,3,有關酵母在烘焙食品中的敘述，下列哪二項正確？ a.其學名為啤酒酵母菌（Saccharomyces cerevisiae） b.發酵可增加 pH 值，使麵筋糊化 c.速溶乾酵母可直接加入麵粉中與其他材料一起攪拌，不必先溶於水 d.發酵可產生 CO2 與無機酸，具有特殊風味,ab,ac,bd,cd,B,,第二次
114,2025/10/18,保健食品初級工程師,食品科學概論,4,鳳梨罐頭經 121℃加熱，D 值為 4 分鐘，若要達到商業殺菌程度，則所需的加熱時間應為下列何者？,60 分鐘,48 分鐘,20 分鐘,4 分鐘,C,,第二次
114,2025/10/18,保健食品初級工程師,食品科學概論,5,有關油炸油得換油的指標，下列何者錯誤？,發煙點低於 150℃時,油炸油色深且又黏漬，具油耗味，泡沫多、大、有顯著異味且泡沫面積超過油炸鍋二分之一以上者,酸價超過 2.0（mg KOH/g）,油炸油總極性物質含量達 25%以上者,A,,第二次
114,2025/10/18,保健食品初級工程師,食品科學概論,6,下列何者過去常被誤認為食品添加物而違法添加於鹼粽、魚丸等食品中，作為增加彈性、 脆度與增加食品保水性、保存性？,食用紅色 6 號,硼砂,亞硝酸鹽,己二烯酸,B,,第二次
114,2025/10/18,保健食品初級工程師,食品科學概論,7,有關執行食品安全管制系統（HACCP）所包括之事項，下列何者不正確？,執行危害分析,決定重要管制點,建立生產預測,建立管制界限,C,,第二次
114,2025/10/18,保健食品初級工程師,食品科學概論,8,有關食品安全管制系統（HACCP）之敘述，下列何者錯誤？,HACCP 基本概念強調事前監控勝於事後檢驗,HACCP 觀念首先被應用至食品法規（美國應用於低酸性罐頭肉毒桿菌中毒事件）,國內曾推動餐飲業食品安全管制系統先期輔導作業規範,流通業強制規範執行 HACCP,D,,第二次
114,2025/10/18,保健食品初級工程師,食品科學概論,9,食品添加物之製造業者及輸入業者，在每批檢驗重金屬時，應包含以下哪些項目？,單方食品添加物成品,複方食品添加物原材料,複方食品添加物成品,以上皆是,D,,第二次
114,2025/10/18,保健食品初級工程師,食品科學概論,10,依據食品良好衛生規範準則之規定，下列敘述何者正確？,蓄水池（塔、槽）每年至少清理二次,與食品接觸之冰塊，應符合冰品衛生標準,使用地下水源者，其水源與化糞池、廢棄物堆積場所等污染源，應至少保持十五公尺,蓄水池（塔、槽）設置地點應距污穢場所、化糞池等污染源五公尺以上,C,,第二次
114,2025/10/18,保健食品初級工程師,食品科學概論,11,下列食用油脂中何者融點最高？,可可脂,棉籽油,玉米油,大豆油,A,,第二次
114,2025/10/18,保健食品初級工程師,食品科學概論,12,下列何者與食用油脂的自氧化反應無關？,脂肪酸不飽和程度,脂肪酸分子量大小,光線,氧氣,B,,第二次
114,2025/10/18,保健食品初級工程師,食品科學概論,13,小麥磨粉後需經老化（aging）始具黏彈性，其主要形成何種鍵結的網狀結構？,共價鍵,雙硫鍵,氫鍵,疏水鍵,B,,第二次
114,2025/10/18,保健食品初級工程師,食品科學概論,14,有關澱粉糊化（gelatinization）與回凝（retrogradation）的敘述，下列何者有誤？,糊化澱粉回凝後，其結構晶體化程度比生澱粉低,直鏈澱粉含量較多者，較易回凝,生澱粉糊化後，其雙折射性（birefringence）會消失,糊化澱粉回凝速率不受其水分含量的影響,D,,第二次
114,2025/10/18,保健食品初級工程師,食品科學概論,15,下列何種分析法可檢測蛋品中芬普尼的殘留量是否超過 10 ppb？,高效液相層析法,原子吸光光譜法,高效液相層析串聯質譜法,氣相層析質譜法,C,,第二次
114,2025/10/18,保健食品初級工程師,食品科學概論,16,當 pH 值的變色範圍在 4.4 至 6.2 之間，下列何者為最佳指示劑？,瑞香草酚藍（thymol blue）,甲基紅（methyl red）,酚紅（phenol red）,酚酞（phenolphthalein）,B,,第二次
114,2025/10/18,保健食品初級工程師,食品科學概論,17,以蒟蒻芋乾粉為原料，除了在製造過程中需要加水及加熱外，還需添加下列何種物質使其形成蒟蒻凍？,食醋,發粉,氫氧化鈣,蔗糖,C,,第二次
114,2025/10/18,保健食品初級工程師,食品科學概論,18,維持冷凍食品品質時，下列何者敘述錯誤？,凍結速度需緩慢,販賣時應保持-18°C,形成冰晶應小，且均勻分佈在細胞內外,運送過程維持在-18°C,A,,第二次
114,2025/10/18,保健食品初級工程師,食品科學概論,19,有關 α-澱粉酶的敘述，下列何者錯誤？,"可隨機切斷 α-1,4-葡萄糖苷鍵結",是一種外切酵素,能迅速降低澱粉液的黏度,又稱為液化酵素,B,,第二次
114,2025/10/18,保健食品初級工程師,食品科學概論,20,下列有關油脂的檢測值，何者與品質安定性無關？,酸價,碘價,過氧化價,共軛雙烯價,B,,第二次
114,2025/10/18,保健食品初級工程師,食品科學概論,21,利用索氏萃取器萃取測定食品中粗脂肪使用的溶劑為何？,氯仿,乙酸乙酯,甲醇,乙醚,D,,第二次
114,2025/10/18,保健食品初級工程師,食品科學概論,22,下列何者不是蛋白質的測定方法？,凱氏定氮法,雙縮脲法,碘量法,福林酚法,C,,第二次
114,2025/10/18,保健食品初級工程師,食品科學概論,23,為避免魚油貯存過程中氧化劣變，較合適添加：,維生素 B,維生素 C,維生素 D,維生素 E,D,,第二次
114,2025/10/18,保健食品初級工程師,食品科學概論,24,溫體豬肉放久後色澤褐化，主要是因會形成哪種物質？,肌紅蛋白（Mb）,氧化肌紅蛋白（MetMb）,氧合肌紅蛋白（MbO2）,亞硫酸肌紅蛋白（NOMb）,B,,第二次
114,2025/10/18,保健食品初級工程師,食品科學概論,25,有關蔬果加工保護葉綠素顏色變化，下列何者錯誤？,可透過殺菁處理,醃漬小黃瓜過程釋放乳酸而脫去鐵離子，逐漸變成棕橄欖色,加小蘇打在水中燙煮時變成葉綠酸，形成鮮綠色,含銅葉綠素不是蔬果類的合法添加物,B,,第二次
114,2025/10/18,保健食品初級工程師,食品科學概論,26,有關油脂碘價的描述，下列何者錯誤？,與鹵化碘作用後，所吸收碘的重量,可作為油脂攙假指標,碘價越高越飽和,可作為不飽和程度指標,C,,第二次
114,2025/10/18,保健食品初級工程師,食品科學概論,27,有關油脂各項指標的評估，下列何者錯誤？,可透過調溫（tempering）加工形成不同程度的結晶，擴大產品應用範圍,折射率越高，飽和程度越高，可判定氫化程度,發煙點降低可反映油炸油之劣變,順式雙鍵越多，熔點降低,B,,第二次
114,2025/10/18,保健食品初級工程師,食品科學概論,28,有關三仙膠的描述，下列何者錯誤？,易溶於水,溶液黏度較不受 pH、鹽類和溫度影響,黏性不受攪拌速率影響,呈現假塑性黏度型態,C,,第二次
114,2025/10/18,保健食品初級工程師,食品科學概論,29,下列何者不是食品中污染物質及毒素衛生標準所稱之污染物質？,蟲體碎片,真菌毒素,海洋生物毒素,重金屬限量,A,,第二次
114,2025/10/18,保健食品初級工程師,食品科學概論,30,實施 HACCP 之水產食品工廠，針對養殖魚貝類原料的動物用藥殘留檢驗週期為多久？,每季,每二季,每三季,每年,A,,第二次
114,2025/10/18,保健食品初級工程師,食品科學概論,31,麵粉成品每批檢驗項目應包含下列何者？,農藥殘留,真菌毒素,重金屬,以上皆是,B,,第二次
114,2025/10/18,保健食品初級工程師,食品科學概論,32,單及雙脂肪酸甘油二乙醯酒石酸酯是新增的食品添加物，其作用為下列何者？,防腐劑,殺菌劑,抗氧化劑,乳化劑,D,,第二次
114,2025/10/18,保健食品初級工程師,食品科學概論,33,下列何者不是食品添加物的 ［ 粘稠劑（糊料）］？,海藻酸鈉,乾酪素,羧甲基纖維素鈉,癒創樹脂,D,,第二次
114,2025/10/18,保健食品初級工程師,食品科學概論,34,食品病原菌中的超級抗原（Superantigens）會過度激活免疫系統是透過何種免疫細胞？,B 細胞,T 細胞,肥胖細胞,白血球細胞,B,,第二次
114,2025/10/18,保健食品初級工程師,食品科學概論,35,油炸油降解物常給人易致癌的印象，所以油炸油脂質應盡量避免下列何種成分？,飽和性脂肪酸,單元不飽和性脂肪酸,多元不飽和性脂肪酸,精製軟質棕櫚油,C,,第二次
114,2025/10/18,保健食品初級工程師,食品科學概論,36,下列何者不是產生雜環胺化合物的主要前驅物？,葡萄糖,肌酸,脂肪酸,胺基酸,C,,第二次
114,2025/10/18,保健食品初級工程師,食品科學概論,37,依照［食品用洗潔劑衛生標準］規定，下列何種消毒成分不能直接用於清洗食品？,四級胺鹽,次氯酸鈉,酸化亞氯酸鈉,二氧化氯,A,,第二次
114,2025/10/18,保健食品初級工程師,食品科學概論,38,目前實施的［食品中微生物衛生標準］將食品區分成 7 大項，不包含下列哪一項？,動（植）物油脂類,嬰兒食品類,冷凍食品及冰類,液蛋類,A,,第二次
114,2025/10/18,保健食品初級工程師,食品科學概論,39,依據食品安全管制系統準則之規定，有關管制小組成員之敘述，下列何者錯誤？,負責人或其授權人不是必要之成員,至少 3 人,管制小組應確認本系統執行之有效性，每年至少進行一次內部稽核,須接受每三年累計至少十二小時與本系統有關之專業訓練、研討或講習,A,,第二次
114,2025/10/18,保健食品初級工程師,食品科學概論,40,下列有關 TQF 管理技術規範之敘述，何者正確？,熱藏食品應保持在 70℃以上,冷藏食品中心溫度應保持在 14℃以下、凍結點以上,倉庫內物品應分類貯放於棧板、貨架上，或採取其他有效措施，並保持整齊、清潔， 貯存物品應距離牆壁、地面均在 5 公分以上,油炸用食用油之總極性化合物含量達百分之二十以上時，不得再予使用,C,,第二次
114,2025/10/18,保健食品初級工程師,食品科學概論,41,驗收抽樣可應用於原料、添加物、物料（內外部包材）以及零件之進料檢驗，下列何者錯誤？,抽取一定數量為樣本,用於評估貨批之品質,檢驗品質特性,決定貨批為接受或拒絕,"B,C",答案有更正,第二次
114,2025/10/18,保健食品初級工程師,食品科學概論,42,若考量雜環胺的致突變性，下列何種加工方式最易產生高量雜環胺引起的致突變物質？,燒烤,油炸,烹煮,烘焙,A,,第二次
114,2025/10/18,保健食品初級工程師,食品科學概論,43,未具公司登記或商業登記之食品販售業者所販售之茶葉應標示原產地，包裝形式包含下列哪一種？,棉紙包裝,麻布袋束口,密封袋裝,以上皆是,D,,第二次
114,2025/10/18,保健食品初級工程師,食品科學概論,44,牛肉原料原產地標示，牛肉及牛可食部位不包含以下哪項？,牛乳及尾巴,牛乳及牛脂,牛乳及牛皮,內臟及牛脂,B,,第二次
114,2025/10/18,保健食品初級工程師,食品科學概論,45,有關單氯丙二醇高風險食品的描述，下列何者為非？,醬油、蠔油醬和黑豆醬油,植物蛋白水解液和修飾澱粉為可能的前驅物,水煮肉,以穀物為原料的烘焙加工食品,C,,第二次
114,2025/10/18,保健食品初級工程師,食品科學概論,46,為使食品業者訂定食品安全監測計畫更臻明確，訂定食品安全監測計畫的內容項目，應包含下列哪些項目？,流程及危害分析,作業標準程序與內部稽核,供應商管理與教育訓練,以上皆是,D,,第二次
114,2025/10/18,保健食品初級工程師,食品科學概論,47,油脂與空氣中的氧接觸後，所引起的自氧化為油脂氧化劣敗的主要反應，下列有關油脂自氧化反應機制的敘述，何者有誤？,油脂自氧化過程屬於自由基的連鎖反應,自氧化初期常因受到輻射照射、氧氣及金屬催化劑等因子催化而發生,自氧化增殖期主要產生大量且不穩定之氫過氧化物（ROOH）,自氧化終止期的反應速率較慢，為油脂自氧化反應的決定步驟,D,,第二次
114,2025/10/18,保健食品初級工程師,食品科學概論,48,胺基酸含量檢測原理中，以下何者不是與羧基反應？,亞硝酸,酯化,形成胜肽鍵,與茚三酮（ninhydrin）反應,A,,第二次
114,2025/10/18,保健食品初級工程師,食品科學概論,49,在胺基酸分析上常先使用 6 mol/L HCl 水解 24 小時，但何種胺基酸因水解速率較慢而需延長水解時間？,天冬醯胺,色胺酸,甲硫胺酸,異白胺酸,D,,第二次
114,2025/10/18,保健食品初級工程師,食品科學概論,50,粗蛋白定量時，使用的氮係數依食品種類而定，其數字大小與食品中何種成分有關？,游離胺基酸,水解胺基酸,甲醛態氮,氨態氮,B,,第二次
114,2025/10/18,保健食品初級工程師,食品科學概論,51,有關低甲氧基果膠（DE<50）的敘述，下列何者不正確？,必須在二價陽離子（如 Ca2+）存在情況下形成凝膠,凝膠能力隨 DE 的減少而增加,如其他高分子聚合物一樣，相對分子量愈大，形成的凝膠愈弱,凝膠強度與溫度、pH 值及離子強度有關,C,,第二次
114,2025/10/18,保健食品初級工程師,食品科學概論,52,有關葡萄糖氧化酶敘述何者有誤？,生成葡糖糖酸 delta 內酯可添加於肉類製品中,生成葡萄醣醛酸及過氧化氫,添加啤酒、果汁中以去除氧氣,用於液蛋、蛋粉以去除葡萄糖降低梅納褐變,B,,第二次
114,2025/10/18,保健食品初級工程師,食品科學概論,53,有關胺基酸的呈色反應之敘述，下列何者正確？,寧海準（Nihydrin）反應：胺基會與寧海準試劑作用，生成黃色化合物,米隆（Millon）反應：含有酪胺酸之樣品會與米隆試劑加熱作用，生成紅色沉澱物,雙縮脲反應：兩個以上的胜肽鍵在酸性環境下與硫酸銅作用，生成紫紅色化合物,以上皆是,B,,第二次
114,2025/10/18,保健食品初級工程師,食品科學概論,54,下列何者可作為殺菁的指標酵素？,多酚氧化酶,脂肪加氧酶,過氧化酶,果膠脂酶,C,,第二次
114,2025/10/18,保健食品初級工程師,食品科學概論,55,魚鬆中之水分與魚肉肌纖維蛋白中的親水官能基團以何種化學鍵結合？,凡得瓦力,氫鍵,共價鍵,離子鍵,B,,第二次
114,2025/10/18,保健食品初級工程師,食品科學概論,56,某食物成分分析的數據如下：水分 30%、蛋白質 12%、脂肪 25%、灰分 3%，則該食物的醣類（碳水化合物）可推算為：,0.2,0.25,0.3,0.35,C,,第二次
114,2025/10/18,保健食品初級工程師,食品科學概論,57,油炸油中的總極性化合物通常不包含以下哪項？,游離脂肪酸,甘油一酯,甘油二酯,甘油三酯,D,,第二次
114,2025/10/18,保健食品初級工程師,食品科學概論,58,水解胺基酸經適度衍生化化再以逆相 HPLC 搭配 UV 檢測分析，應可達到多少檢測極限 （mole）？,4-6 mole,7-9 mole,10-12 mole,13-15 mole,C,,第二次
114,2025/10/18,保健食品初級工程師,食品科學概論,59,有關氫火焰光度檢測器（FPD）的描述，下列何者正確？,對含硫和磷的有機分子感應較強,對 C-C 和 C-H 鍵的化合物感應有限,通常搭配液相層析儀使用,常用來分析脂肪酸和抗氧化劑等,A,,第二次
114,2025/10/18,保健食品初級工程師,食品科學概論,60,有關於食品中反式脂肪描述，下列何者錯誤？,法規營養標示中成分之一,可用氣相層析法測得,反式脂肪會降低人體內低密度脂蛋白膽固醇,反式脂肪主要來自以氫化植物油為材料,C,,第二次
114,2025/10/18,保健食品初級工程師,食品科學概論,61,某同學擬配製 1.5 M 硫酸銅（CuSO4）溶液 1000 毫升，需稱取硫酸銅晶體（CuSO4 • 5H2O） 多少公克？（原子量（g /mol）：Cu=64.0，S=32.0，O=16.0，H=1.0）,240,270,325,375,D,,第二次
114,2025/10/18,保健食品初級工程師,食品科學概論,62,阿斯巴甜為一種甜味劑，其成分為：,黃烷酮,雙胜肽衍生物,醣苷類,多元醇,B,,第二次
114,2025/10/18,保健食品初級工程師,食品科學概論,63,以下何者與抗氧化機制無關？,酶抑制劑,氫過氧化物分解劑,氧氣供體,金屬螯合劑,C,,第二次
114,2025/10/18,保健食品初級工程師,食品科學概論,64,以固定化的生物活性材料作為固定相，能與樣品中的成分行專一而可逆的反應，此種分離模式為：,分配層析,離子交換層析,親和層析,排斥層析,C,,第二次
114,2025/10/18,保健食品初級工程師,食品科學概論,65,食品分析測量水分含量的方法中，具有選擇姓和專一性（selectivity/specificity）的方法為下列何者？,減壓真空烘箱法,紅外線法,卡爾費雪滴定法,蒸餾法,C,,第二次
114,2025/10/18,保健食品初級工程師,食品科學概論,66,健康食品標章第二軌產品中，含有下列何者成分得以規格審查方式進行？,花青素,紅麴菌素 K,蝦紅素,葉黃素,B,,第二次
114,2025/10/18,保健食品初級工程師,食品科學概論,67,有關超臨界萃取技術，下列敘述何者正確？,超臨界流體（Supercritical fluid）是處於臨界溫度和臨界壓力以下的高密度流體，是物質在習知的固相、液相與氣相三態外的第四相,當二氧化碳的溫度低於攝氏 31.06 度、壓力超過 73.8 bar 時，所處的狀態就是超臨界態,二氧化碳因為無極性的關係，在萃取標的物的選擇上特別適合脂溶性的萃取物，例如天然色素的辣椒紅色素、葉黃素、脂溶性營養素等,超臨界二氧化碳萃取技術不添加有機溶劑，且在低於室溫的條件下操作，是屬於綠色環保製程,C,,第二次
114,2025/10/18,保健食品初級工程師,食品科學概論,68,食品乾燥過程會使品質產生劣變，下列造成劣變原因的敘述何者正確？ a.日光乾燥法易造成產品呈多孔性且質地脆弱 b.食品中蛋白質變性導致產品復水性不良 c.乾燥溫度太高以及食品受熱不均勻會形成表面硬殼現象 d.真空冷凍乾燥法易造成產品揮發性芳香物質損失，降低食品香氣,ab,ad,bc,bd,C,,第二次
114,2025/10/18,保健食品初級工程師,食品科學概論,69,有關殺菁處理可以避免蔬果產品品質劣變的敘述，下列何者正確？,減少色澤變化、生菌數；增強風味、營養、貯存性,減少色澤變化、生菌數、風味損失；增強營養、貯存性,減少色澤變化、生菌數、風味、營養損失；增強眝存性,減少色澤變化、生菌數、營養損失；增強風味、眝存性,C,,第二次
114,2025/10/18,保健食品初級工程師,食品科學概論,70,下列何者為生鮮蔬果 Controlled atmosphere storage 之原理？,降低氧濃度，提高二氧化碳濃度,提高氧濃度，降低二氧化碳濃度,減壓,去除乙烯,A,,第二次
114,2025/10/18,保健食品初級工程師,食品科學概論,71,稻米不含麩質（gluten），因此較不易利用米穀粉製作下列何種產品？,米蛋糕,河粉,米麵條,米餅乾,C,,第二次
114,2025/10/18,保健食品初級工程師,食品科學概論,72,下列食品加工技術之一般操作壓力排序，何者正確？,傳統熱加工技術（Conventional thermal processing） > 超臨界萃取 > 高壓加工 （High pressure processing）,超臨界萃取 > 高壓加工 > 傳統熱加工技術,高壓加工 > 超臨界萃取 > 傳統熱加工技術,超臨界萃取 > 傳統熱加工技術 > 高壓加工,C,,第二次
114,2025/10/18,保健食品初級工程師,食品科學概論,73,某細菌孢子之 D121℃值為 1.2 分鐘，Z 值為 10℃，則其 D131℃值應為：,12 分鐘,0.12 分鐘,1.08 分鐘,6 分鐘,B,,第二次
114,2025/10/18,保健食品初級工程師,食品科學概論,74,水產品較禽畜肉易腐敗劣變，是因為？,蛋白質含量較高,油脂含量較高,死後僵直時間較短,肌纖維較長,C,,第二次
114,2025/10/18,保健食品初級工程師,食品科學概論,75,為避免蔬果在加工或貯藏過程中維生素 C 損失，合理的方法是？,提高加熱溫度破壞酵素,添加小蘇打,維持酸性環境,使用透氧包裝,C,,第二次
114,2025/10/18,保健食品初級工程師,食品科學概論,76,對於降低食品的水活性時，可同時達到保藏效應之敘述，下列何者有誤？,降低微生物的生長,降低食品的 pH 值,減緩酵素反應,降低食品成分氧化速度,B,,第二次
114,2025/10/18,保健食品初級工程師,食品科學概論,77,在製備相同水活性的烏梅蜜餞產品時，下列哪一種糖類所需添加的濃度最高？,蔗糖,果糖,葡萄糖,半乳糖,A,,第二次
114,2025/10/18,保健食品初級工程師,食品科學概論,78,下列何種食品加工品不屬於黃豆發酵食品？,納豆,紅麴,天貝,醬油,B,,第二次
114,2025/10/18,保健食品初級工程師,食品科學概論,79,下列何種食品原料，最不適合利用流動層冷凍法進行冷凍加工？,蝦仁,玉米粒,虱目魚片,豌豆,C,,第二次
114,2025/10/18,保健食品初級工程師,食品科學概論,80,為維持粉末狀保健食品品質，其包裝材質應具有：,吸濕性,透氧性,透光性,機械強度,D,,第二次
115,2026/4/18,保健食品初級工程師,保健食品概論,1,以下有關我國健康食品管理法中所稱健康食品之定義，何者有誤？,經科學化之安全及保健功效評估試驗，證明無害人體健康，且成分具有明確保健功效,其保健功效成分依現有技術無法確定者，得依申請人所列舉具該保健功效之各項原料及佐證文獻，由中央主管機關評估認定之,成分符合中央主管機關所定之健康食品規格標準,具有治療、矯正人類疾病之效能,D,,第一次
115,2026/4/18,保健食品初級工程師,保健食品概論,2,日本與機能保健食品相關的制度法規有「特定保健用食品」、「營養機能食品」及「機能性表示食品」等，何者是日本近期保健巿場活絡的推手？,特定保健用食品,營養機能食品,機能性表示食品,以上皆非,C,,第一次
115,2026/4/18,保健食品初級工程師,保健食品概論,3,依衛生福利部發布之「嬰兒與較大嬰兒配方食品廣告處理原則」，嬰兒與較大嬰兒配方食品於網際網路通路提供資訊，同時符合下列何款情形者，非該辦法所稱廣告？ A.刊登嬰兒與較大嬰兒配方食品品名、規格、產品外觀圖片、適用年齡、價格、廠商名稱、地址或電話。 B.完整刊登衛生福利部查驗登記許可之嬰兒與較大嬰兒配方食品包裝標籤及辨識標記。 C.單獨建置嬰兒與較大嬰兒配方食品專區，並於專區首頁明顯揭示以母乳餵哺嬰兒之優點聲明。 D.單獨建置嬰兒與較大嬰兒配方食品專區，提供消費者留言、分享對商品之評價或使用心得。,ABCD,ABC,BD,CD,B,,第一次
115,2026/4/18,保健食品初級工程師,保健食品概論,4,胃腸改善健康食品可以減少腸內哪一種有害菌？,Clostridium perfringens,Clostridium botulinum,Listeria monocytogenes,Bacillus cereus,A,,第一次
115,2026/4/18,保健食品初級工程師,保健食品概論,5,向衛生福利部申請健康食品查驗登記之原料成分規格含量表之審核，何者為正確？ a.原料成分殘留農藥含量不可超過中央主管機關所定安全容許量。 b.原料成分之規格含量僅須列載主原料及其保健功效成分含量，輔料得免申報。 c.進行第三類安全評估之申請案， 其產品添加食品添加物之不受衛生福利部依食安法公告「食品添加物使用範圍及限量暨規格標準」之限制。 d.所列載之原料皆應有供貨來源、供貨規格及驗收報告。,ab,cd,ad,bc,C,,第一次
115,2026/4/18,保健食品初級工程師,保健食品概論,6,以下何種天然毒素不屬於蛋白質類？,肉毒桿菌（Botulinum toxin）,葡萄球菌腸毒素（Staphylococcal enterotoxins）,腹瀉型仙人掌桿菌毒素（Bacillus cereus）,河豚毒（tetrodotoxin）,D,,第一次
115,2026/4/18,保健食品初級工程師,保健食品概論,7,下列何者對活化型維生素 D3 的敘述是正確的？,可見光可促進合成,其合成受到腎上腺素的調節,其合成需要膽固醇作為前驅物,抑制小腸對鈣離子的吸收,C,,第一次
115,2026/4/18,保健食品初級工程師,保健食品概論,8,曾有案例顯示某些民眾不知道自己有腎臟病，結果因為吃了某種水果而引發神經毒性，請問此種水果是下列何者？,楊桃,火龍果,木瓜,奇異果,A,,第一次
115,2026/4/18,保健食品初級工程師,保健食品概論,9,工業局「保健食品工業技術推廣與輔導計畫」業務不包括？,產業諮詢服務窗口,研發成果資料庫建置,產業發展年度白皮書,專利授權,D,,第一次
115,2026/4/18,保健食品初級工程師,保健食品概論,10,乳酸菌被廣泛運用於保健食品中，以下何者是在乳酸菌已公認的功效以外範圍但正在發展中的功效？,調節血脂,腸胃道保健,抗憂鬱,輔助調節過敏體質,C,,第一次
115,2026/4/18,保健食品初級工程師,保健食品概論,11,目前已取得國內健康食品認證的產品有哪些型態？,豆漿,米飯,茶飲料,以上皆是,D,,第一次
115,2026/4/18,保健食品初級工程師,保健食品概論,12,目前通過 300 多項健康食品之安全評估分類，有哪一類尚未申請？,第一類,第二類,第三類,第四類,D,,第一次
115,2026/4/18,保健食品初級工程師,保健食品概論,13,製造保健食品要用到食品添加物營養添加劑，以下何者不是合法複方食品添加物之必要條件？,取得食品添加物查驗登記許可,完成食品添加物產品登錄,包裝標示「食品添加物」字樣,包裝標示食品添加物原產地,A,,第一次
115,2026/4/18,保健食品初級工程師,保健食品概論,14,健康食品之功能性評估中，如使用動物試驗，試驗過程必須遵守：,食品安全衛生管理法,健康食品管理法,動物保護法,健康食品工廠良好作業規範,C,,第一次
115,2026/4/18,保健食品初級工程師,保健食品概論,15,以下何者非健康食品改善腸胃道功能之功能指標？,促進消化吸收,改善腸內細菌菌相,有助於胃黏膜之保護作用,促進脂質排出腸胃道,D,,第一次
115,2026/4/18,保健食品初級工程師,保健食品概論,16,向衛生福利部申請健康食品查驗登記，何者不是應繳納之資料？,產品原料成分規格含量表,申請者公司登記或商業登記之證明文件,產品包裝標籤及說明書,產品廣告文案,D,,第一次
115,2026/4/18,保健食品初級工程師,保健食品概論,17,有關申請健康食品查驗登記之安全評估，何者不正確？,產品之安全評估試驗，應依衛生福利部公告之健康食品安全評估方法進行,產品之原料為傳統食用，且以通常加工食品形式供食者，得免依衛生福利部公告之健康食品安全評估方法進行安全評估,得以主要功效原料取代食品全產品進行安全評估,所附之安全性評估報告應有試驗計畫主持人及試驗執行人簽名以示負責,C,,第一次
115,2026/4/18,保健食品初級工程師,保健食品概論,18,目前獲得健康食品健食規字號的產品都具有何種功能？,牙齒保健功能,胃腸功能改善,免疫調節功能,調節血脂功能,D,,第一次
115,2026/4/18,保健食品初級工程師,保健食品概論,19,國內目前取得健康食品認證的產品，產品型態沒有下列哪些類別？,茶飲料,豆漿,膠囊錠劑,以上皆有,D,,第一次
115,2026/4/18,保健食品初級工程師,保健食品概論,20,健康食品成品需留樣保存多久？,生產後 1 個月,生產後 6 個月,生產後 3 年,保留每批成品至有效日期,D,,第一次
115,2026/4/18,保健食品初級工程師,保健食品概論,21,哪一種礦物質為麩胱甘肽過氧化酶之 cofactor？,鍺,硒,鋅,鐵,B,,第一次
115,2026/4/18,保健食品初級工程師,保健食品概論,22,守宮木也就是俗稱的減肥菜，屬非傳統性食品原料，曾在台灣造成風潮及中毒事件，其主要造成何種毒性？,神經毒性,肺臟毒性,腎臟毒性,肝臟毒性,B,,第一次
115,2026/4/18,保健食品初級工程師,保健食品概論,23,美國食品藥物管理署曾警告，由於可能的致癌風險，應避免攝取過多來自油炸食品和咖啡中的何種物質？,乙二醇乙醚,二苯胺,丙烯醯胺,N-亞硝二甲胺,C,,第一次
115,2026/4/18,保健食品初級工程師,保健食品概論,24,下列關於「高麗菜」與骨骼關係之敘述，何者是錯誤的？,富含有維生素 A,可幫助鈣質吸收,可幫助維生素 D 吸收,可促進骨骼的新陳代謝,A,,第一次
115,2026/4/18,保健食品初級工程師,保健食品概論,25,為了預防酮酸中毒，每日至少應攝取多少醣類？,25 公克以上,100 公克以上,250 公克以上,500 公克以上,B,,第一次
115,2026/4/18,保健食品初級工程師,保健食品概論,26,下列何種維生素之需要量隨蛋白質攝取量增加而增加？,維生素 B6,核黃素,生物素,菸鹼酸,A,,第一次
115,2026/4/18,保健食品初級工程師,保健食品概論,27,若作一蛋白質營養評估試驗，在七日的餵養試驗期間，老鼠共吃了飼料 60 公克，體重增加了 18 公克，而此試料的蛋白質含量為 20%，則知此飼料之 PER 值為：,1,1.5,2,2.5,B,,第一次
115,2026/4/18,保健食品初級工程師,保健食品概論,28,下列何種維生素可以幫助能量代謝？,維生素 A,維生素 B 群,維生素 C,維生素 D,B,,第一次
115,2026/4/18,保健食品初級工程師,保健食品概論,29,含鋁制酸劑的胃藥，應避免合併使用什麼維生素，以免副作用增加？,維生素 E,維生素 C,維生素 B,維生素 A,B,,第一次
115,2026/4/18,保健食品初級工程師,保健食品概論,30,攝食過多的生魚片可能會造成哪一種維生素缺乏？,維生素 A,維生素 D,維生素 B1,維生素 B2,C,,第一次
115,2026/4/18,保健食品初級工程師,保健食品概論,31,我國健康食品管理之中央主管機關為？,衛生福利部食品藥物管理署,衛生福利部疾病管制署,衛生福利部國民健康署,環境部,A,,第一次
115,2026/4/18,保健食品初級工程師,保健食品概論,32,目前臺灣取得健康食品認證的產品，包括哪些產品型態？,茶類飲料等傳統食品型態,膠囊錠劑等非傳統食品型態,以上皆是,以上皆非,C,,第一次
115,2026/4/18,保健食品初級工程師,保健食品概論,33,衛生署制定的健康食品標示圖上不含下列何者？,健康食品字樣,衛署健食字號,GMP 標幟,小綠人標幟,C,,第一次
115,2026/4/18,保健食品初級工程師,保健食品概論,34,未經核准擅自製造或輸入健康食品或違反第六條第一項者（食品非依本法之規定，不得標示或廣告為健康食品），罰則為：,處一年以下有期徒刑，得併科新台幣五十以下罰金,處三年以下有期徒刑，得併科新台幣五十萬元以下罰金,處一年以下有期徒刑，得併科新台幣一百萬元以下罰金,處三年以下有期徒刑，得併科新台幣一百萬元以下罰金,D,,第一次
115,2026/4/18,保健食品初級工程師,保健食品概論,35,健康食品有效期滿，申請展延不得超過多久？,十年,五年,三年,二年,B,,第一次
115,2026/4/18,保健食品初級工程師,保健食品概論,36,關於健康食品工廠良好作業規範中，下列何者不是從業人員所符合之規定？,工作時需穿戴整潔之工作衣帽,手部應保持清潔，但不宜穿戴手套,新進人員應先經衛生醫療機構健康檢查合格，使得雇用,工作中不得飲食,B,,第一次
115,2026/4/18,保健食品初級工程師,保健食品概論,37,第二軌的健康食品標示字號為：,衛部健食規字第 OOOOOO 號,衛部健食 A 字第 OOOOOO 號,衛部健食 B 字第 OOOOOO 號,衛部健食軌字第 OOOOOO 號,A,,第一次
115,2026/4/18,保健食品初級工程師,保健食品概論,38,樟芝被使用於開發健康食品時，下列考量何者為非？,毒理安全性分類至少歸屬為第三類,其功效主要在護肝保健功效,可使用子實體或菌絲體,可主張抗癌功效性,D,,第一次
115,2026/4/18,保健食品初級工程師,保健食品概論,39,目前法規規範應由何者提出證明以確保健康食品或其原料之食用安全？,消費者,轄區衛生局,製造或負責業者,大盤商,C,,第一次
115,2026/4/18,保健食品初級工程師,保健食品概論,40,下列何者是減重的最好方法？,避免含有碳水化合物的食物,排除飲食中所有脂肪及減少喝水,大量增加蛋白質的攝取量以防止體蛋白質流失,減少每天的能量攝取並增加能量的消耗,D,,第一次
115,2026/4/18,保健食品初級工程師,保健食品概論,41,申請健康食品查驗登記之產品成分配方，以下何者為正確？ (1)產品配方依每日建議攝取量，所含之外加精緻糖不得高於 15 克。 (2)產品配方依每日建議攝取量，所含之外加精緻高於 10 克者應加註提醒消費者注意含糖量攝取之醒語。 (3)食用油製品如產品無特別之保健功效成分、配方或創新，不宜申請為健康食品。 (4)宜儘量符合少油、少糖及少鹽的飲食原則。,(3)(4),(1)(3)(4),(2)(3)(4),(1)(2)(4),A,,第一次
115,2026/4/18,保健食品初級工程師,保健食品概論,42,依據中國大陸《保健食品註冊與備案管理辦法》，何者應申請保健食品註冊？,使用保健食品原料目錄以外原料的保健食品,首次進口的保健食品（補充維生素、礦物質等營養物質保健食品除外）,以上皆是,以上皆非,C,,第一次
115,2026/4/18,保健食品初級工程師,保健食品概論,43,下列哪一種保健食品不具有抑制高血壓功能？,杜仲茶,紅麴,雞精,牛奶酪蛋白,C,,第一次
115,2026/4/18,保健食品初級工程師,保健食品概論,44,穀研所 2009 年調查內保健食品產業外銷拓展面臨最重要的瓶頸是？,品牌與信賴形象不及國外產品,缺乏產品製程規劃能力,缺乏保健食品開發能力,不了解國外保健食品法規,A,,第一次
115,2026/4/18,保健食品初級工程師,保健食品概論,45,自前幾年的新冠肺炎流行以來，帶動了下列哪一類保健食品的產值明顯增加？,免疫調節,心血管保護,調節血糖,護肝,A,,第一次
115,2026/4/18,保健食品初級工程師,保健食品概論,46,冷凍系統節能技術：食品冷凍倉儲設施中，若要有效減少能耗與碳排放，以下哪一項措施最關鍵？,每週進行霜降作業,提高冷藏室照明強度,安裝變頻壓縮機控制負載,改用 R-134a 冷媒,C,,第一次
115,2026/4/18,保健食品初級工程師,保健食品概論,47,高齡者食品研發宜注意：,營養友善,質地友善,使用友善,以上皆是,D,,第一次
115,2026/4/18,保健食品初級工程師,保健食品概論,48,保健食品採小包裝販售，外包裝之最大表面積不足二十平方公分，若採用「QR Code」或其他電子化方式揭露食品資訊者，可免標示何項資訊？,品名,有效日期,國內負責廠商名稱,於電子化標示之上方或下方位置，標示「掃描此處可獲得產品標示資訊」或等同意義字樣,C,,第一次
115,2026/4/18,保健食品初級工程師,保健食品概論,49,衛生福利部受理申請人申請健康食品查驗登記後，初審項目為下列何者？,產品原料成分之一般食用安全性,產品之安定性試告,產品製程概要,產品衛生檢驗規格及其檢驗報告,A,,第一次
115,2026/4/18,保健食品初級工程師,保健食品概論,50,適合皮膚吸收之純左旋 C 產品濃度範圍為多少？,10~20%,21~30%,31~40%,41~50%,A,,第一次
115,2026/4/18,保健食品初級工程師,保健食品概論,51,下列何種保健功效成份，不是目前已獲得腸胃功能改善的健康食品強調的？,菊苣纖維,乳酸菌,寡醣,綠藻,D,,第一次
115,2026/4/18,保健食品初級工程師,保健食品概論,52,按規定健康食品之容器或外包裝標示的注意事項，何者有誤？,應標示保健功效成分及其含量,本產品非藥品，供保健用，罹病者仍需就醫,每日建議攝取量，含外加精緻糖 15 公克以上者要特別標示,請依建議攝取量食用,C,,第一次
115,2026/4/18,保健食品初級工程師,保健食品概論,53,目前臺灣取得健康食品認證的產品，下列何者非產品較多的熱門選項？,胃腸功能改善,促進鐵吸收功能,調節血脂功能,免疫調節功能,B,,第一次
115,2026/4/18,保健食品初級工程師,保健食品概論,54,調理食品 LCA 碳排：某調理食品生命週期碳足跡 20 kg CO2e 中，加工佔比 35%、包裝佔 10%、物流佔 30%、廢棄佔 25%，請問加工碳排為？,5 kg,7 kg,8 kg,10 kg,B,,第一次
115,2026/4/18,保健食品初級工程師,保健食品概論,55,若飲料產品於產品內容物敘述原料成分有「維生素 A」、「維生素 B2」，而未於外包裝內容物欄位以外之其他處標示「含維生素 A」、「含維生素 B2」，是否屬於營養宣稱？是否應於營養標示欄位中，標明「維生素 A」及「維生素 B2」之含量？,屬營養宣稱、應於營養標示欄位中標明含量,不屬營養宣稱、應於營養標示欄位中標明含量,屬營養宣稱、不必於營養標示欄位中標明含量,不屬營養宣稱、不必於營養標示欄位中標明含量,D,,第一次
115,2026/4/18,保健食品初級工程師,保健食品概論,56,第一軌健康食品申請許可證承辦時間約為多少天？,60 天,90 天,100 天,180 天,D,,第一次
115,2026/4/18,保健食品初級工程師,保健食品概論,57,下列有關 4-甲基咪唑之敘述何者是正確的組合？ a.可經由食品加熱過程梅納反應而產生，b.曾在醬油產品中被驗出，c.為已知動物致癌物,ab,bc,ac,abc,D,答案有更正,第一次
115,2026/4/18,保健食品初級工程師,保健食品概論,58,下列何種物質會增加流向胃部的血流量，從而增強自身在胃部的吸收？,膳食纖維,酒精,茶葉兒茶素,農藥十氯酮,B,,第一次
115,2026/4/18,保健食品初級工程師,保健食品概論,59,下列何者存在於烘焙/油炸之碳水化合物食物中、可能致癌、我國訂定有其食品中指標值參考指引？,亞硝酸鹽,戴奧辛,丙烯醯胺,順丁烯二酸酐,C,,第一次
115,2026/4/18,保健食品初級工程師,保健食品概論,60,有關渦鞭毛藻毒素 saxitoxin 中毒之敘述，下列何者正確？,引起腸胃道障礙,中樞神經興奮作用,具致幻覺作用,沒有解毒劑可用於治療,D,,第一次
115,2026/4/18,保健食品初級工程師,保健食品概論,61,下列何者食品以提供蛋白質為主，且是豆魚蛋肉類別中推薦最優先攝取的食材？,魚漿製品,豆奶,紅肉,雞蛋,B,,第一次
115,2026/4/18,保健食品初級工程師,保健食品概論,62,下列何種黴菌毒素被國際癌症研究機構（IARC）列為第 1 類之人類致癌物質？,T-2 毒素,黃麴毒素,橘黴素,玉米赤黴烯酮,B,,第一次
115,2026/4/18,保健食品初級工程師,保健食品概論,63,下列何種色素為工業染料但曾被非法用於鹹鴨蛋和辣椒粉，已歸為第四類毒性化學物質列管？,蘇丹紅,赤蘚紅（紅色七號）,胭脂紅,誘惑紅（紅色 40 號）,A,,第一次
115,2026/4/18,保健食品初級工程師,保健食品概論,64,台灣曾有民眾於野外自行採摘狀似韭菜花之植物進行烹煮，食用後出現嘔吐、腹痛及暈眩等症狀，請問這是何種植物？,海蔥,小根蒜,蔥蘭,水仙花,C,,第一次
115,2026/4/18,保健食品初級工程師,保健食品概論,65,有關食品品質及安全認證制度，下列何者相對應的簡稱或是內容是錯誤的？ (1)危害分析重要管制點 HACCP (2)台灣優良農產品 GAS (3)食品安全管理系統 ISO 22000 (4)良好作業規範 GLP,"1, 2, 3","3, 4","2, 4","3, 4","A,B,C,D",答案有更正,第一次
115,2026/4/18,保健食品初級工程師,保健食品概論,66,下列何者是 ω3 脂肪酸的良好來源？,玉米油,芥花籽油,紅花油,豬油,B,,第一次
115,2026/4/18,保健食品初級工程師,保健食品概論,67,下列何者是澱粉的良好來源？,水果外皮,綠葉蔬菜,強化穀類,烤雞肉,C,,第一次
115,2026/4/18,保健食品初級工程師,保健食品概論,68,下列何者為健康餐盤的飲食建議？,五榖類佔餐盤的四分之一,蔬菜和水果佔餐盤的一半,一天一杯全脂牛奶補充鈣質,以上皆是,"A,B,C,D",答案有更正,第一次
115,2026/4/18,保健食品初級工程師,保健食品概論,69,下列何種營養素具有調控基因表現並維持上皮細胞分化之功能？,維生素 A,維生素 D,維生素 B6,維生素 B12,"A,D",答案有更正,第一次
115,2026/4/18,保健食品初級工程師,保健食品概論,70,深色蔬菜之鈣含量高於淺色蔬菜，每日飲食指南建議國人之深色蔬菜攝取量應佔蔬菜類總量多少？,至少 a/d,至少 a/c,至少 a/b,全部,"A,B,C,D",答案有更正,第一次
115,2026/4/18,保健食品初級工程師,保健食品概論,71,下列何種油脂為必需脂肪酸之良好來源？,大豆油,椰子油,棕櫚油,奶油,A,,第一次
115,2026/4/18,保健食品初級工程師,保健食品概論,72,根據素食飲食指標建議，每天適度日曬時間為多少分鐘？,10,20,30,40,B,,第一次
115,2026/4/18,保健食品初級工程師,保健食品概論,73,臺灣飲食質地製備指引的分類為何？,依六大類食物分成七級,依殺菌溫度分成七級,依生命期年齡分成七級,依消化能力分成七級,A,,第一次
115,2026/4/18,保健食品初級工程師,保健食品概論,74,鄰居阿姨想要借水煮餐來減重，以下何者較不可能是缺乏油脂的副作用？,水腫,掉頭髮,便秘,乾眼症,A,,第一次
115,2026/4/18,保健食品初級工程師,保健食品概論,75,胃部手術後容易造成哪一種維生素缺乏？,維生素 B1,維生素 B6,維生素 B12,葉酸,C,,第一次
115,2026/4/18,保健食品初級工程師,保健食品概論,76,根據國人膳食營養素參考攝取量建議，懷孕婦女在第二期時熱量攝取應該比平常增加多少？,50 大卡,100 大卡,200 大卡,300 大卡,D,,第一次
115,2026/4/18,保健食品初級工程師,保健食品概論,77,榖類主要缺乏必須胺基酸 Lysine，但是玉米除缺乏 Lysine 外還缺乏哪一種必須胺基酸？,Methionine,Arginine,Tryptophan,Histidine,C,,第一次
115,2026/4/18,保健食品初級工程師,保健食品概論,78,申請健康食品認證，原則上以通常加工食品形式供食之傳統食用原料應歸為第幾類安全性評估？,第一類,第二類,第三類,第四類,A,,第一次
115,2026/4/18,保健食品初級工程師,保健食品概論,79,長期食用大量動物肝臟、魚肝油或服用高劑量相關補充劑可能會造成何種中毒？,維生素 A,維生素 B,維生素 C,維生素 D,A,,第一次
115,2026/4/18,保健食品初級工程師,保健食品概論,80,依規定，如發生食品中毒時，經調查檢驗後確認引起疾病為腸炎弧菌，則該腸炎弧菌即稱為：,起始物質,病兆體,病因物質,媒介物質,C,,第一次
115,2026/4/18,保健食品初級工程師,食品科學概論,1,有關蔬果加工保護葉綠素顏色變化，下列何者錯誤？,可透過殺菁處理,醃漬小黃瓜過程釋放乳酸而脫去鐵離子，逐漸變成棕橄欖色,加小蘇打在水中燙煮時變成葉綠酸，形成鮮綠色,含銅葉綠素不是蔬果類的合法添加物,B,,第一次
115,2026/4/18,保健食品初級工程師,食品科學概論,2,有關酵素的敘述，下列何者錯誤？,凝乳酪主要應用於牛乳之凝乳，用以製備乾酪,玉米澱粉溶液經澱粉液化酶，澱粉糖化酶及葡萄糖異構化酶，等多種酵素作用，可製造高果糖糖漿,削過皮的水果加進 0.1%食鹽水中，可完全抑制酚酶的酵素性褐變,次級肉品可利用木瓜蛋白酶軟化，以提高產品價值,C,,第一次
115,2026/4/18,保健食品初級工程師,食品科學概論,3,有關生蛋蒸煮成茶葉蛋後之生化變化的描述，下列何者正確？,破壞一級結構,更容易被消化,結晶性變強,溶解度上升,B,,第一次
115,2026/4/18,保健食品初級工程師,食品科學概論,4,有關氣相層析儀檢測器的敘述，下列何者錯誤？,火焰離子化檢測器是利用被分離的樣品化合物，經火焰燃燒而產生的有機離子量， 使電流通過被放大而記錄,熱傳導檢測器是利用電熱絲（鎢絲）和移動相的氣體，以固定流速和成分所產生的電阻值變化而測定，其靈敏度最高,電子捕獲檢測器的對象主要是鹵素化合物或共軛雙鍵化合物,火焰光度檢測器可測得有機磷農藥和含硫化合物,B,,第一次
115,2026/4/18,保健食品初級工程師,食品科學概論,5,由原料乳製造鮮奶時，要進行 1 標準化、2 均質、3 牛乳檢查、4 殺菌、5 充填包裝，其加工步驟為：,31245,14325,13425,34125,A,,第一次
115,2026/4/18,保健食品初級工程師,食品科學概論,6,油脂加工產品，下列哪一種是非天然食用油？,酥油,奶油,米糠油,芝麻油,A,,第一次
115,2026/4/18,保健食品初級工程師,食品科學概論,7,有關蛋的品質會隨貯藏時間增加變化之敘述，下列何者錯誤？ (1)重量增加 (2)氣室變大 (3)pH 值下降 (4)比重下降,(1)(2),(1)(3),(1)(4),(3)(4),B,,第一次
115,2026/4/18,保健食品初級工程師,食品科學概論,8,對於傳統果蔬罐頭的製造步驟，下列製作順序何者正確？,脫氣密封充填殺菌,脫氣充填密封殺菌,充填密封脫氣殺菌,充填脫氣密封殺菌,D,,第一次
115,2026/4/18,保健食品初級工程師,食品科學概論,9,下列何者不可以使用亞硫酸鹽做為漂白劑？,杏乾,糖蜜及糖飴,糖漬果實類,麵粉,D,,第一次
115,2026/4/18,保健食品初級工程師,食品科學概論,10,低酸性罐頭食品（pH>4.6）之殺菌值 F0 須達到多少以上？,2,3,4,5,B,,第一次
115,2026/4/18,保健食品初級工程師,食品科學概論,11,下列何者並非食品添加物經查驗登記後發給許可證之有效期限？,1 年,3 年,5 年,6 年,"A,B,C,D",答案有更正,第一次
115,2026/4/18,保健食品初級工程師,食品科學概論,12,在我國「食品標示」相關規定中，下列敘述何者正確？ a.食品添加物屬多功能者，如同時具甜味、防腐與抗氧化等，應同時標示其功能性名稱 b.食品添加物標示方式，除以法規所定品名外，亦可以一般社會通用之名稱標示之 c.屬複方食品添加物者，應標示個別原料名稱 d.除均勻混合不易分離外，內容物中液汁與固形物混合者，應分別標明內容量及固形量,abcd,ab,abc,acd,A,,第一次
115,2026/4/18,保健食品初級工程師,食品科學概論,13,在 HACCP 申請驗證之作業流程中，提出申請時需要提供的資料包括下列何者？,符合法令和法律要求事項查核結果,必要的最新之系統文件,企業組織現況,以上皆正確,D,,第一次
115,2026/4/18,保健食品初級工程師,食品科學概論,14,近年來造成我國民眾食品中毒主要原因中，何者不正確？,含有毒化學物質農藥,病原性微生物污染,天然毒素組織胺,食品添加物濫用,"A,D",答案有更正,第一次
115,2026/4/18,保健食品初級工程師,食品科學概論,15,黃豆產品每批檢驗項目應包含下列何者？,農藥殘留,真菌毒素,重金屬,以上皆是,D,,第一次
115,2026/4/18,保健食品初級工程師,食品科學概論,16,油脂黏度特性何者描述有誤？,隨脂肪酸鏈長而增加,隨溫度上升而上升,隨不飽和度增加而下降,隨脂肪酸分子大小增加而上升,B,,第一次
115,2026/4/18,保健食品初級工程師,食品科學概論,17,利用凱氏氫定量法分析蛋白質樣品，再乘上氮係數可獲知蛋白質含量，有關氮係數下列何者有誤？,畜肉產品 6.25,乳製品 6.38,米 6.25,大豆產品 6.00,"C,D",答案有更正,第一次
115,2026/4/18,保健食品初級工程師,食品科學概論,18,索氏萃取裝置為半連續萃取，其萃取效率高是因：,自動迴流,每次萃取時脂肪於溶劑中分配係數高,虹吸管使之形成循環,因冷凝管垂直於上,"A,B,C",答案有更正,第一次
115,2026/4/18,保健食品初級工程師,食品科學概論,19,下列何種油脂之碘價（iodine value）最低？,花生油,葵花油,黃豆油,棕櫚油,D,,第一次
115,2026/4/18,保健食品初級工程師,食品科學概論,20,25℃下，純水飽和蒸氣壓為 600 mmHg，某食品的水蒸氣分壓為 480 mmHg，則該食品水活性（Aw）為何？,0.2,0.75,0.8,1.25,C,,第一次
115,2026/4/18,保健食品初級工程師,食品科學概論,21,氣相層析法中，下列何種氣體不適合作為移動相？,氫氣,氮氣,氧氣,氦氣,C,,第一次
115,2026/4/18,保健食品初級工程師,食品科學概論,22,下列何者為凱氏氮定量法之正確步驟？ (1)蒸餾 (2)消化 (3)萃取 (4)滴定,(3)(1)(4),(2)(1)(4),(1)(2)(3)(4),(2)(1)(3)(4),B,,第一次
115,2026/4/18,保健食品初級工程師,食品科學概論,23,以液體溶劑對固體物質進行溶質溶出之方式，其溶劑的條件不含下列哪一種？,選擇性低,化學性安定良好,沸點低,熔點低,A,,第一次
115,2026/4/18,保健食品初級工程師,食品科學概論,24,有關冷凍食品技術發展與應用，以下敘述何者不正確？,食物的比熱（specific heat）會受到凍結狀態而改變，凍結點溫度以上的比熱小於凍結後的食品比熱,任何食品凍結時，都會有過冷點（super-cooling）現象發生,浮動床式（fluidized-bed）冷凍設備適用於平板塊狀的食品，因為其能提供最有效的熱傳導效果,相較於食品未凍結的狀態，冷凍食品解凍後更容易腐敗,"A,C",答案有更正,第一次
115,2026/4/18,保健食品初級工程師,食品科學概論,25,有關蔗糖的敘述，下列何者不正確？,蔗糖的甜度比葡萄糖高,蔗糖的甜度比果糖低,蔗糖在無水條件下高溫加熱可脫水製成焦糖,蔗糖屬於還原糖,D,,第一次
115,2026/4/18,保健食品初級工程師,食品科學概論,26,有關紅茶製作的萎凋過程中，主要由茶葉中的何種物質經氧化後會提供紅茶特殊的風味及色澤？,胺基酸,脂肪,多元酚,核苷酸,C,,第一次
115,2026/4/18,保健食品初級工程師,食品科學概論,27,鯖魚製作成番茄漬罐頭，營養價值有何改變？,蛋白質消失,維生素 C 增加,脂肪增加,鈣質增多,D,,第一次
115,2026/4/18,保健食品初級工程師,食品科學概論,28,大豆沙拉油傳統離心脫膠時為何先吹入水蒸氣？,大豆卵磷脂易與大豆油分離,提供水分子螯合金屬以避免油脂氧化,脫臭,脫色,A,,第一次
115,2026/4/18,保健食品初級工程師,食品科學概論,29,為確保保健食品品質，其原物料或半成品應進行的低溫倉庫管理為下列何者？,剛蒸煮過之半成品應立即移入冷藏室以減緩劣變,加熱過之半成品不應加蓋以快速降溫,剛蒸煮過之半成品應放在冷風出風口以快速降溫,愈接近有效日期者，愈先出庫使用,D,,第一次
115,2026/4/18,保健食品初級工程師,食品科學概論,30,有關水分含量及水活性與食品腐敗、劣變反應之敘述，何者正確？,水活性達 0.7 以上，非酵素性褐變（梅納反應）增快,水活性達 0.6 以上，酵素性褐變增快,水分含量愈低，油脂氧化速率愈慢,水活性愈低，油脂氧化速率愈快,"B,D",答案有更正,第一次
115,2026/4/18,保健食品初級工程師,食品科學概論,31,生鮮處理廠為超商供應之預備餐（prepared dishes），在食物經加熱後，常利用下列何種方法加速冷卻以維持品質？,壓差冷卻,在減壓增濕環境降溫,在急速凍結室降溫,在冷氣機下吹送冷風,A,,第一次
115,2026/4/18,保健食品初級工程師,食品科學概論,32,馬口鐵皮裝之罐頭食品，已經過商業殺菌，但產品有效日期大多為 3 年左右，無法永久貯存的主要原因是考量：,未添加防腐劑,罐壁腐蝕,真空度減少,殺菌不完全,B,,第一次
115,2026/4/18,保健食品初級工程師,食品科學概論,33,食品安全監測計畫中，醬油產品應就其農產品植物、菇（蕈）及藻類原料，檢驗：,真菌毒素,農藥殘留,二氧化硫,單氯丙二醇（3-MCPD）,A,,第一次
115,2026/4/18,保健食品初級工程師,食品科學概論,34,台灣地區曾發生過的「西施舌貝」中毒是一種：,下痢性貝毒素,腹瀉性貝毒素,肝毒性貝毒素,麻痺性貝毒素,D,,第一次
115,2026/4/18,保健食品初級工程師,食品科學概論,35,下列何者不是亞硫酸鈉（Sodium sulfite）具備之功能？,抗氧化劑,漂白劑,結著劑,防腐劑,C,,第一次
115,2026/4/18,保健食品初級工程師,食品科學概論,36,在低鹽濃度時，離子與蛋白質荷電基團交互作用，降低鄰近分子的相反電荷間的靜電引力，有助於蛋白質水和及提高其溶解度，此現象稱為：,乳化作用（emulsion）,鹽析作用（salting out）,鹽溶作用（salting in）,離水作用（syneresis）,C,,第一次
115,2026/4/18,保健食品初級工程師,食品科學概論,37,健康食品標章第二軌產品中，含有下列何者成分得以規格審查方式進行？,花青素,紅麴菌素 K,蝦紅素,葉黃素,B,,第一次
115,2026/4/18,保健食品初級工程師,食品科學概論,38,一般茶葉製造，大多經過不同程度的「發酵」，「發酵」乃指進行何種反應？,還原反應,氧化反應,非酵素性褐變反應,水解反應,B,,第一次
115,2026/4/18,保健食品初級工程師,食品科學概論,39,下列何種加工處理無法抑制酵素性褐變反應的進行？,加熱處理,降低 pH 值,添加亞硫酸鹽,冷藏貯存,D,,第一次
115,2026/4/18,保健食品初級工程師,食品科學概論,40,下列關於食品安全管制系統（HACCP）中之危害分析是針對何者分析？,生物性,物理性,化學性,以上皆是,D,,第一次
115,2026/4/18,保健食品初級工程師,食品科學概論,41,目前實施的 [食品中微生物衛生標準 ]中對於 [鮮乳、調味乳及乳飲品 ]的要求，下列何者正確？,大腸桿菌 10 MPN/g &大腸桿菌 O157:H7 陰性,腸桿菌科 10 CFU/mL &單核球增多性李斯特菌陰性,沙門氏菌陰性&大腸桿菌陰性,大腸桿菌陰性&金黃色葡萄球菌腸毒素陰性,B,,第一次
115,2026/4/18,保健食品初級工程師,食品科學概論,42,目前已知可能形成丙烯醯胺的胺基酸，不包含以下哪一項？,天門冬醯胺酸,甲硫胺酸,異白胺酸,精胺酸,"B,C,D",答案有更正,第一次
115,2026/4/18,保健食品初級工程師,食品科學概論,43,下列何者非食安五環？,源頭控管,重建生產管理,建立矯正措施,創造監督平台,C,,第一次
115,2026/4/18,保健食品初級工程師,食品科學概論,44,有關四大類焦糖色素，哪二大類在製程中可能產生 4-甲基咪唑（4-MEI）？,1&2,2&3,3&4,1&3,C,,第一次
115,2026/4/18,保健食品初級工程師,食品科學概論,45,用於清洗消毒食品接觸面之硬脂酸鈣使用濃度限量（ppm）為何？,200,400,600,0,"A,B,C,D",答案有更正,第一次
115,2026/4/18,保健食品初級工程師,食品科學概論,46,咖啡中的香氣最不可能是下列何種反應造成？,合成反應,焦糖化,偏酸性環境下酶促反應,乾餾反應,A,,第一次
115,2026/4/18,保健食品初級工程師,食品科學概論,47,有關食品安全管制系統（HACCP）之敘述，下列何者正確？,食品業者應每年至少二次對執行本系統之人員，辦理內部教育訓練,管制小組應確認本系統執行之有效性，每年至少進行一次內部稽核,制小組應對每一重要管制點，研訂發生系統性變異時之矯正措施,負責人或其授權人不是必要之管制小組成員,"B,C",答案有更正,第一次
115,2026/4/18,保健食品初級工程師,食品科學概論,48,下列關於 ISO22000 和 HACCP 的敘述何者錯誤？,ISO 22000 強調食物鏈之溝通,HACCP 包含七大步驟及十二大原則,ISO 22000 強調系統管理、持續改善,HACCP 是 ISO 22000 的一部分,B,,第一次
115,2026/4/18,保健食品初級工程師,食品科學概論,49,下列何者是台灣優良食品發展協會 TQF 驗證標章的前身？,CAS,GHP,HACCP,GMP,D,,第一次
115,2026/4/18,保健食品初級工程師,食品科學概論,50,下列對於 ISO 規範的四階文件之說明，何者錯誤？,第一階文件為手冊、公司基本資料,第二階文件為管理程序或作業內容,第三階文件為表單,第四階文件為紀錄、外來的文件,C,,第一次
115,2026/4/18,保健食品初級工程師,食品科學概論,51,有關食品從業人員之教育訓練規定，下列何者錯誤？,衛管人員在職教育每年至少 8 小時,持證廚師每年應接受 8 小時教育訓練,HACCP 小組成員 3 年累積 12 小時教育訓練,新進人員應接受至少 8 小時之衛生相關訓練,D,,第一次
115,2026/4/18,保健食品初級工程師,食品科學概論,52,食品業者自主管理屬於哪一級品管？,一級品管,二級品管,三級品管,沒有規定,A,,第一次
115,2026/4/18,保健食品初級工程師,食品科學概論,53,在零售與餐飲的場所中，哪一組方法參數是最方便及有效控制食物中細菌生長繁殖的方式？,酸鹼度與水活性,時間與溫度,溫度與酸鹼度,時間與水活性,B,,第一次
115,2026/4/18,保健食品初級工程師,食品科學概論,54,為防止細菌生長，食物溫度由 60℃冷卻至 5℃應在多久內完成？,1 小時,2 小時,3 小時,4 小時,"A,B,C,D",答案有更正,第一次
115,2026/4/18,保健食品初級工程師,食品科學概論,55,有關食品安全衛生管理書面資料，作成書面紀錄，連同相關文件，彙整為檔案，至少保存幾年？,2 年,3 年,4 年,5 年,D,,第一次
115,2026/4/18,保健食品初級工程師,食品科學概論,56,學校辦理外購盒餐食品或團體膳食時，應進行留樣保存多少小時？且應作成紀錄。,12,24,36,48,D,,第一次
115,2026/4/18,保健食品初級工程師,食品科學概論,57,下列有關胺基酸的敘述，何者有誤？,構成蛋白質的必需胺基酸有 8 種（嬰幼兒加上組胺酸）,絲胺酸和半胱胺酸屬於極性胺基酸,天門冬胺酸及麩胺酸帶負電荷,離胺酸帶有 1 個胺基,D,,第一次
115,2026/4/18,保健食品初級工程師,食品科學概論,58,有關還原糖測定方法中的 Bertrand 法和 Somogyi 法之共同點，下列何者正確？,皆需使用含有硫酸銅的酸性溶液,皆會產生氧化銅之沉澱物,皆屬於氧化還原滴定法,皆需使用醣類定量表以計算還原糖含量,C,,第一次
115,2026/4/18,保健食品初級工程師,食品科學概論,59,果膠質主要為何種醣類及其甲基酯化衍生物形成的共聚合物？,葡萄糖醛酸,葡萄糖酸,半乳糖酸,半乳醣醛酸,D,,第一次
115,2026/4/18,保健食品初級工程師,食品科學概論,60,下列何者不是蔬果酵素性褐變之抑制方法？,加熱殺菁,冷藏冷凍,添加抗壞血酸,添加亞硝酸鹽,D,,第一次
115,2026/4/18,保健食品初級工程師,食品科學概論,61,2025 年 TFDA 發布的嬰兒食品標示新制，禁止宣稱何者？,優於母乳,僅限膝關節保健,調節血脂,免疫調節,A,,第一次
115,2026/4/18,保健食品初級工程師,食品科學概論,62,關於蛋白質測定的經典方法「凱氏定氮法（Kjeldahl method）」，在第一步驟「消化 （Digestion）」過程中，必須加入哪一種強酸將有機氮轉化為硫酸銨？,濃鹽酸（HCl）,濃硝酸（HNO3）,濃硫酸（H2SO4）,濃磷酸（H3PO4）,C,,第一次
115,2026/4/18,保健食品初級工程師,食品科學概論,63,利用分光光度計設定波長 436 nm，可測定下列何物？,維生素 A,維生素 B1,維生素 B2,β-胡蘿蔔素,D,,第一次
115,2026/4/18,保健食品初級工程師,食品科學概論,64,液相層析用之移動相中，下列何者的極性最低？,甲醇,乙腈,三氯甲烷,正已烷,D,,第一次
115,2026/4/18,保健食品初級工程師,食品科學概論,65,下列何種胺基酸無法用紫外光 280 nm 檢測？,甘胺酸,色胺酸,酪胺酸,苯丙胺酸,A,,第一次
115,2026/4/18,保健食品初級工程師,食品科學概論,66,將 2×10-4 M 的某花青素溶液放入寬為 1.0 cm 的比色槽中，在 580 nm 波長之吸光值為 0.420，若以同種花青素的另一溶液，在相同波長之條件下測得吸光值為 0.140，求該試料的花青素濃度最接近下列何者？,1.26×10-4 M,1.67×10-4 M,3.33×10-5 M,6.67×10-5 M,D,,第一次
115,2026/4/18,保健食品初級工程師,食品科學概論,67,下列哪一個胺基酸在 280 nm 有最高的紫外吸光值？,絲胺酸（Ser）,色胺酸（Trp）,組胺酸（His）,丙胺酸（Ala）,B,,第一次
115,2026/4/18,保健食品初級工程師,食品科學概論,68,乳製品蛋白質含氮量為 15.7%，其氮係數為？,5.83,5.95,6.25,6.38,D,,第一次
115,2026/4/18,保健食品初級工程師,食品科學概論,69,下列哪些市售肉製品中，有哪三種常添加亞硝酸鹽作為保色劑？ a.香腸 b.貢丸 c.豬肉酥 d.臘肉 e.板鴨,abc,ade,bcd,cde,B,,第一次
115,2026/4/18,保健食品初級工程師,食品科學概論,70,下列利用電磁波的食品加工技術，其頻率（frequency）排序，何者正確？,微波（Microwave）> 射頻（Radio frequency）> 紅外線 > 游離輻射,射頻 > 微波 > 紅外線 > 游離輻射,紅外線 > 游離輻射 > 射頻 > 微波,游離輻射 > 紅外線 > 微波 > 射頻,D,,第一次
115,2026/4/18,保健食品初級工程師,食品科學概論,71,"下列何者為食品營養相關分子的過濾篩選用超過濾膜（Ultrafiltration, UF）濃縮的主要成分？",無機鹽類,胺基酸,三磷酸腺嘌呤核苷酸（ATP）,蛋白質,D,,第一次
115,2026/4/18,保健食品初級工程師,食品科學概論,72,魚貝類鮮味成分為：,脂肪酸,有機酸,核苷酸,肝醣,C,,第一次
115,2026/4/18,保健食品初級工程師,食品科學概論,73,下列何者非二次冷媒的特性？,熱傳導率低,比熱高,凝固點低,發泡性低,A,,第一次
115,2026/4/18,保健食品初級工程師,食品科學概論,74,有關醬油加工之敘述，何者正確？,麴菌應選擇蛋白質分解能力強且製麴容易者,發酵時添加酵母菌是要把澱粉轉化為醣類,醬油應避免加熱殺菌以維持醬油風味,以鹽酸分解大豆蛋白質加速製程者，稱為速成醬油,A,,第一次
115,2026/4/18,保健食品初級工程師,食品科學概論,75,1 號罐及其以上之大型罐頭食品，其真空度應不得：,低於 76 mmHg,高於 76 mmHg,低於 380 mmHg,高於 380 mmHg,A,,第一次
115,2026/4/18,保健食品初級工程師,食品科學概論,76,蔬果低溫貯存時發生冷傷（cold injury）是因為？,冷藏溫度太高,梅納反應褐變,生理機能受阻,蛋白質變性,C,,第一次
115,2026/4/18,保健食品初級工程師,食品科學概論,77,可以避免食品在凍結及凍藏過程中劣變的方法是？,快速降溫凍結形成較多冰晶,緩慢降溫以增高凍結率,間歇性解凍使冰晶轉移,急速凍結增加細胞外冰晶,A,,第一次
115,2026/4/18,保健食品初級工程師,食品科學概論,78,有關於豆漿的加工過程或現象敘述，下列何者正確？,產生豆臭味的原因為大豆所含的胰蛋白酶抑制劑,脂質氧化酶會導致豆漿煮沸後產生泡沫,大豆中的皂素是食用後導致脹氣的主因,使用熱水磨碎大豆可去除豆臭味,D,,第一次
115,2026/4/18,保健食品初級工程師,食品科學概論,79,下列何者不是製作魚漿時水漂的目的？,去除水溶性蛋白質,去除色素,去除油脂,增加鹽溶性蛋白的溶解,D,,第一次
115,2026/4/18,保健食品初級工程師,食品科學概論,80,D 值是殺菌或滅菌的衡量指標之一，這個數值係指：,在特定溫度下殺菌，細菌數量會下降至原本數量的 90%所需的時間,在特定溫度下殺菌，細菌數量會下降至原本數量的 10%所需的時間,針對特定食品基質殺菌，細菌數量會下降至原本數量的 90%所需的溫度時間組合,針對特定食品基質殺菌，細菌數量會下降至原本數量的 10%所需提高的溫度,B,,第一次
110,2021/11/20,食品品保初級工程師,食品科學概論,1,以下何者非檢測微生物表面抗體之方法？,聚合酶鏈反應,酵素免疫分析法,免疫層析法,以上皆是,D,,第二次
110,2021/11/20,食品品保初級工程師,食品科學概論,2,"某菌極易由灰塵及昆蟲傳播污染食品，食品中帶菌率可高達20～70%。食品被污染後，
大多沒有腐敗變質的現象。除了米飯有時稍微發黏，口味不爽口之外，大多數食品的外觀
都正常。腹瀉類型常見的感染食物有肉類製品，濃湯、醬汁、果醬、沙拉、布丁甜點及乳
製品等，試問可能為下列何種食品中毒菌？",仙人掌桿菌,肉毒桿菌,腸炎弧菌,產氣莢膜桿菌,A,,第二次
110,2021/11/20,食品品保初級工程師,食品科學概論,3,"民眾食用某連鎖餐廳生蠔、生魚片後陸續出現噁心、嘔吐、腹痛、腹瀉等症狀，下列何者
較不可能為食品中毒主要原因病原？",腸炎弧菌,病原性大腸桿菌,沙波病毒,諾羅病毒,B,,第二次
110,2021/11/20,食品品保初級工程師,食品科學概論,4,下列有關李斯特菌之敘述，何者錯誤？,瓜果類生長或採收時可能和土壤接觸受污染，應澈底刷洗乾淨後再行分切,在冷藏溫度下可完全抑制其繁殖,此菌常被發現於加工肉類製品及乳製品,孕婦及嬰幼兒對此菌之抵抗力弱,B,,第二次
110,2021/11/20,食品品保初級工程師,食品科學概論,5,執行黴菌及酵母菌數之檢驗時，以下敘述何者正確？,培養時勿倒置培養皿及重疊超過10 個以上,培養期間不可移動以防孢子散落,自檢液調製至完成塗抹及傾注步驟，應於60 分鐘內完成,平板需於37℃暗處培養5 天,B,,第二次
110,2021/11/20,食品品保初級工程師,食品科學概論,6,進行微生物檢驗時，有關檢驗偵測極限敘述，下列何者錯誤：,固態檢體之檢測極限為10 CFU/g,液態檢體之檢測極限為1 CFU/mL,固態檢體之檢測極限為1 CFU/g,凝態及濃稠液態檢體之檢測極限為10 CFU/g,C,,第二次
110,2021/11/20,食品品保初級工程師,食品科學概論,7,"衛生福利部公告之食品中微生物之檢驗方法-A 型肝炎病毒之檢驗中，蔬果類檢體之前處
理，需去除樣品中對於檢驗造成影響的物質為何？",蛋白質,維生素,果膠,礦物質,C,,第二次
110,2021/11/20,食品品保初級工程師,食品科學概論,8,預防肉毒桿菌食品中毒的方法，下列何者不正確？,控制或調整食品於pH 4.6 以下，降低食品之水分活性至0.85 以下,低酸性罐頭食品之殺菌值須達到3 以上,香腸若不添加亞硝酸鹽，則規定必須要真空包裝,包裝食品與食物應充分殺菌及煮熟,C,,第二次
110,2021/11/20,食品品保初級工程師,食品科學概論,9,"下列哪些食品中毒菌會分泌腸毒素：a.曲狀桿菌、b.腸炎弧菌、c.金黃色葡萄球菌、d.沙門
氏菌",abcd,abc,bc,c,A,,第二次
110,2021/11/20,食品品保初級工程師,食品科學概論,10,下列所述食品中毒菌，何者為革蘭氏陽性菌？,病原性大腸桿菌,曲狀桿菌,志賀氏桿菌,產氣莢膜桿菌,D,,第二次
110,2021/11/20,食品品保初級工程師,食品科學概論,11,下列何者非屬我國第四類法定傳染病？,肉毒桿菌中毒,腸道出血性大腸桿菌感染症,李斯特菌症,布氏桿菌病,B,,第二次
110,2021/11/20,食品品保初級工程師,食品科學概論,12,有關肉毒桿菌中毒之敘述，下列何者錯誤？,在高酸厭氧狀態有利該菌生長的條件下，放置足夠的時間所造成,傷口深處受到肉毒桿菌污染，在無氧環境下，造成創傷型肉毒桿菌中毒,潛伏期愈短病情通常愈嚴重，死亡率愈高,香腸、火腿類應注意硝酸鹽/亞硝酸鹽的添加量是否適量均勻,A,,第二次
110,2021/11/20,食品品保初級工程師,食品科學概論,13,下列何者非屬食因性病毒？,諾羅病毒,沙波病毒,星狀病毒,C 型肝炎病毒,D,,第二次
110,2021/11/20,食品品保初級工程師,食品科學概論,14,下列何者不屬於大腸桿菌群（Coliform bacteria）？,Erwinia,Citrobacter,Yersinia,Klebsiella,C,,第二次
110,2021/11/20,食品品保初級工程師,食品科學概論,15,"為了維持檢驗機構（實驗室）之檢驗品質與技術，衛生福利部食品藥物管理署制定食品檢
驗機構認證及委託認證管理辦法，並參考何項國際標準訂定訂定檢驗機構實驗室品質系統
基本規範？",ISO 22000,ISO 9000,ISO/IEC 17025:2017,ISO 27001,C,,第二次
110,2021/11/20,食品品保初級工程師,食品科學概論,16,"微生物檢驗時經常會使用顯微鏡，當顯微鏡之目鏡與物鏡分別為10 倍及100 倍，其放大
倍數為：",10 倍,100 倍,1000 倍,10000 倍,C,,第二次
110,2021/11/20,食品品保初級工程師,食品科學概論,17,依食品微生物之檢驗方法－生菌數之檢驗中所訂，如樣品為冷凍檢體應如解凍何處理：,微波爐解凍,直接加熱解凍,冷藏之溫度下解凍約18 小時,以上皆非,C,,第二次
110,2021/11/20,食品品保初級工程師,食品科學概論,18,"台灣歷年食物中毒案件病因物質的統計資料，下列選項發生率多寡依序為何？ a.諾羅病
毒、b.化學性食物中毒、c.細菌性食物中毒、d.天然毒素食物中毒",cabd,cdba,cdab,cadb,D,,第二次
110,2021/11/20,食品品保初級工程師,食品科學概論,19,"蘿蔔乾製品若無其他防腐措施，在其鹽濃度小於多少及水活性高於0.78 時，應以冷藏方
式流通販賣？",5%,10%,15%,20%,C,,第二次
110,2021/11/20,食品品保初級工程師,食品科學概論,20,果膠酶作用的有關敘述，下列何者錯誤？,果膠酯酶（pectin esterase）可分解經甲基酯化之半乳糖醛酸分子上的甲氧基,果膠裂解酶（pectin lyase）為一種從非還原末端開始水解的外切酶,蔓越莓果汁經果膠酶處理後，會造成果汁的退色,果膠酶可促進柑橘剝皮的操作，減少廢棄物產生和提高果汁產量,B,,第二次
110,2021/11/20,食品品保初級工程師,食品科學概論,21,下列有關利用加工特性製造蛋白質性食品的敘述，何者錯誤？,利用產生色澤、香味、質感、口感等官能特性，製造麵包、麵條,利用溶解度、濕潤性、膨脹性等水合特性，製造魚丸、麵糰,利用側鍵修飾作用、對酵素敏感性等流變特性，製造人造肉,利用乳化、氣泡性、塗膜性等表面特性製造蛋糕、冰淇淋,C,,第二次
110,2021/11/20,食品品保初級工程師,食品科學概論,22,下列有關油脂之敘述，何者正確？,脂肪酸組成分子愈小，碘價愈高,豬油因其飽和度高，低溫下容易凝固,過氧化價用以檢測油脂自氧化的整個過程,魚油因富含多元不飽和脂肪酸，較耐貯存,B,,第二次
110,2021/11/20,食品品保初級工程師,食品科學概論,23,"某一食品產品以90℃加熱3 分鐘，其生菌數從原本的107/mL 降為103/mL，則此產品在
90℃下的D 值為何？當加熱溫度提高到100℃時，將生菌數從104/mL 降為102/mL 需9
秒，則此產品的Z 值為何？",3 分鐘，10℃,4 分鐘，5℃,3/4 分鐘，10℃,4/3 分鐘，5℃,C,,第二次
110,2021/11/20,食品品保初級工程師,食品科學概論,24,有關酵素之敘述，下列何者錯誤？,"α-amylase 為一種內切酶，可切斷α-1,4 鍵結，不能切α1,6 鍵結","β-amylase 為一種外切酶，可切斷α-1,4 及α-1,6 鍵結",過氧化酶可作為蔬果殺菁的指標,柚苷酶（naringinase）用於分解葡萄柚果汁中引起的苦味物質柚苷，降低苦味,B,,第二次
110,2021/11/20,食品品保初級工程師,食品科學概論,25,關於油脂的品質鑑定，下列何項敘述正確？,AOM 值越大，有利油脂的保存,POV 值越大，表示油品品質越佳,CV 值越大，表示油品品質越佳,TBA 值越大，表示油品品質越佳,A,,第二次
110,2021/11/20,食品品保初級工程師,食品科學概論,26,下列何這屬於ω-6 脂肪酸？,EPA,DHA,α-次亞麻油酸,花生四烯酸,D,,第二次
110,2021/11/20,食品品保初級工程師,食品科學概論,27,下列何者不是豆腐添加乳化劑的作用？,抑制起泡性,提高豆漿的回收率,提高保水性及形狀保持性,防止固體結塊,D,,第二次
110,2021/11/20,食品品保初級工程師,食品科學概論,28,有關在食品加工上醣解酵素的應用，下列何者錯誤？,芭樂汁以果膠酶處理過後，可增強風味成分的濃度,添加β-葡萄糖苷酶於鳳梨果汁中，可增強鳳梨風味成分,葡萄糖氧化酶添加於蛋液和蛋粉，主要是除去葡萄糖，避免褐變反應,利用α-澱粉酶和β-澱粉酶水解玉米澱粉，可製造高果糖糖漿,D,,第二次
110,2021/11/20,食品品保初級工程師,食品科學概論,29,下列有關蛋白質營養性質的敘述，何者錯誤？,大豆是完全蛋白質,稻米蛋白質缺少離胺酸,玉米缺少離胺酸、色胺酸、異白胺酸,魚翅缺少離胺酸,A,,第二次
110,2021/11/20,食品品保初級工程師,食品科學概論,30,有關鮮味物質的敘述，下列何者錯誤？,高鮮味精是由麩胺酸鈉與5-核糖核甘酸（5’-ribonucleotides）以5:1 比例調配而成,柴魚的鮮味成分為5’-次黃嘌呤核甘酸鹽（5’-inosine monophosphate）,菇類的鮮味成分為鳥5’-嘌呤核甘酸鹽（5’-guanosine monophosphate）,現今的味精大多利用發酵法製造,A,,第二次
110,2021/11/20,食品品保初級工程師,食品科學概論,31,下列何者不是造成瓜類食品不易貯存的影響因素？,富含多元不飽和脂肪酸,富含過氧化酶（peroxidase）,富含脂肪酶（lipase）,富含脂肪加氧酶（lipoxygenase）,B,,第二次
110,2021/11/20,食品品保初級工程師,食品科學概論,32,下列何者不是油炸油的換油標準？,發煙點溫度低於170℃,過氧化價大於50,油炸油色深且又黏漬，具油耗味，泡沫多,酸價超過2.0（mg KOH/g）以上,B,,第二次
110,2021/11/20,食品品保初級工程師,食品科學概論,33,"近年來食安事件不斷，其中非法食品添加物更是層出不窮，下列何者為我國公告的法定食
品添加物？",孔雀綠,硼砂,二甲基黃,苯甲酸,D,,第二次
110,2021/11/20,食品品保初級工程師,食品科學概論,34,在一定溫度下，單位體積所能容納的最大水蒸氣量稱為：,絕對濕度,飽和濕度,相對濕度,半飽和濕度,B,,第二次
110,2021/11/20,食品品保初級工程師,食品科學概論,35,下列食用油脂中，何者碘價最高？,椰子油,橄欖油,大豆油,棕櫚油,C,,第二次
110,2021/11/20,食品品保初級工程師,食品科學概論,36,焚燒動物屍體過程，下列何種胺基酸不會產生二氧化硫？,異白胺酸,胱胺酸,半胱胺酸,甲硫胺酸,A,,第二次
110,2021/11/20,食品品保初級工程師,食品科學概論,37,分析方法可被相當程度之認同，稱為？,準確性（accuracy）,專一性（specificity）,精確性（precision）,靈敏度（sensitivity）,B,,第二次
110,2021/11/20,食品品保初級工程師,食品科學概論,38,"檢驗食品中亞硫酸鹽含量時，其原理是利用二氧化硫與對-玫瑰苯胺作用時呈現溶液的色
澤為下列何者？",藍紫色,紅色,黑色,黃色,A,,第二次
110,2021/11/20,食品品保初級工程師,食品科學概論,39,依據中華民國國家標準CNS 1228 之規定，圓形罐低酸性食品之真空度不得低於：,127 mmHg,54 mmHg,381 mmHg,200 mmHg,A,,第二次
110,2021/11/20,食品品保初級工程師,食品科學概論,40,番茄醬加工時，採用熱破碎處理的主要目的是：,提高製品之澄清度,提高製品之黏稠度,提高果膠之分解速率,提高茄紅素之萃取,B,,第二次
110,2021/11/20,食品品保初級工程師,食品科學概論,41,在乾燥、醃漬或高糖食品中，較易產生問題的微生物是：,腐敗菌及酵母菌,酵母菌及黴菌,腐敗菌及黴菌,腐敗菌、酵母菌及黴菌,B,,第二次
110,2021/11/20,食品品保初級工程師,食品科學概論,42,下列液態食品中，何者在加工過程中常被視為牛頓流體（Newtonian Fluid）？,沙拉油,番茄醬,沙拉醬,蜂蜜,A,,第二次
110,2021/11/20,食品品保初級工程師,食品科學概論,43,下列何種微生物常被用來當作酸性食品之殺菌指標微生物？,Bacillus coagulans,Clostridium botulinum,Staphylococcus aureus,Bacillus stearothermophilus,A,,第二次
110,2021/11/20,食品品保初級工程師,食品科學概論,44,膨發乾燥（puff drying）主要原理為高壓下加熱後突然釋壓使得？,水蒸氣凝結成冰,水氣化成水蒸氣,水結成冰,冰昇華成水蒸氣,B,,第二次
110,2021/11/20,食品品保初級工程師,食品科學概論,45,以噴霧乾燥法進行液態食品之乾燥時，入口熱風的溫度設定通常落在：,80-100℃,100-120℃,120-200℃,250-300℃,C,,第二次
110,2021/11/20,食品品保初級工程師,食品科學概論,46,罐徑代號為301 之空罐，代表其罐底直徑大約為：,301 mm,76.84 mm,90.5 mm,153.68 mm,B,,第二次
110,2021/11/20,食品品保初級工程師,食品科學概論,47,下列何種微生物常被用來當作低酸性食品之殺菌指標微生物？,Bacillus coagulans,Clostridium botulinum,Staphylococcus aureus,Bacillus stearothermophilus,B,,第二次
110,2021/11/20,食品品保初級工程師,食品科學概論,48,亞硝酸鹽是合法可使用在肉品加工上的食品添加物，其作用不包括：,"將肉品中之肌紅蛋白（myoglobin）含的鐵離子固定於二價，保持肉品本來鮮豔的
紅色",保水使產品更Q 彈,增加風味,降低真空包裝加工肉品中肉毒桿菌生長之風險,B,,第二次
110,2021/11/20,食品品保初級工程師,食品科學概論,49,下列有關釀造醋加工之敘述，何者正確？,一般以果物或穀物為基底，釀造程序主要透過醋酸菌將糖轉化為酒精及醋酸,醋醪的酒精度最好控制在10%以上，以抑制雜菌生長並產生口感較佳的成品,釀造過程必須盡量減少微生物與空氣接觸，以免製品氧化變質,榖物醋的釀造常先利用Aspergillus 屬或Rhizopus 屬微生物將澱粉轉化為糖,D,,第二次
110,2021/11/20,食品品保初級工程師,食品科學概論,50,冷凍乾燥法的特點是：,先將食品冷凍後，再於常壓下進行低溫乾燥,與其它乾燥法相較，操作成本較低,產品具有形狀、顏色及風味保留較佳等優點,產品較不易回潮或被氧化,C,,第二次
110,2021/11/20,食品品保初級工程師,食品科學概論,51,有關蔬果加工時所採用的殺菁（Blanching）處理，下列何者正確？,主要為破壞蔬果中天然存在之酵素活性,殺菁條件視蔬果本身酵素之耐熱性，一般為100℃維持數秒至數十秒,殺菁是否完全係以果膠分解酶之活性為指標,冷凍蔬果一般不經殺菁前處理，以提升冷凍效率,A,,第二次
110,2021/11/20,食品品保初級工程師,食品科學概論,52,"保存新鮮蔬果可利用調氣式貯藏方法（Control atmosphere storage, CA storage），該方法以
哪種氣體含量最高？",氧氣,氮氣,二氧化氮,乙烯,B,,第二次
110,2021/11/20,食品品保初級工程師,食品科學概論,53,"食品加工過程中，常會添加賦形劑以增加有效成分之穩定性及分散均質性。請問下列何者
並非常見之食品賦形劑？",玉米澱粉,明膠,亞硝酸鹽,羧甲基纖維素,C,,第二次
110,2021/11/20,食品品保初級工程師,食品科學概論,54,下列何種加工方法與膜分離技術有關？,電透析（electrodialysis）,滲透脫水（osmotic dehydration）,冷凍濃縮（freeze concentration）,刮膜式蒸餾（Wipe film distillation）,A,,第二次
110,2021/11/20,食品品保初級工程師,食品科學概論,55,鮮乳加工上採用的巴斯德殺菌法可歸類於：,低溫殺菌法,瞬間殺菌法,絕對殺菌法,相對殺菌法,A,,第二次
110,2021/11/20,食品品保初級工程師,食品科學概論,56,下列何種產品最不適合利用噴霧乾燥進行乾燥？,果汁粉,奶粉,蛋粉,麥片,D,,第二次
110,2021/11/20,食品品保初級工程師,食品科學概論,57,製茶加工中，茶葉發酵程度的控制，主要是：,利用茶青本身的乳酸菌及酵母菌進行之,利用茶青本身的酵母菌進行之,利用茶青本身的氧化酵素進行之,利用茶青本身的糖化酵素進行之,C,,第二次
110,2021/11/20,食品品保初級工程師,食品科學概論,58,製茶加工中，萎凋的目的不包括？,使茶葉水分消散,增加細胞的通透性,增加酵素及多酚物質作用,破壞氧化酵素以去除茶葉不良的菁味,D,,第二次
110,2021/11/20,食品品保初級工程師,食品科學概論,59,豆腐加工常用之凝固劑不包括？,鹽滷,葡萄糖酸-δ-內酯,乳酸鈣,硫酸鈣,C,,第二次
110,2021/11/20,食品品保初級工程師,食品科學概論,60,食品罐頭殺菌時，Z 值代表？,微生物耐熱性的指標,時間單位,罐頭之真空度,微生物的殘存率,A,,第二次
110,2021/11/20,食品品保初級工程師,食品科學概論,61,"以分子生物學方式進行微生物之檢驗與鑑定，以下何者不是微生物檢驗時可供辨識之生物
分子？",蛋白質,葉綠體,去氧核醣核酸,脂質,B,,第二次
110,2021/11/20,食品品保初級工程師,食品科學概論,62,下列有關李斯特單胞菌之敘述，何者正確？,會分泌李斯特菌溶血素,主要引起疾病為傷寒及菌血症,冷藏溫度下生長受到完全抑制,屬革蘭氏陰性食品中毒菌,A,,第二次
110,2021/11/20,食品品保初級工程師,食品科學概論,63,無菌充填最常使用的包材殺菌劑是？,酒精,碘仿溶液,過氧化氫溶液,次氯酸鈉溶液,C,,第二次
110,2021/11/20,食品品保初級工程師,食品科學概論,64,新鮮農產品採收後的預冷處理，其目的為何？,促進呼吸作用，提高農產品的生命力,增加保濕作用,減緩品質劣變的生理變化,提高農產品的冷傷抗性,C,,第二次
110,2021/11/20,食品品保初級工程師,食品科學概論,65,比較混稀法（pour plate）及塗抹法（spread plate）的優缺點，下列何者不正確？,塗抹法所得菌落較容易分離,塗抹法會對菌體造成熱傷害,塗抹法所得菌落數較容易計數,塗抹法較容易轉成自動化操作,B,,第二次
110,2021/11/20,食品品保初級工程師,食品科學概論,66,下列何種食品的粗脂肪含量不適用索氏（Soxhlet）萃取法分析？,堅果,牛乳,大豆蛋白,麵條,B,,第二次
110,2021/11/20,食品品保初級工程師,食品品保概論,1,ISO 9001:2015 品質管理系統其品質管理原則不包括下列那一項？,領導力Leadership,依據事實決策Evidence-based decision making,風險管理Risk management,顧客為重Customer Focus,C,,第二次
110,2021/11/20,食品品保初級工程師,食品品保概論,2,"波特（Michael Porter）的五力分析對企業發展的趨勢與競爭者的分析，是非常有用的工具，
下列何項非五力分析模型的項目？",供應商的議價能力,購買者的議價能力,同業競爭者的競爭程度,企業的目標、願景與使命,D,,第二次
110,2021/11/20,食品品保初級工程師,食品品保概論,3,下列何者與落實食品產業相關業者自主管理責任之行動方案無關？,強化農民、農業販賣業者與飼料販賣業者自主管理機制,推動農業經營模式轉型,加強掌握農產品生產之來源,提高傳統小型食品產業與餐飲業之衛生管理水準,C,,第二次
110,2021/11/20,食品品保初級工程師,食品品保概論,4,現今的食品品保制度對於客訴管理，包括有抱怨、申訴及爭議三種，其針對對象何者正確？,抱怨是指針對作業執行有不同意之意見，而進行的模式,申訴是指對作業執行過程時有不滿之意見進行的模式,爭議是指對於作業執行過程中雙方見解不同而進行的模式,爭議是指對作業執行過程時有不滿之意見進行的模式,C,,第二次
110,2021/11/20,食品品保初級工程師,食品品保概論,5,擔任檢驗工作的檢驗人員可能會有三類失誤，請問以下配對何者有誤？,技術性失誤---訓練不足,故意性失誤---檢驗員取巧走捷徑,疏忽性失誤---能力不足，例如色盲,故意性失誤---配合公司儘速交貨，而疏忽檢驗正確性,C,,第二次
110,2021/11/20,食品品保初級工程師,食品品保概論,6,食品安全衛生管理法中有關強化業者的管理效能，下列敘述何者有誤？,"散播有關食品安全之謠言或不實訊息，足生損害於公眾或他人者，處三年以下有期
徒刑拘役或新台幣一百萬元以下罰金",現行版本已納入增訂加工助劑之相關規定,"必要時在科學證據不足時，得以預警原則對特定產品下架、封存、限期回收、限期
改製、沒入銷毀","食安法第九條之追蹤追溯制度是參考美國現代化食品法案的原則（rules），並參酌我
國國情所制定",D,,第二次
110,2021/11/20,食品品保初級工程師,食品品保概論,7,"現今所有品質保證制度的潮流在於善用管理循環（PDCA Cycle）以完善管理制度的建構
與持續改善，運用於食品產業的ISO22000:2018 更率先發展出雙PDCA 循環之應用，下
列有關管理循環之描述何者有誤？",P 是Procedure 的縮寫，表示要把規畫寫成標準作業程序（書）,D 是Do 的縮寫，表示要落實執行所規劃的制度,C 是Check 的縮寫，表示要執行檢核與確認是否有落差,A 是Act 的縮寫，表示要持續改善乙更上一層樓,A,,第二次
110,2021/11/20,食品品保初級工程師,食品品保概論,8,"台灣超過65%食品來自於境外，確保食品供應鏈的安全是食品業者很重要的工作，因此，
食品防護（Food Defense）必須找出潛在『威脅』的攻擊者，不包括下列何者？",駭客和其他網路犯罪者,勒索者,政策制定者,機會主義者,C,,第二次
110,2021/11/20,食品品保初級工程師,食品品保概論,9,下列何者屬於違反食品安全衛生管理法第十五條之規定中觸犯刑責者？,逾有效日期,攙偽假冒,變質或腐敗,未成熟而有害人體健康,B,,第二次
110,2021/11/20,食品品保初級工程師,食品品保概論,10,品管七大手法中，下列何者能夠進行重點式改善，以降低成本完成高效率改善？,柏拉圖,散佈圖,直方圖,管制圖,A,,第二次
110,2021/11/20,食品品保初級工程師,食品品保概論,11,某食品工廠通過某一驗證方案，該方案為系統性驗證，以下敘述何者有誤？,非產品驗證,係指管理系統驗證,由於工廠全系統驗證，故相當於工廠全數產品被驗證,以上敘述皆錯誤,C,,第二次
110,2021/11/20,食品品保初級工程師,食品品保概論,12,生產XX 汽水之飲料工廠，自110 年7 月1 日起，需加驗：,大腸桿菌群,腸桿菌科,李斯特菌,不需檢驗微生物,B,,第二次
110,2021/11/20,食品品保初級工程師,食品品保概論,13,"由於2020 年爆發新型冠狀病毒，使得餐飲業如臨大敵，讓消費者放心，清潔消毒措施的
確保更是必備的工作，下列何者與防疫無關？",要求同仁勤洗手,要求從業人員均配戴口罩作業,幫同仁與客人量額頭（耳）溫,請消費者填寫無染病聲明書,D,,第二次
110,2021/11/20,食品品保初級工程師,食品品保概論,14,"國內最新的包裝食品營養標示之熱量計算方式中，膳食纖維的熱量得以每公克多少大卡計
算之？",零大卡,二大卡,三大卡,四大卡,B,,第二次
110,2021/11/20,食品品保初級工程師,食品品保概論,15,自美國進口的牛肉中萊克多巴胺的安全容許量為多少ppb？,4,6,8,10,D,,第二次
110,2021/11/20,食品品保初級工程師,食品品保概論,16,"食品工廠之管理衛生人員須出具曾上過食品安全管制系統基礎及進階班至少多少
小時以上之合格證明？",30,40,50,60 小時,ABCD,,第二次
110,2021/11/20,食品品保初級工程師,食品品保概論,17,有關「食品及其相關產品追溯追蹤系統管理辦法」何者描述有誤？,"食品及相關產品業者需進行追溯追蹤管理，其指食品、特殊營養食品、食品添加物、
食品器具、食品容器或包裝業者需執行，而食品用洗潔劑業者則非屬法定要求業別","食品業者從事食品製造、加工、調配時建立追溯追蹤系統，其管理項目至少包含產
品資訊、標記識別、供應商資訊、產品流向資訊及其他與產品相關之內部追溯追蹤
資訊","產品資訊需詳實記錄產品名稱、主副原料、食品添加物、包裝容器、儲運條件、製
造廠商、國內負責廠商、淨重、容量、數量或度量等、有效日期或製造日期等訊息","產品流向資訊應包含物流業者及下游廠商資訊、產品名稱、淨重、容量、數量或度
量等、批號、有效日期或製造日期、交貨日期等訊息",A,,第二次
110,2021/11/20,食品品保初級工程師,食品品保概論,18,依據食品安全管制系統準則，下列對於有關「矯正措施」之敘述，何者不正確？,應由管制小組負責矯正措施之研訂,矯正措施係對應於，當重要管制點發生系統性變異時才需啟動之措施,矯正措施需針對引起系統性變異之原因，包括設備故障緊急應變之矯正措施,"矯正措施應包括食品因變異致違反本法相關法令規定或有危害健康之虞者，其回
收、處理及銷毀措施",C,,第二次
110,2021/11/20,食品品保初級工程師,食品品保概論,19,衛生主管機關對於未依規定訂定食品安全監測計劃之食品業者，應進行的處置為：,命限期改正，屆時不改正者，處以罰鍰,逕予罰鍰,逕命其歇業,逕廢止公司登記事項,A,,第二次
110,2021/11/20,食品品保初級工程師,食品品保概論,20,供作生產疫苗的兔隻如經販賣供人食用，係以下列何種情況論處？,變質或腐敗,未成熟而有害人體健康,有毒,含有有害人體健康之物質,A,,第二次
110,2021/11/20,食品品保初級工程師,食品品保概論,21,"維生素礦物質類之錠狀膠囊狀食品，欲敘述維生素礦物質之生理功能，其每日最低攝取量
需達每日基準？",5%以上,10%以上,15%以上,20%以上,C,,第二次
110,2021/11/20,食品品保初級工程師,食品品保概論,22,雞蛋鴨蛋是日常用食品，蛋殼膜食用規範，下列何者正確？,可任意使用,可食用，但有食用量的限制，並標示警語,不可供人食用,逐批向主管機關申請核准後可以供人食用,B,,第二次
110,2021/11/20,食品品保初級工程師,食品品保概論,23,依據GHP 準則，有關「供水設施」之敘述，下列何者不正確？,與食品直接接觸及清洗食品設備與用具之用水及冰塊，應符合飲用水水質標準,"使用地下水源者，其水源與化糞池、廢棄物堆積場所等污染源，應至少保持十公尺
之距離",蓄水池（塔、槽）應保持清潔，設置地點應距污穢場所、化糞池等污染源三公尺以上,"蓄水設施供應食品作業場所者，每年至少清理一次並作成紀錄，餘者每二年至少清
理一次並作成紀錄",B,,第二次
110,2021/11/20,食品品保初級工程師,食品品保概論,24,"食品販賣業者販售牛肉、豬肉及其可食部位為原料之散裝食品，應標示其原料之原產地
（國），此原產地（國）是指：",屠宰地（國）,種原地（國）,畜養地（國）,包裝地（國）,A,,第二次
110,2021/11/20,食品品保初級工程師,食品品保概論,25,染有病原性生物之原料不得製造成食品，「染有病原性生物」是指：,食品或食品添加物含有之天然毒素,食品或食品添加物含有之化學物品,食品或食品添加物含有害人體健康之異物,食品或食品添加物受病因性生物或其產生之毒素污染,D,,第二次
110,2021/11/20,食品品保初級工程師,食品品保概論,26,"在罐頭食品類微生物衛生標準中，產品經攝氏37 度保溫10 天應檢查合格，且正常貯存狀
態下，有關微生物的規範，下列何者正確？",不得有可繁殖之微生物存在,容許每公克中有10 個（CFU）生菌數,容許每公克中有100 個（CFU）生菌數,容許每公克中有10 個（MPN）大腸桿菌群,A,,第二次
110,2021/11/20,食品品保初級工程師,食品品保概論,27,針對台北市政府衛生局員工工作表現的好壞，可直接發佈奬懲命令的機關是：,衛福部,行政院,台北市政府,以上皆可,C,,第二次
110,2021/11/20,食品品保初級工程師,食品品保概論,28,包裝食品營養標示中脂肪之標示，下列何者正確？,應標示「脂肪」不得標示「脂肪酸」,不得標示「脂肪」只可標示「脂肪酸」,可採「脂肪」或「脂肪酸」二者擇一,只准標示「脂肪」或「油脂」,C,,第二次
110,2021/11/20,食品品保初級工程師,食品品保概論,29,食品業者之原料來源憑證保留時間至少？,5 年,8 年,10 年,依產品形式而定,A,,第二次
110,2021/11/20,食品品保初級工程師,食品品保概論,30,下列何者不是冷凍調整漢堡內產品描述之注意事項？,經-18°C 以下冷凍運輸及銷售販賣場所有冷凍設備,產品拆封後如有異味之狀況，請勿食用,開封後請儘速食用完畢,開封後如未食用完畢，請於冷藏庫保存,D,,第二次
110,2021/11/20,食品品保初級工程師,食品品保概論,31,"ISO 22000：2018 食品安全管理系統所提及之前提方案（prerequisite program）中，以下那
一項並非相關要求？",應考量法令、法規要求和與客戶互相同意之要求,考量服務供應商之管理如病媒防治、廢棄物處理,考量生產設備之能源基線建立與績效量測驗證,確保人員衛生，包括內部員工、訪客等,C,,第二次
110,2021/11/20,食品品保初級工程師,食品品保概論,32,"依據食品業者專門職業或技術證照人員設置及管理辦法，下列對於食品業者所聘用調理烘
焙從業人員比率之敘述，何者不正確？",比率要求最高者為觀光旅館之餐廳：百分之八十五,比率要求最低者為前店後廠小型烘焙業：百分之三十,"承攬學校餐飲之餐飲業、供應學校餐盒之餐盒業、承攬筵席之餐廳及外燴飲食業等，
皆為百分之七十五",中央廚房式之餐飲業、自助餐飲業與一般餐館餐飲業則皆為百分之六十,D,,第二次
110,2021/11/20,食品品保初級工程師,食品品保概論,33,關於食品安全管制系統之監測計畫內容，以下何者並不包括？,方法,頻率,確認人員,監測項目,C,,第二次
110,2021/11/20,食品品保初級工程師,食品品保概論,34,食品所含全穀成分佔配方總重量百分之多少以上，始可以全穀產品宣稱？,31%,41%,51%,61%,C,,第二次
110,2021/11/20,食品品保初級工程師,食品品保概論,35,食品的有效期限之訂定是：,由政府訂定,由業者訂定,由消費者訂定,由公投決定,B,,第二次
110,2021/11/20,食品品保初級工程師,食品品保概論,36,食品衛生標準的屬性是：,強制性標準,自願性標準,業者自主標準,消費者標準,A,,第二次
110,2021/11/20,食品品保初級工程師,食品品保概論,37,行政院食品安全會報的召集人是？,院長,副院長,秘書長,食安辦公室主任,A,,第二次
110,2021/11/20,食品品保初級工程師,食品品保概論,38,自國外進口基因改造黃豆加工時，若發現？,"直接使用基因改造黃豆製作沙拉油，油中已不含轉殖基因片段或轉殖蛋白質，沙拉
油包裝上不須標示基因改造相關規定之字樣","直接使用基因改造黃豆製作沙拉油，油中已不含轉殖基因片段或轉殖蛋白質，以此
沙拉油製成之餅乾，包裝上不須標示基因改造相關規定之字樣","直接使用基因改造黃豆製作豆漿，豆漿中不含轉殖基因片段或轉殖蛋白質，製成之
豆腐包裝上不須標示基因改造相關規定之字樣","直接使用基因改造黃豆製作豆腐，豆腐已不含轉殖基因片段或轉殖蛋白質，以此豆
腐製成之麻婆豆腐調理包，包裝上不須標示基因改造相關規定之字樣",B,,第二次
110,2021/11/20,食品品保初級工程師,食品品保概論,39,某工廠在成品檢驗發現塑化劑汙染，經查證後其汙染源不太可能來自下列哪一項？,原料帶入,製程作業汙染,設備汙染,外包塑膠收縮膜汙染,D,,第二次
110,2021/11/20,食品品保初級工程師,食品品保概論,40,在實施食品及其相關產品追溯追蹤時，下列各敘述中何者最正確：,"從事以黃豆為主要原料，且提供最終產品主要特性之豆腐、豆花、豆皮、豆乾、豆
奶（豆漿）、發酵黃豆製品、發酵豆乾製品、醬油、黃豆蛋白質製品、大豆粉或餅製
品等產品製造之業者，屬於納管之「黃豆」製造、加工、調配業者","從事蛋糕、美乃滋、含蛋沙拉等產品製造之業者，屬於納管之「蛋製品」製造、加
工、調配業者","從事蘋果醋、桑椹醋、蔓越莓醋等醋飲料產品製造之業者，屬於納管之「食用醋」
製品之製造、加工、調配業者","從事玉米澱粉、樹薯澱粉、澱粉衍生物（如修飾澱粉及澱粉水解物）等產品製造之
業者，屬於納管之「澱粉」製造、加工、調配業者",A,,第二次
110,2021/11/20,食品品保初級工程師,食品品保概論,41,"食品添加物品牌商（甲）向供應商（乙）訂購屬於食品添加物之原料，並由 供應商（乙）
直接運到代工廠（丙）進行加工，再寄回品牌商（甲），由品牌商（甲）出貨販售，請問
何者須上傳非追不可系統？",甲，乙,乙，丙,甲，丙,甲，乙，丙,B,,第二次
110,2021/11/20,食品品保初級工程師,食品品保概論,42,依基因改造食品標示規定，下列敘述何者正確？,甜菜目前非為我國查驗登記許可使用的基因改造食品原料,"直接使用基因改造黃豆製成的醬油製品，已不含轉殖基因片段或轉殖蛋白質，但仍
須標示基因改造相關規定之字樣",含來源為基因改造食品原料油品所調製之調合油不須標示,含來源為基因改造食品原料油品所調製之調味料用油品仍須標示,B,,第二次
110,2021/11/20,食品品保初級工程師,食品品保概論,43,"某工廠生產之魚鬆有3 個供應商來源，請問進行追溯追蹤作業時，下列哪方面無
法獲得相關訊息？",採購單,入庫單,驗收報告,供應商名單,ABCD,,第二次
110,2021/11/20,食品品保初級工程師,食品品保概論,44,"符合公告規模之餐盒食品製造、加工、調配業者以書面或電子建立之追溯追蹤系統，記載
以下什麼資訊較不適合？",原材料資訊,產品流向資訊,消費數量,製造之相關資料,C,,第二次
110,2021/11/20,食品品保初級工程師,食品品保概論,45,"下列哪株菌種會產生對熱穩定性高的毒素，一旦毒素已經產生，加熱處理（包括高溫滅菌）
也無法消除毒性，所以在每個加工步驟中時間溫度控制都列為必須執行的項目？",金黃色葡萄球菌,沙門氏桿菌,腸炎弧菌,李斯特菌,A,,第二次
110,2021/11/20,食品品保初級工程師,食品品保概論,46,原料中含有較高組織胺，其所代表的意義，下列何者不正確？,表示原料較不新鮮,經油炸後，安全無虞,鯖科魚類含量較高,一般認為含量100 mg%以上會造成中毒,B,,第二次
110,2021/11/20,食品品保初級工程師,食品品保概論,47,下列包裝食品，哪種不必標示警語？,苦橙,雪蓮組織萃取物,印度仙人掌,奇異果種子,D,,第二次
110,2021/11/20,食品品保初級工程師,食品品保概論,48,控制即食性沙拉用生菜產品之病原菌生長的方法，下列哪個方法比較不適當？,原料適當清洗降低微生物之菌數,使用調氣包裝,控制適當冷藏溫度,調整產品的酸度及pH 值,D,,第二次
110,2021/11/20,食品品保初級工程師,食品品保概論,49,下列有關HACCP 制度落實與管理精神之敘述，下列何者不是主要目的？,提升廠商合作,源頭管理,衛生自主管理,產品責任保證,A,,第二次
110,2021/11/20,食品品保初級工程師,食品品保概論,50,有關HACCP 管制小組成員之敘述，下列何者錯誤？,"HACCP 管制小組成員至少三人，由品保、生產、衛生管理人員及其他幹部人員組
成","至少一人應為食品業者專門職業人員或技術證照人員設置及管理辦法規定之專門職
業人員","管制小組成員應曾接受中央主管機關認可之食品安全管制系統訓練機關（構）辦理
之相關關課程至少30 小時，並領有合格證明書","管制小組成員從業期間應持續接受訓練機關（構）辦理與本系統有關之課程，每三
年累計至少12 小時",A,,第二次
110,2021/11/20,食品品保初級工程師,食品品保概論,51,包裝食品營養標示之熱量及營養素，得以「0」標示之條件，下列何者錯誤？,"飽和脂肪：該食品每100 公克之固體（半固體）或每100 毫升之液體所含該營養素
量不超過0.1 公克","鈉：該食品每100 公克之固體（半固體）或每100 毫升之液體所含該營養素量不超
過0.5 毫克","糖：該食品每100 公克之固體（半固體）或每100 毫升之液體所含該營養素量不超
過0.5 公克","熱量：該食品每100 公克之固體（半固體）或每100 毫升之液體所含該營養素量不
超過4 大卡",B,,第二次
110,2021/11/20,食品品保初級工程師,食品品保概論,52,有關「食品及其相關產品追溯追蹤系統管理辦法」之適用性敘述，下列何者錯誤？,確認業者追溯追蹤系統紀錄之主管機關為直轄市、縣（市）衛生局,"食品業者若規避、妨礙或拒絕主管機關查核，可處新臺幣3 萬元以上300 萬元以下
罰鍰",如產品直接銷售至消費者，則不須記錄產品流向資訊,如產品作為樣品或贈品提供給客戶，則非屬販賣出貨行為，不須紀錄產品流向資訊,D,,第二次
110,2021/11/20,食品品保初級工程師,食品品保概論,53,有關冷凍肉解凍過程中應注意事項，下列何者較不正確？,最好提前將冷凍肉放在冷藏室解凍,如果臨時需要解凍，可用微波解凍,用薄塑膠袋包裹後，室溫解凍,可以浸泡或流水快速解凍,CD,,第二次
110,2021/11/20,食品品保初級工程師,食品品保概論,54,"以食品添加物醋酸或冰醋酸之稀釋液，添加糖類、酸味劑、調味劑及食鹽等製成之調味液，
或以此調味液添加釀造食醋混合而成之合成食醋，應於包裝標明下列何種字樣？",水解,速成,調理,合成,D,,第二次
110,2021/11/20,食品品保初級工程師,食品品保概論,55,"某飲料工廠生產蔓越莓葡萄汁，其中蔓越莓含量占總果汁含量5%，葡萄汁含量佔總果汁
含量3%，其標示何者敘述有誤？",品名不可標示為蔓越莓葡萄汁,不可標示為綜合果汁,可標示為綜合果汁或等同意義字句,以上皆非,C,,第二次
110,2021/11/20,食品品保初級工程師,食品品保概論,56,"某工廠生產製造奶精產品，於標示上註明非乳為主，請問其中的乳含量多少以下為適當，
以符合標示要求？",乳含量為0,乳含量50%以下,乳含量75%以下,以上皆非,B,,第二次
110,2021/11/20,食品品保初級工程師,食品品保概論,57,某乳品廠生乳來源為10 家酪農戶，請問其在追蹤追溯作業管理，何者為恰當之描述？,"該10 家酪農戶生產均為生乳，故於進乳品廠驗收時，工廠之追蹤追溯作業可記錄為
總計1 筆資料","該10 家酪農戶生產之生乳，於進行追蹤追溯作業時，由於需要明確確認來源，故需
要分開進廠，分開生產","該10 家酪農戶生產之生乳，需要於追蹤追溯紀錄上明確知道為哪10 家酪農戶，但
可裝載於同一乳車進廠，混合後生產",以上皆非,C,,第二次
110,2021/11/20,食品品保初級工程師,食品品保概論,58,"某食品加工廠生產含過敏原的豬肉貢丸與不含過敏原的豬肉貢丸，依據目前的法規要求，
下列敘述何者恰當？",不管含不含過敏原，豬肉貢丸以同一條生產線生產，故均需標示過敏原,不含過敏原之豬肉貢丸也要強制標示方符合法規要求,含過敏原之貢丸要強制標示，不含過敏原之貢丸因為在同一生產線生產，故建議標示,以上皆是,C,,第二次
110,2021/11/20,食品品保初級工程師,食品品保概論,59,"某工廠生產礦泉水產品，品管人員於年度檢驗時發現水源被汙染造成鉛含量超標，下列敘
述何者最適當？",水源可以生產，因為後續RO（逆滲透）處理，可以除去水含量的鉛,水源可以生產，因為水處理時會通過活性碳，可以吸附重金屬,水源不可以生產，因為水源中鉛含量已超過標準,以上皆非,C,,第二次
110,2021/11/20,食品品保初級工程師,食品品保概論,60,有關輸入食品之追溯追蹤，下列各敘述中何者不正確？,"國外總公司產製之食品出貨給我國分公司，我國分公司仍應建立其本身之追溯追蹤
系統相關資訊並電子化上傳","輸入貨品分類號列尚未列在各公告輸入業別之範圍內，即非屬需建立追溯追蹤系統
輸入業者之範圍","某一「醬油」輸入業者之進口產品，經核係屬貨品分類號列中屬於「黃豆製品」類
別中之一號列「2103.10.90.00-1 其他醬油」，即使業者證明其產品並非使用黃豆製成
的，該產品仍應建立其「黃豆製品」類別追溯追蹤系統並上傳至「食品追溯追蹤管
理資訊系統（非追不可）」","輸入食品業者輸入之產品為非供販賣，且其金額、數量符合中央主管機關公告之規
定，則該批輸入之產品得免申請查驗，亦無需辦理食品追溯追蹤",C,,第二次
110,2021/11/20,食品品保初級工程師,食品品保概論,61,下列哪一項溶劑為法規准許使用之加工助劑？,丙二醇,戊醇,丁酮,甲酸,A,,第二次
110,2021/11/20,食品品保初級工程師,食品品保概論,62,食品業者應投保產品責任險的法源依據是？,消費者保護法,糧食管理法,全民健康保險法,食品安全衛生管理法,D,,第二次
110,2021/11/20,食品品保初級工程師,食品品保概論,63,"食品及食品原料之容器或外包裝標示食品添加物名稱時，下列哪些食品添加物類別應同時
標示其功能性名稱？",殺菌劑,保色劑,甜味劑,營養添加劑,C,,第二次
110,2021/11/20,食品品保初級工程師,食品品保概論,64,下列何者不屬於食品良好衛生規範準則的一環？,廠區及環境衛生管理標準作業程序,良好衛生管理標準作業程序,倉儲管理標準作業程序,營運提升標準作業程序,D,,第二次
110,2021/11/20,食品品保初級工程師,食品品保概論,65,我國包裝食品營養標示的熱量單位是？,卡,大卡,千焦耳,焦耳,B,,第二次
110,2021/11/20,食品品保初級工程師,食品品保概論,66,肉圓、黑輪為了增加Q 彈口感，久煮不爛，以往常被違法添加的物質為何？,糊化澱粉,羥丙基磷酸二澱粉,順丁烯二酸酐澱粉,丁二醯化甘油二澱粉,C,,第二次
111,2022/5/21,食品品保初級工程師,食品科學概論,1,在傳統式醬油釀造過程中，下列那一種微生物的生長最不具正面貢獻？,酵母菌,青黴菌,麴菌,乳酸菌,B,,第一次
111,2022/5/21,食品品保初級工程師,食品科學概論,2,魚丸製品的黏彈性與何種蛋白質的溶出最有關係？,膠原蛋白,彈力蛋白（Elastin）,鹽溶性蛋白,基質蛋白,C,,第一次
111,2022/5/21,食品品保初級工程師,食品科學概論,3,冰淇淋製程中的凍結硬化（hardening），通常在何種溫度範圍下進行？,-30℃~-45℃,-80℃~-90℃,-5℃~-10℃,-10℃~-20℃,A,,第一次
111,2022/5/21,食品品保初級工程師,食品科學概論,4,市售果醬產品製作過程，最常使用下列何種方法進行濃縮？,常壓加熱濃縮,減壓加熱濃縮,冷凍濃縮,膜過濾濃縮,A,,第一次
111,2022/5/21,食品品保初級工程師,食品科學概論,5,有關氣體充填之敘述，下列何者不正確？,牛奶充填氧氣可保新鮮,氮氣是空氣中含量最多的氣體,食品包裝中充氮氣可防止變質,生產碳酸飲料，壓力大時二氧化碳溶解度較高,A,,第一次
111,2022/5/21,食品品保初級工程師,食品科學概論,6,下列何者不是欄柵技術之管制點？,溫度,pH 值,包材類型,水活性（AW）,C,,第一次
111,2022/5/21,食品品保初級工程師,食品科學概論,7,下列何種乾燥法屬於減壓乾燥？,泡沫式乾燥法,微波加熱乾燥法,冷凍乾燥法,擠壓乾燥法,C,,第一次
111,2022/5/21,食品品保初級工程師,食品科學概論,8,有關微生物D 值之敘述，下列何者正確？,就同一種微生物而言，其D 值與殺菌溫度無關,就不同種微生物而言，在相同殺菌溫度下，D 值愈大者，其耐熱性愈小,就同一種微生物而言，殺菌溫度愈高，其D 值愈小,就不同種微生物而言，D 值愈大者，其耐熱性就愈大，與殺菌溫度無關,C,,第一次
111,2022/5/21,食品品保初級工程師,食品科學概論,9,有關釀造醋加工之醋化過程，下列敘述何者正確？,接入醋酸菌後，約7-10 天可看到醋膜產生,醋膜的厚薄與醋酸菌的種類有關,醋膜的厚薄與發酵速率有關,在靜置醋化的過程中，應盡可能將醋膜打破，以加速醋化速度,B,,第一次
111,2022/5/21,食品品保初級工程師,食品科學概論,10,"食品營養標示的規範，碳水化合物（醣類）與糖和膳食纖維間的關係，下列敘述何者不
正確？",碳水化合物（醣類）等於糖和膳食纖維的總和,碳水化合物（醣類）大於或等於糖和膳食纖維的總和,膳食纖維屬於碳水化合物（醣類）,總糖量小於或等於碳水化合物（醣類）,A,,第一次
111,2022/5/21,食品品保初級工程師,食品科學概論,11,為防止凍結液態蛋在解凍後蛋黃會失去流動性，可在凍結前添加下列何種化合物？,澱粉,砂糖,檸檬酸,蘋果酸,B,,第一次
111,2022/5/21,食品品保初級工程師,食品科學概論,12,當食品進行冷凍處理時，冷凍曲線之最大冰晶生成帶溫度大約發生在：,3~4℃,0~2℃,-1~-5℃,-6~-10℃,C,,第一次
111,2022/5/21,食品品保初級工程師,食品科學概論,13,「冬化（winterization）」是製造下列那種油脂的一個常見步驟？,烤酥油,硬化油,沙拉油,人造乳酪,C,,第一次
111,2022/5/21,食品品保初級工程師,食品科學概論,14,下列無菌加工常使用之流體殺菌設備，何者屬於直接加熱式熱交換殺菌法？,板式熱交換機,管式熱交換機,刮面式熱交換機,蒸氣注入式熱交換機,D,,第一次
111,2022/5/21,食品品保初級工程師,食品科學概論,15,巴斯德殺菌法可完全殺滅食品中的：,結核菌、病原性葡萄球菌和溶血性鏈球菌,結核菌、肉毒桿菌和溶血性鏈球菌,結核菌、腐敗菌和病原性葡萄球菌,病原菌、毒素產生菌、腐敗菌,A,,第一次
111,2022/5/21,食品品保初級工程師,食品科學概論,16,下列有關醬油加工之敘述，何者正確？,"酸水解法醬油（化學醬油）食用上的爭議，主在於製程使用鹽酸，而有鹽酸殘留的
疑慮",釀造醬油係以植物性蛋白質為原料並經微生物發酵熟成而製得,依照我國現行標準，醬油製品之3-單氯丙二醇含量限量標準為100 ppm,"酸水解法醬油製程中，原料會被分解成胺基酸、醛、酮或有機酸混合水解液，具有
製品香甘醇且製程快速的優點",B,,第一次
111,2022/5/21,食品品保初級工程師,食品科學概論,17,傳統鳳片糕產品之主要原料為：,小麥,蓬萊米,糯米,小米,C,,第一次
111,2022/5/21,食品品保初級工程師,食品科學概論,18,傳統米粉絲（rice noodle）產品之主要原料為：,秈米,蓬萊米,糯米,越光米,A,,第一次
111,2022/5/21,食品品保初級工程師,食品科學概論,19,近年食用油常見的食安問題，其主因為下列何者？,冬化處理不全,硫化物含量超標,劣質油品混充販售,油脂產品供應短缺,C,,第一次
111,2022/5/21,食品品保初級工程師,食品科學概論,20,製作發酵麵食時，添加下列何者成分對麵糰發酵之情形較無影響？,鹽,糖,油脂,酵母粉,C,,第一次
111,2022/5/21,食品品保初級工程師,食品科學概論,21,下列何者不屬於間接加熱型熱交換？,二重鍋,板式熱交換,加壓殺菌釜,旋轉/刮板式熱交換,C,,第一次
111,2022/5/21,食品品保初級工程師,食品科學概論,22,執行生菌數之檢驗，樣品為冷凍貢丸時，以下前處理過程何者為正確？,樣品置於25℃室溫解凍4 小時後，以0.1%蛋白腖稀釋液進行稀釋,樣品置於4℃冷藏解凍16 小時後，以生理食鹽水進行稀釋,樣品置於4℃冷藏解凍16 小時後，以0.1%蛋白腖稀釋液進行稀釋,樣品置微波爐開至大火解凍2 分鐘後，以0.1%蛋白腖稀釋液進行稀釋,C,,第一次
111,2022/5/21,食品品保初級工程師,食品科學概論,23,下列何者為食品遭受汙染之指標微生物？,大腸桿菌,金黃色葡萄球菌,酵母菌,肉毒桿菌,A,,第一次
111,2022/5/21,食品品保初級工程師,食品科學概論,24,右圖為何種食品中毒病原菌？,沙門氏菌,大腸桿菌,李斯特菌,肉毒桿菌,D,,第一次
111,2022/5/21,食品品保初級工程師,食品科學概論,25,毒素型食物中毒原因菌為金黃色葡萄球菌與肉毒桿菌，下列敘述何者錯誤？,金黃色葡萄球菌之腸毒素，毒性不強，致死率甚低,嬰幼兒若攝取到蜂蜜中所含的肉毒桿菌孢子，則可能引起嬰兒肉毒桿菌症,肉毒桿菌毒素在121℃高溫下具有毒性,皮膚有傷口之烹調或原料處理工作人員為金黃色葡萄球菌常見的傳播方式,C,,第一次
111,2022/5/21,食品品保初級工程師,食品科學概論,26,"飯糰檢體取50 g 並以適當均質液均質後，得10-1 稀釋檢液，再以此進行連續10 倍稀釋，
最後以塗抹平板法分析菌數，平板上所得菌落數如下：
稀釋倍數
菌落數
10-1
5,3
10-2
0,0
10-3
0,0
10-4
0,0
請問檢體的總菌數表示為：",4 × 101 CFU/g,4 × 101 CFU/mL*,4 × 101 CFU/mL,4 × 101 CFU/g*,D,,第一次
111,2022/5/21,食品品保初級工程師,食品科學概論,27,"執行微生物檢驗時，如遇布丁、煉乳、海苔醬等凝態及濃稠液態檢體，應如何進行樣品前
處理？",直接取樣進行均質及序列稀釋,經攪拌均勻取樣進行均質及序列稀釋,分切成小塊後取樣進行均質及序列稀釋,解凍後取樣進行均質及序列稀釋,B,,第一次
111,2022/5/21,食品品保初級工程師,食品科學概論,28,執行微生物檢驗時，樣品前處理之步驟，下列何者錯誤？,固態檢體切碎混合均勻後再行均質與稀釋,冷凍樣品需進行解凍程序,食用冰塊、冰棒等冰類製品需進行解凍程序再進行取樣,粉狀、粒狀或其他易於粉碎之檢體需經粉碎後再行稀釋,C,,第一次
111,2022/5/21,食品品保初級工程師,食品科學概論,29,液體培養基之pH 值測定值，應與表準值差異在pH 值多少範圍才可允收？,±0.1,±0.2,±0.5,±0.8,B,,第一次
111,2022/5/21,食品品保初級工程師,食品科學概論,30,預防沙門氏菌食物中毒的方法，下列何者不正確？,未即時食用之食品於下次食用前，應再度加熱,生食及熟食所使用之容器、刀具、砧板應分開,食品烹調處理之工作人員在工作前或如廁後，應以肥皂洗手,調理場所避免老鼠、蒼蠅及蟑螂等病媒汙染，狗、貓則無須強制管制,D,,第一次
111,2022/5/21,食品品保初級工程師,食品科學概論,31,預防金黃色葡萄球菌食物中毒的方法，下列做法何者錯誤？,烹調或原料處理之工作人員若有咽喉發炎時，應戴口罩,食品或其原料之保存應放置於低溫（5℃以下）冷藏，並儘量縮短保存時間,烹調人員嚐味時應有單獨的湯瓢或器具,皮膚有化膿之傷口的烹調或原料處理之工作人員，應暫時調離工作崗位,A,,第一次
111,2022/5/21,食品品保初級工程師,食品科學概論,32,有關大腸桿菌O157：H7 之敘述，下列何者正確？,雞肉為其重要媒介食物,O 抗原指的是體抗原，H 抗原為鞭毛抗原,為腸侵入型大腸桿菌,品管時當作指標微生物,B,,第一次
111,2022/5/21,食品品保初級工程師,食品科學概論,33,下列產品中，何者發生肉毒桿菌中毒機率較低？,生肉醃製產品,草莓果醬,殺菌不完全的罐頭食品,未添加亞硝酸鹽的香腸製品,B,,第一次
111,2022/5/21,食品品保初級工程師,食品科學概論,34,有關適合黴菌的生存條件，下列敘述何者錯誤？,有氧或無氧環境皆可生長,水分含量達13%以上,相對濕度在80%以上,溫度範圍在10~45℃之間,A,,第一次
111,2022/5/21,食品品保初級工程師,食品科學概論,35,食品微生物之檢驗方法－黴菌及酵母菌數之檢驗中，各稀釋檢液至少需做多少重複？,二重複,三重複,五重複,十重複,B,,第一次
111,2022/5/21,食品品保初級工程師,食品科學概論,36,"依衛生福利部公告之食品微生物之檢驗方法－生菌數之檢驗中要求，微生物檢驗之工作
環境為：工作平台須寬敞、潔淨、光線良好，操作平台光度為100 呎燭光以上，密閉室內
換氣良好，儘可能沒有灰塵及流動空氣。每15 分鐘落菌數不得超過：",15 CFU/培養皿,30 CFU/培養皿,150 CFU/培養皿,300 CFU/培養皿,A,,第一次
111,2022/5/21,食品品保初級工程師,食品科學概論,37,右圖為何種食品中毒病原菌？,沙門氏菌,金黃色葡萄球菌,李斯特菌,諾羅病毒,B,,第一次
111,2022/5/21,食品品保初級工程師,食品科學概論,38,食物中毒的分類不包括下列何者？,類過敏症,寄生蟲,化學性,細菌性,B,,第一次
111,2022/5/21,食品品保初級工程師,食品科學概論,39,下列何者是最不可能經由食物或飲用水傳染的「病毒」？,冠狀病毒,諾羅病毒,星狀病毒,A 型肝炎病毒,A,,第一次
111,2022/5/21,食品品保初級工程師,食品科學概論,40,下列何者不是食品衛生指標菌？,Aspergillus,Coliform,Enterococci,Escherichia coli,A,,第一次
111,2022/5/21,食品品保初級工程師,食品科學概論,41,有關油脂的品質鑑定，下列敘述何者正確？,AOM 值越大，有利油脂的保存,POV 值越大，表示油品品質越佳,CV 值越大，表示油品品質越佳,TBA 值越大，表示油品品質越佳,A,,第一次
111,2022/5/21,食品品保初級工程師,食品科學概論,42,下列何種糖的甜度最高？,葡萄糖,乳糖,蔗糖,果糖,D,,第一次
111,2022/5/21,食品品保初級工程師,食品科學概論,43,氣相層析儀若無法以滯留時間鑑定成分時，則下列何種設備最常作為成分判定工具？,揮發性光散射偵測器（ELSD）,紫外線檢測器（UV-detector）,質譜儀（MS spectrum）,紅外線光譜儀（RI detector）,C,,第一次
111,2022/5/21,食品品保初級工程師,食品科學概論,44,我國合法食品添加物中品項最少的為哪一類？,殺菌劑,保色劑,膨脹劑,抗氧化劑,A,,第一次
111,2022/5/21,食品品保初級工程師,食品科學概論,45,相同的加工及貯存條件下，下列何者最容易氧化？,魚油,大豆油,橄欖油,椰子油,A,,第一次
111,2022/5/21,食品品保初級工程師,食品科學概論,46,色澤鮮豔，中～鹼性環境下不安定的天然色素為何？,胡蘿蔔素,番茄紅素,甜菜苷,花青素,D,,第一次
111,2022/5/21,食品品保初級工程師,食品科學概論,47,五辛植物不包括：,大蒜,洋蔥,辣椒,韭菜,C,,第一次
111,2022/5/21,食品品保初級工程師,食品科學概論,48,"在大腸桿菌之鑑定試驗中，使用巴利特氏試劑 （Barritt’s reagent） 的，是用來測試大腸
桿菌之何種試驗？",吲哚試驗（Indole test）,甲基紅試驗（Methyl red test）,歐普氏試驗（Voges Proskauer test）,檸檬酸鹽利用性試驗（Citrate utilization test）,C,,第一次
111,2022/5/21,食品品保初級工程師,食品科學概論,49,"澱粉酶包括α-澱粉酶（α-amylase、A）、β-澱粉酶（β-amylase，B）、葡萄糖澱粉酶
（glucoamylase，C）、枝切澱粉酶（pullulanase，D）及異澱粉酶（isoamylase，E）等，
下列敘述何者錯誤？",製造高果糖糖漿需用到ABCE,烘焙製品經常添加AC，增加葡萄糖產量，以加深麵包表皮的棕色色澤,高麥芽糖主要利用ABD 製造,啤酒在製醪過程需添加CDE，以提高水解率，充分轉換成可發酵糖,D,,第一次
111,2022/5/21,食品品保初級工程師,食品科學概論,50,下列有關澱粉糊化的敘述，何者錯誤？,水分充分時，澱粉的糊化溫度較低，水分不足時，糊化溫度會上升,酸或鹼都能促進澱粉的糊化,高濃度的糖會競爭澱粉糊化所需的水分，導致糊化溫度降低,單酸甘油酯的脂肪酸容易與直鏈澱粉形成α-螺旋複合物，可避免澱粉過度糊化,C,,第一次
111,2022/5/21,食品品保初級工程師,食品科學概論,51,檢測大腸桿菌（E. coli）時，若是大腸桿菌陽性，其檢測結果下列何者正確？,IMViC 為＋＋－－,革蘭氏染色陽性,EC broth 不產氣,LST broth 不產氣,A,,第一次
111,2022/5/21,食品品保初級工程師,食品科學概論,52,有關金黃色葡萄球菌（Staphylococcus aureus）之敘述，下列何者錯誤？,屬於毒素型食品中毒菌,水活性可耐至0.85,可經由化膿的傷口汙染,會形成芽孢,D,,第一次
111,2022/5/21,食品品保初級工程師,食品科學概論,53,下列何種天然色素的組成單元為異戊二烯？,花青素,葉綠素,肌紅素,類胡蘿蔔素,D,,第一次
111,2022/5/21,食品品保初級工程師,食品科學概論,54,利用氧化還原法測定鈣含量時，需先形成何種化合物沉澱？,碳酸鈣,磷酸鈣,硫酸鈣,草酸鈣,D,,第一次
111,2022/5/21,食品品保初級工程師,食品科學概論,55,金針以二氧化硫煙燻的主要目的在於抑制下列何種酵素的作用？,過氧化酶（peroxidase）,脂肪加氧酶（lipoxygenase）,超氧歧化酶（superoxide dismutase）,多酚氧化酶（polyphenol oxidase）,D,,第一次
111,2022/5/21,食品品保初級工程師,食品科學概論,56,下列何者不屬於微生物膠？,三仙膠（Xanthan gum）,卡德蘭膠（Curdlan）,阿拉伯膠（Gum Arabic）,結蘭膠（Gellan gum）,C,,第一次
111,2022/5/21,食品品保初級工程師,食品科學概論,57,成熟香蕉和鳳梨的主要香氣成分為：,醇類化合物,醛類化合物,酯類化合物,萜烯類化合物（terpenoid）,C,,第一次
111,2022/5/21,食品品保初級工程師,食品科學概論,58,下列何種鍵結為構成蛋白質二級結構的主要鍵結？,凡得瓦爾力,疏水鍵,離子鍵,氫鍵,D,,第一次
111,2022/5/21,食品品保初級工程師,食品科學概論,59,下列食用油脂中，哪一種發煙點最高？,花生油,玉米油,大豆油,烤酥油,C,,第一次
111,2022/5/21,食品品保初級工程師,食品科學概論,60,福菜為一個客家習俗的重要醃漬品，其製程在醃製時，需要調整原料的水分含量到：,20-24%,25-30%,40-45%,50-55%,C,,第一次
111,2022/5/21,食品品保初級工程師,食品科學概論,61,依據GMP 法規規定，飲用水質微生物之檢驗標準，下述何者正確？,總生菌數50 CFU/ml，大腸桿菌群6 MPN/100 ml,總生菌數100 CFU/ml，大腸桿菌群6 MPN/100 ml,總生菌數100 CFU/ml，大腸桿菌群12 MPN/100 ml,總生菌數200 CFU/ml，大腸桿菌群3 MPN/100 ml,B,,第一次
111,2022/5/21,食品品保初級工程師,食品科學概論,62,"以毛細管氣相層析法測定食用油之脂肪酸組成，通常先進行皂化反應，將甘油酯水解成脂
肪酸，再進行何種衍生化以利氣相層析儀分析？",離子化（Ionization）,甲基酯化（Methylation）,矽烷化（Silanization）,乙醯化（Acetylation）,B,,第一次
111,2022/5/21,食品品保初級工程師,食品科學概論,63,"利用高壓空氣，由粒狀或粉狀材料層的下部送入熱空氣，使食品原料成流動狀，加速熱風
與食品間之熱傳導狀態而進行乾燥的裝置，稱為：",氣流乾燥機,泡沫乾燥機,流動床乾燥機,噴霧乾燥機,C,,第一次
111,2022/5/21,食品品保初級工程師,食品科學概論,64,"下列何者為市售無菌加工牛乳常用的「超高溫瞬間殺菌（ultra-high temperature sterilization）」
條件？",63℃、1 小時,70℃、30 分鐘,100℃、5 分鐘,140℃、5 秒鐘,D,,第一次
111,2022/5/21,食品品保初級工程師,食品科學概論,65,蛋類在食品加工上被應用許多，請問冰淇淋、巧克力最常利用蛋中的那一部分？,三酸甘油酯,磷脂質,卵白蛋白,膽固醇,B,,第一次
111,2022/5/21,食品品保初級工程師,食品科學概論,66,下列病原菌何者屬於革蘭氏陽性菌（Gram-Positive）？,酵母菌（Saccharomyces cerevisiae）,腸炎弧菌（Vibrio parahaemolyticus）,沙門氏桿菌（Salmonella spp.）,金黃色葡萄球菌（Staphylococcus aureus）,D,,第一次
111,2022/5/21,食品品保初級工程師,食品品保概論,1,依我國相關規範，下列何種物質可用於鮮果及果菜之外皮作為農藥？,己二烯酸鉀,對羥苯甲酸異丁酯,聯苯,乳酸鏈球菌素,B,,第一次
111,2022/5/21,食品品保初級工程師,食品品保概論,2,"食品原料經進料檢驗合格，但在生產時發生不良率偏高進而實施再檢驗，請問此再檢驗之
費用應屬於？",預防成本,內部失敗成本,外部失敗成本,鑑定成本,B,,第一次
111,2022/5/21,食品品保初級工程師,食品品保概論,3,"透過管理系統（如ISO 9001、ISO 22000）的建立，有助於公司達到預期結果並滿足客戶
需求，一般所謂的認證（Accreditation）或驗證（Certification）於產品上之宣傳，以下何
者使用正確？",本產品通過ISO 22000 驗證,本產品通過ISO 22000 認證,本公司通過ISO 22000 認證,本公司通過ISO 22000 驗證,D,,第一次
111,2022/5/21,食品品保初級工程師,食品品保概論,4,"全球食品安全倡議（GFSI）認可的驗證方案中，為了與國際接軌，符合國際市場通路要
求，FSSC22000 是食品業者申請最多的驗證方案，請問下列敘述何者有誤？",申請者必須執行ISO22000 要求,申請者必須執行ISO/TS22002 系列要求,申請者必須執行ISO17025 要求,申請者必須執行FSSC22000 附加要求,C,,第一次
111,2022/5/21,食品品保初級工程師,食品品保概論,5,日本推動製造業數位轉型政策，最著重的技術為？,人工智慧、物聯網,資訊安全,人才培育,以上皆非,A,,第一次
111,2022/5/21,食品品保初級工程師,食品品保概論,6,工廠管理勞工時，可參考馬斯洛人性需求理論進行管理，下列配對何者有誤？,理想的工作環境－安全需要,人性管理的方式－被尊重的需要,合理的待遇－社會需要,前途發展有樂觀的機會－自我實現需要,C,,第一次
111,2022/5/21,食品品保初級工程師,食品品保概論,7,"在食品產業的經營上，儘早讓消費者的現金『落袋為安』，亦即先收取現金，有利於企業
資金現金流的增加，亦適用於維持消費者的忠誠度。下列有關「分批取貨」商業模式之敘
述何者有誤？",超商的咖啡寄杯模式就是一種形式,消費者可以趁促銷折扣期獲得優惠,通路業者可以藉此有效預估備貨量,"餐飲外送平台如UBER EATS, FOOD PANDA 均為箇中翹楚",D,,第一次
111,2022/5/21,食品品保初級工程師,食品品保概論,8,"食品安全管制系統準則，第七條「管制小組應對每一重要管制點建立管制界限，並進行驗
效」。若您為罐頭工廠之品保人員，下列何者可定義為驗效？",內部稽核,儀器校正,追蹤追溯,熱穿透報告,D,,第一次
111,2022/5/21,食品品保初級工程師,食品品保概論,9,一般製作管制圖時，縱軸為製品的品質特性數據變化，下列何者不是橫軸製作時的品項？,製品之群體號碼,製品材料之驗證碼,製造年月日,製作時間程序,B,,第一次
111,2022/5/21,食品品保初級工程師,食品品保概論,10,"某工廠之維生素C 飲料，未申請健康食品，標榜對人體有益，下列敘述哪一項最符合
法規？",產品標示上不出現健康字樣，但可進行營養標示含量及宣稱促進膠原蛋白形成,產品標示品名可以出現健康飲料之字樣,品名無健康字樣，但是可以宣稱該飲料對人體健康,品名無健康字樣，亦無宣稱對人體健康，僅於空白處放入健康2 字,A,,第一次
111,2022/5/21,食品品保初級工程師,食品品保概論,11,"包裝食品營養標示應遵行事項之要求，納入嬰兒與較大嬰兒配方食品及特定疾病配方食
品營養標示規定，下列敘述何者正確？",嬰兒配方食品之營養標示脂肪項，列出脂肪、飽和脂肪及反式脂肪3 項,較大嬰兒配方食品之營養標示脂肪項，列出脂肪、飽和脂肪及反式脂肪3 項,特定疾病配方食品之營養標示脂肪項，列出脂肪、飽和脂肪及反式脂肪3 項,以上皆非,C,,第一次
111,2022/5/21,食品品保初級工程師,食品品保概論,12,為因應肉品中瘦肉精事件，目前我國衛福部法規對於瘦肉精之規範為：,一律不得檢出,美國進口豬隻不得檢出,可以檢出，須符合殘留量標準,係指萊克多巴胺不得檢出,C,,第一次
111,2022/5/21,食品品保初級工程師,食品品保概論,13,食品工廠之食品安全文化的具體呈現是？,公告食品安全政策,員工主動回報食品安全疑慮,按時參加教育訓練,準時開工生產,B,,第一次
111,2022/5/21,食品品保初級工程師,食品品保概論,14,資料（data）、資訊（information）、價值（value）的關係，下列何者正確？,資料＝資訊＝價值,資料＝資訊≠價值,資料≠資訊≠價值,資料＋資料＝資訊＝價值,C,,第一次
111,2022/5/21,食品品保初級工程師,食品品保概論,15,食品供應鏈之食品安全文化的新思維是在2018 年哪個會議公開討論發表？,WTO,FSSC,GFSI,WHO,C,,第一次
111,2022/5/21,食品品保初級工程師,食品品保概論,16,"隨著生育率的降低，台灣的人口紅利逐漸下降，所以產品外銷歐美以拓展市場是必須考量
的策略，若以美國市場為標的，境外供應商必須符合美國現代化食品法案（FSMA）的要
求，下列何者與FSMA 規則無關？",國外供應商驗證計畫（FSVP）,人類食品預防控制措施（PCQI）,自願性合格進口商計劃（VQIP）,食品安全供應鏈一般要求（ISO22000）,D,,第一次
111,2022/5/21,食品品保初級工程師,食品品保概論,17,下列何者不屬於食品添加物？,小蘇打,味精,蔗糖素,皂黃,D,,第一次
111,2022/5/21,食品品保初級工程師,食品品保概論,18,依我國現行法規規範，進口豬肝之萊克多巴胺殘留容許量為？,0.01 ppm,0.01 ppb,0.04 ppm,不得檢出,C,,第一次
111,2022/5/21,食品品保初級工程師,食品品保概論,19,依據GHP 準則，下列對於有關「油炸用油管理」之敘述，何者不正確？,總極性化合物含量達百分之二十五以上時，不得再予使用，應全部更換新油,業者如無相關檢測工具，亦得以酸價或感官特性輔助管理,以酸價試紙測試油脂品質時，應在取樣後待油脂冷卻至室溫時測試,"感官特性包括發煙點溫度低於170℃時、具油耗味、起泡面積超過油炸鍋二分之一
以上等",C,,第一次
111,2022/5/21,食品品保初級工程師,食品品保概論,20,有關管制界限與目標界限之比較，下列何者正確？,管制界限要求標準較高,目標界限有如交易規格,目標界限又稱為操作者界限,以上皆非,C,,第一次
111,2022/5/21,食品品保初級工程師,食品品保概論,21,奇異果為一般可食用水果，其種子萃取物的食用規範，下列何者正確？,可任意食用,不可食用,可食用，但要標示警語,取得許可證後可供人食用,C,,第一次
111,2022/5/21,食品品保初級工程師,食品品保概論,22,液蛋衛生標準規定不得作為其原料之殼蛋形態為：,蛋殼完整無裂㾗,裂殼蛋,破殼蛋,以上三種皆不可,C,,第一次
111,2022/5/21,食品品保初級工程師,食品品保概論,23,"依據現行「水產加工食品業應符合食品安全管制系統準則之規定」，下列何者是屬於「應
符合業者」之條件？",須辦理工廠登記，且食品從業人員二十人以上者,辦有商業登記，資本額新臺幣三千萬元以上且食品從業人員五人以上者,辦有公司登記，資本額新臺幣三千萬元以上或食品從業人員五人以上者,辦有商業登記或公司登記，資本額新臺幣一千萬元以上且食品從業人員二十人以上者,B,,第一次
111,2022/5/21,食品品保初級工程師,食品品保概論,24,業者應該跟下列哪一單位申請衛生安全管理系統驗證？,直接在中央主管機關認證之驗證機構網頁提出申請,向財團法人全國認證基金會提出申請,向食品衛生安全管理驗證資訊系統（FACS）提出申請，由FACS 擇定驗證機構,向工廠所在縣市衛生局提出申請,C,,第一次
111,2022/5/21,食品品保初級工程師,食品品保概論,25,下列何者對醬瓜罐頭（屬於酸化罐頭）之敘述是正確的？,酸化罐頭食品只能以低酸性食品為原料，調節至最終平衡pH ≤ 4.6,醬瓜罐頭水活性（Aw）< 0.85，故能保存,殺菌條件只能由中央主管機關認定具有對殺菌設備及殺菌專門知識之機構訂定之,罐頭初溫是指殺菌開始前，欲殺菌之醬瓜罐頭平均溫度,C,,第一次
111,2022/5/21,食品品保初級工程師,食品品保概論,26,食品添加物之品名、規格及其使用範圍、限量標準，須符合：,以達到預期效果之最大添加量為限制,其標準由添加物製造廠商自訂之,加工助劑不會殘留食物中，不須考慮有危害人體健康之安全衛生標準,依據國人膳食習慣為風險評估,D,,第一次
111,2022/5/21,食品品保初級工程師,食品品保概論,27,"依據食品安全衛生管理法定義，食品添加物是為食品著色、調味、防腐、漂白、乳化、增
加香味、安定品質、促進發酵、增加稠度、強化營養、防止氧化或其他必要目的，加入、
接觸於食品之單方或複方物質。故下列何者是食品添加物？",冰醋酸,醬油,蔗糖,食鹽,A,,第一次
111,2022/5/21,食品品保初級工程師,食品品保概論,28,有關食用洗潔劑之包裝，下列何者為正確？,所有原料依多寡標出,應標示主要成分之化學名稱,應標示前三種主要成分,不必標示原料名稱,B,,第一次
111,2022/5/21,食品品保初級工程師,食品品保概論,29,食品業者之設廠登記，其主管機關是：,經濟部工業局,衛生福利部食品藥物管理署,農業委員會農糧署,行政院食品安全辦公室,A,,第一次
111,2022/5/21,食品品保初級工程師,食品品保概論,30,食品業者於發現產品有下列情形之虞時，應主動通報衛生主管機關：,危害衛生安全,品質瑕疵不良,消費者糾紛,產品將漲價,A,,第一次
111,2022/5/21,食品品保初級工程師,食品品保概論,31,"假設有一位食品從業人員，不是任職的冷凍調理食品公司的負責人或其指定人員，僅擁有
下列哪一張證照，還是沒有辦法以專門職業人員（經考試院專門職業及技術人員高等考試
及格，並領有證書者），成為該公司HACCP 管制小組一員？",乙級廚師（中餐烹調乙級技術士）,食品技師,水產養殖師,獸醫師,A,,第一次
111,2022/5/21,食品品保初級工程師,食品品保概論,32,針對食品安全管制系統之內部稽核觀念，以下何者正確？,稽核人員安排時，為考量有效落實，盡量安排同一單位人員擔任該單位之稽核員,稽核重點就是找缺失，故，稽核員應像警察抓小偷一樣盤問被稽核單位,稽核就是看說寫作是否一致，故，沒說沒寫沒作也就無法開立不符合,為有效收集客觀證據，應善用看文件、看現場及詢問人等作法,D,,第一次
111,2022/5/21,食品品保初級工程師,食品品保概論,33,下列何者可使用於食用油脂之萃取，且殘留量為0.1 ppm 以下之加工助劑？,丙二醇（Propylene glycol）,乙酸乙酯（Ethyl acetate）,己烷（Hexane）,乙醇（Alcohol）,C,,第一次
111,2022/5/21,食品品保初級工程師,食品品保概論,34,有關食品添加物的使用，下列何者正確？,所有食品添加物都是不好的,依照政府規定量來使用並不會對消費者健康造成危害,市面上食品添加物大多數是會致癌的,化學合成的不好，但是天然的沒有問題,B,,第一次
111,2022/5/21,食品品保初級工程師,食品品保概論,35,食品安全衛生管理法中對於保存期限的要求是標示？,製造日期,有效日期,賞味日期,腐敗日期,B,,第一次
111,2022/5/21,食品品保初級工程師,食品品保概論,36,食品衛生標準的規範是：,行政處理點,品質區分點,健康分界點,施政亮點,A,,第一次
111,2022/5/21,食品品保初級工程師,食品品保概論,37,"有關食品標示宣傳或廣告詞句涉及誇張易生誤解或醫療效能之認定基準，下列何
者錯誤？",尚未獲得健康食品認證的魚油產品，不得標示具調節血脂的功效,「解肝毒」屬於宣稱減輕或降低導致疾病有關之體內成分，不得標示,「維生素C 促進膠原蛋白的形成，有助於傷口癒合」已涉及醫療效能，不得標示,「本草綱目」記載梅子氣味甘酸，可生津解渴述已涉及醫療效能，不得標示,CD,,第一次
111,2022/5/21,食品品保初級工程師,食品品保概論,38,包裝醬油製程標示之規定，下列何者不正確？,醬油，指以大豆、脫脂大豆、黑豆及（或）穀類等含植物性蛋白質之原料,加工方式，可添加食鹽、糖類、酒精、調味料等原料或食品添加物製成之產品,"混合二種（含）以上醬油製成者，應於包裝明顯處標示其製程「混合」或「調合」
字樣",以含植物性蛋白質原料經製麴發酵製成，包裝標示為「純釀造」字樣,D,,第一次
111,2022/5/21,食品品保初級工程師,食品品保概論,39,"依據麵製品食品業者良好衛生作業指引，a.生麵製品自產製後如置於常溫中，以不逾1 小
時為限； b.回麵得回添於生麵、熟麵與乾麵製品之另批製麵中； c.回麵如貯放於常溫下，
應不得超過3 小時； d.經乾燥處理之回麵以復水方式處理時，應於復水後2 小時內回添
使用完畢。以上敘述何者正確？",abc,abd,acd,bcd,D,,第一次
111,2022/5/21,食品品保初級工程師,食品品保概論,40,以下對亞硝酸鹽的敘述，何者錯誤？,可用作肉類食物中預防肉毒桿菌生長的防腐劑,成人致死量約為每公斤1～2 克,會把血紅素的二價鐵（Fe+2）氧化為三價鐵（Fe+3）,使血紅素失去帶氧功能,B,,第一次
111,2022/5/21,食品品保初級工程師,食品品保概論,41,原料之潛在危害分析執行要點中，下列何者是易使食品腐敗變質的腐敗性微生物？,腸炎弧菌（Vibrio parahaemolyticus）,凝結芽孢桿菌（Bacillus coagulans）,沙門氏菌（Salmonella marcescens）,肉毒桿菌（Clostridium botulinum）,B,,第一次
111,2022/5/21,食品品保初級工程師,食品品保概論,42,全麥麵包係指小麥全穀含量在多少以上，方可宣稱全麥？,40%,45%,48%,51%,D,,第一次
111,2022/5/21,食品品保初級工程師,食品品保概論,43,有關宣稱含果蔬汁之市售包裝飲料標示，以下何者錯誤？,"如添加濃縮果蔬汁之包裝飲料，應依濃縮倍數還原至100%後，果蔬汁總量佔產品
比例作為原汁含有率標示值",濃縮還原的果蔬汁，於產品主展示面標示「濃縮還原」字樣屬於強制性,果蔬汁總含量達10%以上，始得宣稱為果蔬汁,濃縮果汁加水還原，則成分標示中應列出「水」,B,,第一次
111,2022/5/21,食品品保初級工程師,食品品保概論,44,"「食品及其相關產品追溯追蹤系統管理辦法」第7 條所指原料進行追溯追蹤，未改變原
包裝型態是指進行何種業務？",切割,組合,分裝,裝配,B,,第一次
111,2022/5/21,食品品保初級工程師,食品品保概論,45,有關政府查核食品業者有無建立追蹤追溯系統，下列何者為誤？,查核單位為直轄市、縣（市）主管機關,業者應配合，不得規避、妨礙或拒絕,執行現場查核及抽樣檢驗等,違反者可處新臺幣4 萬元以上400 萬元以下罰鍰,D,,第一次
111,2022/5/21,食品品保初級工程師,食品品保概論,46,"調理食品中若含有肉類或米穀類成分，則烹調加熱後急速冷卻對產品安全性而言相當重
要，主要原因下列何者不正確？",保溫狀態下會使殘存孢子有萌芽的機會,產品冷卻及再處理時微生物可能生長及產毒,產孢病原菌在烹調時可被殺死,腐敗菌在加熱過程中都已死亡，使得耐熱性病原菌可以快速生長,C,,第一次
111,2022/5/21,食品品保初級工程師,食品品保概論,47,"醬油、味噌、米酒等釀造食品，在製作時需要接種麴菌（醬油麴、味噌麴、酒麴等），要
避免黃麴毒素的殘留，下列何者風險較高？",購買特定的麴菌,原料避免黴菌汙染,自行篩選糖化力佳的麴菌,製程中避免雜菌汙染,C,,第一次
111,2022/5/21,食品品保初級工程師,食品品保概論,48,加工食品中若使用添加物，包裝上正確的標示，下列何者正確？,食品添加物為二種以上類似功能的複方食品添加物時，僅需標明該功能名稱,香料成分中若以天然香料佔51%以上者，得僅以「天然香料」標示,調理包中使用的醬油添加己二烯酸做為防腐劑，調理包上亦須標示己二烯酸,食品添加物可使用通用名稱，如苯甲酸可標示為安息香酸,D,,第一次
111,2022/5/21,食品品保初級工程師,食品品保概論,49,"有關食品業者建立追溯追蹤系統的主要目的，以下何者最正確？ a.了解業者基本資料、
工廠或製作場所基本資料，以有效落實業者之輔導管理； b.確認下游廠商是否完成登錄，
取得食品登錄字號來強化自主管理； c.食品衛生安全事件發生時，可以有效地掌握不符
規定產品之原料來源及產品流向； d.針對有問題之批次快速進行處理，以降低損失及維
護自身商譽。",abcd,ab,cd,acd,C,,第一次
111,2022/5/21,食品品保初級工程師,食品品保概論,50,"依食品及其相關產品追溯追蹤系統管理辦法，食品業者須留存相關生產製程之紀錄，以下
那些業者可以上傳至「食品追溯追蹤管理資訊系統（非追不可）」？ a.公告指定之規模；
b.公告指定之類別； c.自願性上傳",a,ab,abc,bc,C,,第一次
111,2022/5/21,食品品保初級工程師,食品品保概論,51,"HACCP 系統雖是設計來預防所鑑定出之危害不會發生，但並不是在執行時都是這麼理想
完美無缺，有時會因不可預知的原因使CCP 控制發生偏離，故應事先建立下列何種系統
以茲預防？",建立記錄系統,HACCP 系統確認,建立矯正措施,執行管制監測,A,,第一次
111,2022/5/21,食品品保初級工程師,食品品保概論,52,有關乳品標示，以下何者正確？,「鮮乳」、「乳飲品」、「調味乳」等字樣，屬自願性標示,「強化鮮乳」、「強化乳粉」所添加之營養素得不限制於生乳中所原含有，均得添加,使用蘋果汁為原料添加於鮮乳中，產品品名得標示「蘋果鮮乳/奶」,乳含量達50%以上，品名即得以「○○調味乳」標示,A,,第一次
111,2022/5/21,食品品保初級工程師,食品品保概論,53,"針對食品生產過程，包括從原料採收處理開始，經由加工、包裝、流通，乃至最終產品提
供給消費者為止，所有引起或可能引起之健康、生命上損害的因子，稱之為何？",風險,危害,監控,防制,B,,第一次
111,2022/5/21,食品品保初級工程師,食品品保概論,54,危害分析之物理性危害，不包括下列何者？,塑化劑,針頭、骨頭,羽毛、玻璃,石頭,A,,第一次
111,2022/5/21,食品品保初級工程師,食品品保概論,55,實施食品業者建立追蹤追溯系統的好處，不包括下列何者？,可從產品端快速追溯食品原料供應商資訊,可針對有問題之批次快速進行處理，以降低損失及維護自身商譽,如發生食品衛生安全事件，可以有效地掌握不符規定產品之原料來源及產品流向,可減少地方衛生局的稽核次數,D,,第一次
111,2022/5/21,食品品保初級工程師,食品品保概論,56,"某工廠生產之沖泡式營養補充品，於標示之其營養宣稱之營養素含量計算，下列何者敘述
為適當？",復水前計算，以每一份表示之,復水後計算，以每一份表示之,復水前或復水後皆可，以每100 公克表示之,以上皆是,B,,第一次
111,2022/5/21,食品品保初級工程師,食品品保概論,57,某罐頭食品工廠，於規劃追蹤追溯作業管理時，下列規劃並非追蹤追溯管理要求？,原料來源管理,成品倉儲管理,製程調配管理,品質異常管理,D,,第一次
111,2022/5/21,食品品保初級工程師,食品品保概論,58,某工廠進行追蹤追溯作業規畫時，下列哪一項目並無直接關聯？,標示,批號管理,物流管理,供應商評鑑,D,,第一次
111,2022/5/21,食品品保初級工程師,食品品保概論,59,某飲料工廠使用兩批檸檬汁原料生產蔬果汁，請問下列敘述何者適當？,追蹤追溯的作業，僅需呈現量較大的一批,追蹤追溯的作業，需呈現兩批的紀錄，包含批號與數量及來源,追蹤追溯的作業，僅需知道來自那些供應商,以上皆是,B,,第一次
111,2022/5/21,食品品保初級工程師,食品品保概論,60,有關輸入食品之追溯追蹤，下列各敘述中何者不正確：,"輸入食品業者若確實無法自其出口廠商獲知某一批輸入食品之實際製造廠商相關資
訊，如製造加工調配廠、屠宰場、農場、捕撈場、養殖場、集散場、包裝分裝廠等，
應向出口廠商索取「國外負責廠商」之相關資訊上傳，並聲明備有書面佐證資料備查","輸入食品業者委託報關報驗行辦理輸入查驗申請，如某一批輸入食品通關後經查獲
違反產品追溯追蹤相關法規時，應由該業者委託之報關報驗行負擔法律責任","輸入食品業者所輸入之各類食品中，最早納入追溯追蹤管理者為食用油脂，其實施
日期為103 年10 月31 日","輸入食品業者若輸入基因改造食品原料，譬如基因改造之大豆（黃豆）、玉米、甜玉
米、油菜、油菜子或甜菜，即應建立食品追溯追蹤系統，且應保存其輸入產品相關
資訊五年",B,,第一次
111,2022/5/21,食品品保初級工程師,食品品保概論,61,"某食品工廠全年中遭退貨的某種罐頭之不良項目與損失金額，根據統計資料、過去之記錄
與預定的目標，可繪製成下列何種分析圖？",散佈圖,柏拉圖,等高圖,折線圖,B,,第一次
111,2022/5/21,食品品保初級工程師,食品品保概論,62,"行銷4P 是食品企業競爭策略與市場趨勢分析常使用的工具，傳統的4P 分析不包括下列
何項目？",產品（product）,影片（picture）,價格（price）,促銷（promotion）,B,,第一次
111,2022/5/21,食品品保初級工程師,食品品保概論,63,下列何者不是倉管人員進行原材料檢驗時的應檢驗事項？,品質規格,出料廠商,產品型號,產品數量,B,,第一次
111,2022/5/21,食品品保初級工程師,食品品保概論,64,以下何者非屬於法規規範之GHP 各項標準作業程序書：,品質手冊,衛生管理,製程及品質管制,客訴管制,A,,第一次
111,2022/5/21,食品品保初級工程師,食品品保概論,65,"醫療機構診治病人時發現有疑似食品中毒之情形，應於幾小時內主動向當地主管機關
報告？",24 小時,36 小時,48 小時,立即,A,,第一次
111,2022/5/21,食品品保初級工程師,食品品保概論,66,食安事件層出不窮，網路上也常常流傳食品相關的訊息，請問下列訊息何者是錯誤的？,冰淇淋不易融化，是添加有毒物質,同樣的米飯，冷飯比熱飯的熱量還低,違法業者有時會將豆芽菜浸泡低亞硫酸鈉，進行漂白,泡麵麵體不能添加防腐劑,A,,第一次
111,2022/11/12,食品品保初級工程師,食品科學概論,1,"執行生菌數之檢驗，樣品為奶酥麵包時，檢體於稀釋液中無法均勻分散，需以下列何種方
式進行？",檢體以0.1%蛋白腖稀釋液進行均質與稀釋,檢體以磷酸緩衝液進行均質與稀釋,檢體以0.1%蛋白腖稀釋液並添加1%之Tween 80 進行均質與稀釋,檢體以磷酸緩衝液並添加1%之Tween 80 進行均質與稀釋,D,,第二次
111,2022/11/12,食品品保初級工程師,食品科學概論,2,下列對於黴菌毒素的敘述，何者正確？,在米、蘋果及其製品和動物飼料中的黃麴菌會產生棒麴毒素,「聖安東尼之火」是由寄生於裸麥中的紅青黴菌寄生造成的中毒症狀,我國的黃麴毒素最高容許量總量標準是花生、玉米為10 ppb 以下,黴菌毒素中毒的症狀多以腸胃炎為主,A,,第二次
111,2022/11/12,食品品保初級工程師,食品科學概論,3,下列對於病原性大腸桿菌的敘述，何者錯誤？,出外旅遊，最常造成「旅行者腹瀉」,存在於人體或動物體的腸管內，大部分的大腸桿菌屬於「非病原性」,"腸道出血性大腸桿菌的毒性很強，其代表菌株有E. coli O157：H7 及
E. coli O111：H8 等",侵襲性大腸桿菌和霍亂症狀類似，會有水樣下痢、脫水等症狀,D,,第二次
111,2022/11/12,食品品保初級工程師,食品科學概論,4,在檢測食品中之酵母菌時，會在培養基中添加抗生素，下列何者較不常用？,Chlortertracycline HCl,Chloramphenicol,Streptomycine sulfate,Penicillin,D,,第二次
111,2022/11/12,食品品保初級工程師,食品科學概論,5,"貢丸檢體取50 g 並以適當均質液均質後，得10-1 稀釋檢液，再以此進行連續10 倍稀釋，
最後以塗抹平板法分析菌數，平板上所得菌落數如下：
稀釋倍數
菌落數
10-1
TNTC
10-2
TNTC
10-3
246, 225
10-4
18, 24
請問檢體的總菌數表示為：",2.4×105 CFU/mL,2.3×105 CFU/g,2.4×105 CFU/g,2.3×105 CFU/mL,C,,第二次
111,2022/11/12,食品品保初級工程師,食品科學概論,6,以下何種微生物檢測法適用於濃稠檢體的檢測？,序列稀釋搭配平板法,濁度法,直接鏡檢法,分子生物學法,A,,第二次
111,2022/11/12,食品品保初級工程師,食品科學概論,7,過濾除菌是以濾膜進行，試問其操作分裝過程需於何種環境下進行？,一般開放環境,密閉環境,無菌操作台,以上皆非,C,,第二次
111,2022/11/12,食品品保初級工程師,食品科學概論,8,經滅菌之液體培養基之pH 值若未於標準值內±0.5，應以何種方式調整？,1 N 氫氧化鈉或鹽酸溶液,經除菌之1 N 氫氧化鈉或鹽酸溶液,經除菌之1 N 氫氧化鈉或硫酸溶液,1 N 氫氧化鈉或乳酸溶液,B,,第二次
111,2022/11/12,食品品保初級工程師,食品科學概論,9,"台灣歷年食物中毒之原因食品案件總計，下列選項排名前三名依序為何？ a.蔬果類及其
加工品； b.複合調理食品（含盒餐）； c.肉類及其加工品； d.水產品",bdc,dcb,cdb,cab,A,,第二次
111,2022/11/12,食品品保初級工程師,食品科學概論,10,"台灣歷年細菌性食物中毒案件總計，下列選項中毒菌排名前三名依序為何？ a.金黃色葡
萄球菌； b.沙門氏菌； c.腸炎弧菌； d.病原性大腸桿菌； e.仙人掌桿菌",abc,ceb,cae,cab,C,,第二次
111,2022/11/12,食品品保初級工程師,食品科學概論,11,下列有關「感染型」食物中毒的敘述，何者不正確？,病菌會於食品中生長與繁殖並一起食入,致病性微生物會在消化道中繼續生長繁殖,通常會伴隨發燒症狀,通常潛伏期較「毒素型」食物中毒來得短,D,,第二次
111,2022/11/12,食品品保初級工程師,食品科學概論,12,關於食品「生菌數（viable bacterial count）」檢測的敘述，何者不正確？,又可稱爲「標準平板菌數（standard plate count）」,是指在固定條件下可生長之中溫性好氣菌之菌數,於溫度35±1°C 下，培養24 或48 小時後計算菌落數,可作爲食品是否受糞便汙染的指標,D,,第二次
111,2022/11/12,食品品保初級工程師,食品科學概論,13,下列有關金黃色葡萄球菌的敘述，何者錯誤？,為通性嫌氣菌,可生長在較低的水活性下,常存於人體皮膚、毛髮、鼻腔、咽喉,毒素不耐熱，在100℃即失活,D,,第二次
111,2022/11/12,食品品保初級工程師,食品科學概論,14,單核球增多性李斯特菌之敘述，下列何者有誤？,低溫下也能生長的菌，所以低溫食品工廠應注重,老弱婦孺易受感染,未熟的食品風險高,需要以罐頭殺菌方式才能殺滅,D,,第二次
111,2022/11/12,食品品保初級工程師,食品科學概論,15,產氣莢膜桿菌之敘述，下列何者有誤？,會將牛奶凝塊、分解，產生暴風雨發酵,是屬於感染型食物中毒,會引起人體的氣性壞疽,常見於魚、肉品及蔬菜,B,,第二次
111,2022/11/12,食品品保初級工程師,食品科學概論,16,"微生物之生菌數檢驗中，各稀釋倍數之菌落數如遇均小於25 個時，則可以最低稀釋倍數
之兩個平板菌落數平均值乘其稀釋倍數，並註明此值為：",絕對值,準確值,估計值,對數值,C,,第二次
111,2022/11/12,食品品保初級工程師,食品科學概論,17,"依據食品微生物之檢驗方法－生菌數之檢驗中所訂，檢體中含有高蛋白質須以何種稀釋
液進行稀釋？",磷酸緩衝溶液,0.1%蛋白腖稀釋液,生理食鹽水,含0.1%硫酸月桂酸鈉之氯水溶液,B,,第二次
111,2022/11/12,食品品保初級工程師,食品科學概論,18,桿菌性痢疾是由何種細菌傳染的？,腸出血型大腸桿菌,產氣莢膜桿菌,志賀氏桿菌,耶辛尼氏桿菌,C,,第二次
111,2022/11/12,食品品保初級工程師,食品科學概論,19,預防產氣莢膜桿菌食物中毒的方法，下列何者較不理想？,大份量的餐點（例如湯類）和大塊的肉類建議分成少分量冷藏,冷藏保存的剩餘食物於再度食用前，應加熱至中心溫度65℃即可,食物應熱保存在60℃以上,烹調好的食物最好於1 小時內食用完畢,B,,第二次
111,2022/11/12,食品品保初級工程師,食品科學概論,20,"Mohr 滴定法可以用來檢測肉品或乾酪等食品中的食鹽含量，其測定方法以下列何者作為
指示劑？",鉻酸根離子,鐵離子,亞鐵離子,硫氰根離子,A,,第二次
111,2022/11/12,食品品保初級工程師,食品科學概論,21,有關水分分析法的原理，下列敘述何者錯誤？,烘箱乾燥法是將樣品的水分除去，利用測得剩餘固體重量計算水分含量,蒸餾法採用將水分自固體除去，水分含量利用測定水分體積來定量,"卡爾費休滴定法是基於樣品中水分發生化學反應的原理，水分的含量可由滴定液的
用量計算出來",折射法是基於食品中的水分子對特定波長的吸收而得,D,,第二次
111,2022/11/12,食品品保初級工程師,食品科學概論,22,有關食用油脂發煙點由低至高的排列順序，下列何者正確？,橄欖油，大豆沙拉油，棕櫚油，烤酥油,橄欖油，棕櫚油，烤酥油，大豆沙拉油,橄欖油，棕櫚油，大豆沙拉由，烤酥油,棕櫚油，橄欖油，烤酥油，大豆沙拉油,B,,第二次
111,2022/11/12,食品品保初級工程師,食品科學概論,23,下列有關非酵素褐變反應的敘述何者錯誤？,影響褐變反應的環境因素為pH、溫度、水活性及食品中其他成分,焦糖化反應為高溫下胺基與還原醣的反應,當水活性在0.2 以下時，褐變反應並不明顯,"隨著水活性逐漸升高，褐變反應逐漸升高，直到水活性達到0.65～0.75，反應速率
達到最高值",B,,第二次
111,2022/11/12,食品品保初級工程師,食品科學概論,24,有關細菌性食品中毒之敘述，下列何者錯誤？,"感染型食品中毒為病原菌在食物中繁殖，大量生菌被攝食後在小腸再增殖到一定程
度，作用於腸管發病","感染型食品中毒菌，如腸炎弧菌（Vibrio parahaemolyticus）、沙門氏菌（Salmonella
spp.）",毒素型食品中毒為攝取病原菌在食品中繁殖時產生的有毒物質（毒素）而引發的中毒,毒素型食品中毒會引起腹痛、下痢、噁心、發燒,D,,第二次
111,2022/11/12,食品品保初級工程師,食品科學概論,25,食用油脂最不容易產生氧化反應的水活性為：,0.1,0.3,0.5,0.7,B,,第二次
111,2022/11/12,食品品保初級工程師,食品科學概論,26,"油脂精煉的過程中，下列哪一個步驟主要的目的為去除凝固點較高的高級醇類，避免油品
在低溫下混濁而固化？",脫膠,脫色,脫臭,冬化,D,,第二次
111,2022/11/12,食品品保初級工程師,食品科學概論,27,下列何項檢驗不適用於魚貝類的新鮮度檢驗？,揮發性鹽基態氮-微量擴散法,三甲胺-呈色定量法,K 值-高效液相層析法,硫代巴比妥酸-呈色定量法,D,,第二次
111,2022/11/12,食品品保初級工程師,食品科學概論,28,有關梅納反應之敘述，下列敘述何者正確？,胺基和羰基共存時產生的反應，賦予食品顏色和香味，屬酵素性褐變,史托瑞卡分解作用（Strecker degradation）產生的羰基化合物，提供食品特殊香氣,初期進行Amadori 重排作用形成有色中間產物,蔗糖的褐變速率比葡萄糖快,B,,第二次
111,2022/11/12,食品品保初級工程師,食品科學概論,29,果汁加工時，最常檢測殘存活性的指標酵素為下列何者？,葡萄糖氧化酶,乳酸脫氫酶,脂解酶,過氧化酶,D,,第二次
111,2022/11/12,食品品保初級工程師,食品科學概論,30,下列何者不屬於酵素性褐變？,蔬菜貯存過程中綠葉的變色,洋芋片製造時時色澤的變化,由茶菁製造紅茶時的色澤變化,芭樂中維生素C 的氧化褐變,B,,第二次
111,2022/11/12,食品品保初級工程師,食品科學概論,31,下列有關多醣黏度變化敘述，何者錯誤？,糯米的分子量比秈米大，黏性較強,酸會促進澱粉糊化，可以增加粽子的黏性,以太白粉勾芡，當溫度超過澱粉的糊化溫度時，其黏度急速上升,當多醣濃度增加時，多醣分子摩擦增加，黏度也隨之增加,B,,第二次
111,2022/11/12,食品品保初級工程師,食品科學概論,32,水活性與各種食品品質劣變反應的關係，下列何者錯誤？,油脂氧化反應隨著水活性的上升而增高,非酵素性褐變反應在水活性0.3～0.5 時，進行最快,酵素反應在水活性0.3 以上，急速上升,水活性0.7 以下，黴菌、酵母菌及細菌無法成長,AD,,第二次
111,2022/11/12,食品品保初級工程師,食品科學概論,33,有關色層分析法的分離機制，下列敘述何者有誤？,利用吸附能力不同的分離法，稱為吸附層析法,利用在離子交換樹脂親和力大小不同的分離法，稱為離子交換層析法,利用大小不同分子在多孔固定相中的選擇滲透分離的方法，稱為凝膠滲透層析法,GC 係以液體作為移動相進行分離的方法,D,,第二次
111,2022/11/12,食品品保初級工程師,食品科學概論,34,有關死後僵直（Rigor mortis）對於肉類品質的影響，下列何者錯誤？,發生變硬及僵直現象,使肌肉保水性上升,使肉品失去彈性及延展性,造成肉品pH 下降，使蛋白質變性及沈澱,B,,第二次
111,2022/11/12,食品品保初級工程師,食品科學概論,35,下列何者屬於紅麴色素？,紅斑素,紅麴紅素,紅斑胺,蝦紅素,ABCD,,第二次
111,2022/11/12,食品品保初級工程師,食品科學概論,36,蛋黃中脂質含量最多的是下列何者？,膽固醇,三酸甘油酯,磷脂質,游離脂肪酸,B,,第二次
111,2022/11/12,食品品保初級工程師,食品科學概論,37,毛豆若未經殺菁即予冷凍保存，會因何種酵素的作用，導致產生不良風味？,果膠酶,磷酸脂解酶,脂肪加氧酶（lipoxygenase）,超氧歧化酶（superoxide dismutase）,C,,第二次
111,2022/11/12,食品品保初級工程師,食品科學概論,38,製造袋裝豆腐時的主要凝固劑為下列何者？,硫酸鎂,氯化酶,硫酸鈣,葡萄糖酸-delta-內酯,D,,第二次
111,2022/11/12,食品品保初級工程師,食品科學概論,39,下列哪一種維生素具光敏感性（photosensitivity）？,維生素A,維生素B1,維生素B2,維生素D,AC,,第二次
111,2022/11/12,食品品保初級工程師,食品科學概論,40,有關多效蒸發系統的敘述，下列何者不正確？,"以生蒸汽（經鍋爐直接產生，未經使用過之蒸汽）作為熱源驅動一效蒸發罐產生
蒸發",除末效外，各效的二次蒸汽都作為下一效蒸發器的加熱蒸汽加以利用,與單效蒸發系統相比，相同的生蒸汽量可蒸發更多的水量,因提高了生蒸汽的經濟性，具有節能且操作成本下降等優點,D,,第二次
111,2022/11/12,食品品保初級工程師,食品科學概論,41,魚漿煉製品加工過程中，為避免解膠作用產生，膠化（setting）溫度最好控制在：,50℃以下,55℃以下,60℃以下,65℃以下,A,,第二次
111,2022/11/12,食品品保初級工程師,食品科學概論,42,有關食用油脂之交酯化加工，下列敘述何者不正確？,可使脂肪酸交換位置與位置重新排列而改變油脂原有之性質,"脂肪酸的交換可以發生於同分子內的位置重排，也可以發生於三酸甘油酯分子間的
重新排列組合",通常須在100℃左右的高溫下進行,鹼金屬（例如鈉、鉀及其化合物）是常用的催化劑,C,,第二次
111,2022/11/12,食品品保初級工程師,食品科學概論,43,"百香果汁製造時，若採用未成熟的生果，易有果汁黏度過高或沉澱的問題，主要與何種成
分有關？",果膠,纖維素,有機酸,澱粉,D,,第二次
111,2022/11/12,食品品保初級工程師,食品科學概論,44,有關貢丸加工之敘述，下列何者正確？,通常以豬的腰內肉為原料,係利用肉漿中的蛋白質進行乳化,肉漿乳化能力隨溫度升高而升高,"相較於未僵直前的溫體肉所製作之產品，使用冷凍肉可提高肉蛋白的乳化力和保水
力，較易控制產品品質",B,,第二次
111,2022/11/12,食品品保初級工程師,食品科學概論,45,下列何種不屬於非熱型滅菌技術？,加碼照射技術,紫外線照射技術,脈衝光照射技術,微波技術,D,,第二次
111,2022/11/12,食品品保初級工程師,食品科學概論,46,"米食或餐盒類之食品儲或運輸過程中控制不當，使品溫上升時，易引起何種細菌快速生長
及分泌毒素造成食物中毒？",腸炎弧菌,金黃色葡萄球菌,仙人掌桿菌,沙門氏菌,C,,第二次
111,2022/11/12,食品品保初級工程師,食品科學概論,47,下列何種加熱技術的能量產生效能與食品之介電性質有關？,微波加熱,歐姆加熱,紅外線加熱,電漿加熱,A,,第二次
111,2022/11/12,食品品保初級工程師,食品科學概論,48,在高壓高溫殺菌的過程中，當殺菌釜的壓力達15 psi 時，殺菌釜內的蒸氣溫度應已達：,251℃,171℃,121℃,151℃,C,,第二次
111,2022/11/12,食品品保初級工程師,食品科學概論,49,有關鹹蛋加工的敘述，下列何者正確？,一般以鴨蛋為主，因鴨蛋的毛細孔較小，風味的保留較佳,一般以鴨蛋為主，因鴨蛋蛋黃的油脂含量較高，產品口感較佳,"可利用紅土、食鹽及生石灰調成鹼性糊料，以塗佈法使鹼滲入，造成蛋白質變性凝
膠而得",可利用2～5%食鹽水加入花椒、酒等材料浸泡醃漬約20～40 天，撈出煮熟而得,B,,第二次
111,2022/11/12,食品品保初級工程師,食品科學概論,50,製茶發酵程度的科學認定，主要是以？,兒茶素氧化程度作為標準,咖啡因氧化程度作為標準,茶湯的香味作為標準,茶湯的顏色作為標準,A,,第二次
111,2022/11/12,食品品保初級工程師,食品科學概論,51,下列何種產品較適合以滾筒乾燥機（drum dryer）進行乾燥？,芒果蜜餞,柳橙果汁粉,糯米紙,葡萄乾,C,,第二次
111,2022/11/12,食品品保初級工程師,食品科學概論,52,下列何者可作為牛奶巴斯德殺菌之指標酵素？,油脂氧化酶,鹼性磷酸酶,蛋白質分解酶,乳糖酶,B,,第二次
111,2022/11/12,食品品保初級工程師,食品科學概論,53,有關「無菌加工（aseptic processing）」的敘述，哪一項有誤？,容器與食品分別殺菌,殺菌在包裝之前,成品不宜常溫長期貯藏,適用範圍包括含顆粒之高黏度食品,C,,第二次
111,2022/11/12,食品品保初級工程師,食品科學概論,54,針對所有加工方法中，對食物的外觀、性質及功能等傷害最小的方法是：,熱加工,冷凍冷藏加工,乾燥加工,發酵加工,B,,第二次
111,2022/11/12,食品品保初級工程師,食品科學概論,55,超高壓加工技術（HPP）為新興加工技術，下列哪一項敘述有誤？,屬於冷殺菌技術,營養成分流失少,可連續式生產,對於微生物孢子殺滅效果很好,D,,第二次
111,2022/11/12,食品品保初級工程師,食品科學概論,56,最大冰晶生成帶之敘述何者有誤？,越慢通過，冰晶數量越少，越好,越快通過越好，避免冰晶越大，破壞組織越嚴重,開始形成冰晶的溫度帶，約為0～-5℃,冷凍食品越快通過，損傷越小，解凍食組織液流失少,A,,第二次
111,2022/11/12,食品品保初級工程師,食品科學概論,57,選擇輻射照射法進行食品保存，下列哪項敘述有誤？,對於食品品質及口感佳，所以食品廠生產之成品皆可以輻射照射進行,有最高照射劑量限制,有輻射線源限制,屬於不須加熱的冷殺菌法,A,,第二次
111,2022/11/12,食品品保初級工程師,食品科學概論,58,於特定溫度下使定量菌體完全死滅所需的時間稱為：,D 值,L 值,F 值,Z 值,C,,第二次
111,2022/11/12,食品品保初級工程師,食品科學概論,59,食品工業上常用的微波加熱設備，其頻率為：,915 MHz 及2450 MHz,800 MHz 及5800 MHz,5.8 GHz 及13 GHz,2.45 GHz 及5.8 GHz,A,,第二次
111,2022/11/12,食品品保初級工程師,食品科學概論,60,有關牛乳的殺菌處理，下列敘述何者錯誤？,超高溫瞬間殺菌法一般以71-72℃，15-30 秒進行之,巴氏低溫殺菌法一般以62-65℃，30 分鐘進行之,巴氏低溫殺菌法，無法殺滅內孢子,經超高溫瞬間殺菌及無菌充填包裝的鋁箔裝保久乳，可在常溫下貯存販售,A,,第二次
111,2022/11/12,食品品保初級工程師,食品科學概論,61,為防止凍結液態蛋在解凍後蛋黃會失去流動性，可在凍結前添加下列何種化合物？,澱粉,砂糖,檸檬酸,蘋果酸,B,,第二次
111,2022/11/12,食品品保初級工程師,食品科學概論,62,"食品中的微生物可能含有代謝性受傷微生物（metabolically injured organisms），有關代謝
性受傷微生物的敘述及檢驗分析，下列何者正確？",這類微生物可在選擇性培養基生長，故可利用此特性和其他微生物區別,不論選擇性培養基或非選擇性培養基，這類微生物均無法生長,這類微生物僅能在非選擇性培養基上生長，無法在選擇性培養基上生長,"由於這類微生物菌數不多，且已受傷，沒有甚麼活性，我們可以忽略其存在，以快
速得到結果",C,,第二次
111,2022/11/12,食品品保初級工程師,食品科學概論,63,"利用高壓空氣，由粒狀或粉狀材料層的下部送入熱空氣，使食品原料成流動狀，加速熱風
與食品間之熱傳導狀態而進行乾燥的裝置，稱為：",氣流乾燥機,泡沫乾燥機,流動床乾燥機,噴霧乾燥機,C,,第二次
111,2022/11/12,食品品保初級工程師,食品科學概論,64,鮮乳均質化的結果？,顏色變黃,口感變薄,油水較不易分離,微生物較難繁殖,C,,第二次
111,2022/11/12,食品品保初級工程師,食品科學概論,65,在牛奶工廠中，洗瓶機之有效氯濃度應維持在：,100 ppm,60 ppm,20 ppm,2 ppm,A,,第二次
111,2022/11/12,食品品保初級工程師,食品科學概論,66,培養微生物時，在含有培養基的試管中加入石臘其目的是：,指示劑,氧化劑,營養強化劑,維持厭氧狀態,D,,第二次
111,2022/11/12,食品品保初級工程師,食品品保概論,1,"PEST 分析是產業環總體境掃描分析常見的工具，能在產業或公司作市場研究時，透過外
部的分析，提供公司一個針對總體環境中不同因素的判斷，進而下更好的發展決策。下列
有關PEST 分析之敘述何者有誤？",P 是規劃（Plan）的縮寫,E 是經濟（Economic）的縮寫,S 是社會（Social）的縮寫,T 是技術（Technological）的縮寫,A,,第二次
111,2022/11/12,食品品保初級工程師,食品品保概論,2,下列有關風險評鑑可使用工具之敘述何者有誤？,危害分析與關鍵控制點（HACCP）適用於風險評估,失效模式與效應分析（FMEA）適用於風險評估,蝴蝶結分析（BTA）適用於風險評估,查檢表（Checklist）適用於風險評估,D,,第二次
111,2022/11/12,食品品保初級工程師,食品品保概論,3,下列何者不屬於製程及品質管制標準作業程序規範之項目？,廠商合約審查,廢棄物處理（含危害管制）,化學性及物理性危害侵入之預防,半成品與成品之檢驗,B,,第二次
111,2022/11/12,食品品保初級工程師,食品品保概論,4,"品質的追求是不斷演進的，請問以下使用之工具依時間排序何者正確？ a.統計品質管制
（SQC）； b.日本式品質管制（CWQC）； c.全面品質管理（TQM）； d.全面品質管制
（TQC）；e. ISO 9000 品質管理",adbce,bcdea,adbec,dabec,A,,第二次
111,2022/11/12,食品品保初級工程師,食品品保概論,5,下列複方食品添加物的判定，何者有誤？,複方食品添加物的判定原則之一為關鍵原料的用途,關鍵原料是指在產品中佔最高比例者,"含鹽、糖及「香料（內酯類、硫醇類、脂肪酸類、芳香族醛類、酯類）、5’-次黃嘌呤
核苷磷酸二鈉、5’-鳥嘌呤核苷磷酸二鈉、L-麩酸鈉」作為高湯調味粉者，屬於複方
食品添加物",滷肉用香辛料粉不屬於複方食品添加物,B,,第二次
111,2022/11/12,食品品保初級工程師,食品品保概論,6,應用知識與技能達成預期結果之能力，係ISO 9001:2015 那個用語之定義？,知識（Knowledge）,認知（Awareness）,績效（Performance）,適任性（Competence）,D,,第二次
111,2022/11/12,食品品保初級工程師,食品品保概論,7,企業推動標準化可使經營效率提高，而優先標準化的對象，下列何者並不適宜？,需要數量較少者,多人重複執行者,可以使其系列化者,重覆頻率較高者,A,,第二次
111,2022/11/12,食品品保初級工程師,食品品保概論,8,"特定疾病配方食品係指因病人生理功能失調，致無法進食、消化、吸收或代謝一般食品或
食品中特定營養成分，或醫學上認定有其他特殊營養需求，且不易透過日常飲食調整所獲
取，而依據其適用對象特別加工或配製之食品，在特殊營養食品中具有一定市場商機。自
110 年1 月1 日起有關其標示之規定，下列敘述何者有誤？",應標示產品開封前及開封後之保存方法,應標示「本品非供靜脈注射用」或等同意義之詞句,屬管灌食品應標示滲透壓,應標示產品查驗字號,D,,第二次
111,2022/11/12,食品品保初級工程師,食品品保概論,9,"根據國家展委員會2019-2030 年經濟情勢及產業趨勢分析，下列何項不屬於我國重要的產
經發展趨勢？",金融市場波動加劇，影響全球經濟發展,我國人口紅利消失，進而抑制勞動供給,農業經濟再次升級，養殖漁業將創新高,老年人口持續增加，代表橘色商機崛起,C,,第二次
111,2022/11/12,食品品保初級工程師,食品品保概論,10,請問，下列何者不屬於我國核可的天然色素？,黃梔子色素,植物碳,焦糖色素,高粱色素,C,,第二次
111,2022/11/12,食品品保初級工程師,食品品保概論,11,品管七大手法中下列何者需用管制圖？,以圖表示兩變異量的關係,對收集的數據或特性，進行註記分類,易瞭解，在核對規格值時用的,監控製程中有無產生變異分析,D,,第二次
111,2022/11/12,食品品保初級工程師,食品品保概論,12,調味料自民國105 年7 月1 日起，下列何者尚不需取得衛生安全管理系統之食品業者？,調味料製造業者,油脂製造業者,麵粉製造業者,醬油製造業者,A,,第二次
111,2022/11/12,食品品保初級工程師,食品品保概論,13,營養標示上脂肪項，須標示出反式脂肪含量，此含量係指：,經過部分氫化過程所形成之非共軛反式脂肪酸,經過高溫加工所產生之非共軛反式脂肪酸,食品中非共軛反式脂肪之總和,以上皆非,C,,第二次
111,2022/11/12,食品品保初級工程師,食品品保概論,14,某水產食品工廠要增設生產線生產魚鬆罐頭，需要下列哪些資格人員？,食品技師,殺菌管理人員,罐頭捲封人員,殺菌釜操作人員,A,,第二次
111,2022/11/12,食品品保初級工程師,食品品保概論,15,下列有關機遇原因（Chance variation）的敘述，何者為錯誤？,是無法避免的,管制圖的目的是發現機遇原因,解決機遇原因成本高且費時,製程若只有機遇原因，則可視為在管制狀態之下，亦即製程為穩定,B,,第二次
111,2022/11/12,食品品保初級工程師,食品品保概論,16,"提出有創意的改善方案，常使用腦力激盪法（Brain Storming），其應遵守之原則不包括下
列那一項？",意見越多越好,天馬行空的思維,參考他人的創意加上自已的想法,可直接批評他人藉由衝突激發創意,D,,第二次
111,2022/11/12,食品品保初級工程師,食品品保概論,17,"下列有關GFSI 推動的食品安全文化模組：1.預期的期望；2.教育；3.溝通；4.目標與負責
任；5.衡量；6.改善/強化，下列敘述何者有誤？",預期的期望是設定企業的整體指標，如同口號,教育與溝通是不同層面的意義,溝通指的是各階層幹部對於作業員工的溝通,改善/強化係指對於食品安全文化推動的成效進行檢討與改善,C,,第二次
111,2022/11/12,食品品保初級工程師,食品品保概論,18,推動食品安全文化時，下列哪一項與溝通無關？,定期教育訓練,推動品管圈活動,定期小組會議,進行考核升遷作業,D,,第二次
111,2022/11/12,食品品保初級工程師,食品品保概論,19,下列哪一項為不法行為？,過期食品竄改標示,混用其他不明的原料,添加非法添加物,以上皆是,D,,第二次
111,2022/11/12,食品品保初級工程師,食品品保概論,20,下列哪一項未違反食品安全衛生管理法？,使用即將到期之茶葉生產茶飲料,使用工業鹽生產醃漬食品,使用來自疫區的牛肉生產牛肉乾,使用不明成分的雞精粉生產炸雞塊,A,,第二次
111,2022/11/12,食品品保初級工程師,食品品保概論,21,食品輸入業者實施食品安全監測計畫，其內容無需包含下列哪個項目？,產品輸入流程及危害分析,內部稽核,教育訓練,供應商管理,ABCD,,第二次
111,2022/11/12,食品品保初級工程師,食品品保概論,22,依我國現行法規規範，進口豬腸之萊克多巴胺殘留容許量為？,0.01 ppm,0.01 ppb,0.04 ppm,不得檢出,A,,第二次
111,2022/11/12,食品品保初級工程師,食品品保概論,23,依據GHP 準則，下列有關「加工助劑」之敘述，何者不正確？,其在製造加工過程中，為達特定加工目的而使用,其在最終成品中不產生功能,其可作為食品原料或食品容器具之物質,其在成品中可能存在，非有意但無法避免之殘留,C,,第二次
111,2022/11/12,食品品保初級工程師,食品品保概論,24,為確保食品安全管制系統能效執行，以下關於人員之描述何者正確？,操作人員需接受每三年累計至少十二小時訓練,"小組中專門職業人員（食品技師、營養師等）雖通過國家高考及格，仍需接受相關
訓練並領有合格證明文件",小組中負責人或其指定人員為必要之成員，同時其也必須為食品相關科系,"管制小組成員應接受地方主管機關認可之食品安全管制系統訓練機關（構）（以下
簡稱訓練機關(構)）辦理之相關課程至少三十小時",B,,第二次
111,2022/11/12,食品品保初級工程師,食品品保概論,25,管制小組進行危害評估時，請問以下描述何者正確？,因QC 工程圖已有流程圖，故可直接拿來評估危害，可省略現場確認動作,決定顯著危害可使用判定樹進行判定,過敏原並不是生物、物理、化學等危害，故不在危害評估範圍內,發生頻率與嚴重性是危害分析考量的二個構面,D,,第二次
111,2022/11/12,食品品保初級工程師,食品品保概論,26,依據GHP 準則，有關「管理衛生人員」之敘述，下列何者不正確？,"食品業者應指派管理衛生人員，就建築與設施及衛生管理情形，依據適當頻率填報
衛生管理紀錄",食品工廠之管理衛生人員，宜於工作場所明顯處，標明該人員之姓名,食品販賣業應有管理衛生人員，於現場負責食品衛生管理工作,食品工廠設置衛生管理人員時，應向直轄市、縣（市）衛生主管機關核備,AD,,第二次
111,2022/11/12,食品品保初級工程師,食品品保概論,27,依據GHP 準則，下列有關食品從業人員進行A 型肝炎健康檢查之敘述，何者不正確？,A 型肝炎之檢驗項目包括IgM 或IgG 二種，檢查時需兩者皆檢驗,IgM 呈現陰性者，表示未處於發病期間，該員可從事與食品接觸之工作,IgG 測定結果為陽性者，表示已具有抗體，該員可從事與食品接觸之工作,"凡可提出健康檢查IgG 陽性或A 型肝炎疫苗已接種二劑之證明者，爾後可免再檢驗
該項目",A,,第二次
111,2022/11/12,食品品保初級工程師,食品品保概論,28,在推動食品安全管制系統過程中，以下描述何者正確？,確認本系統執行之有效性應優先於重要管制點之驗效作業,管制小組成員之專門職業人員為必要成員,"驗效作業可委外執行，但管制小組需進行書面紀錄確認，並經負責人或其指定人員
簽署，並註記日期",執行危害分析，鑑別足以影響食品安全之因子及檢測難易度與嚴重性,C,,第二次
111,2022/11/12,食品品保初級工程師,食品品保概論,29,超商、超市及其他販賣場所應如何控管餐盒溫度？,若為現場調理者，要熱藏餐盒，溫度應保持在攝氏六十度以下,若非現場調理之餐盒，須經高溫殺菌後才能販賣,屬即食鮮食食品者，可以0~18℃冷藏之保存方式供直接食用或加熱後食用,屬即食鮮食食品者，只能保持於0~7℃之冷藏溫度範圍,C,,第二次
111,2022/11/12,食品品保初級工程師,食品品保概論,30,若使用黃豆為原料，下列何種食品必須標示「含基因改造」字樣？,XO 醬，添加已不含轉殖基因片段或轉殖蛋白質之大豆沙拉油,胡麻油，調味用,肉鬆，非有意攙入基因改造黃豆粉不超過3%,豆干，添加1%的基因改造黃豆,D,,第二次
111,2022/11/12,食品品保初級工程師,食品品保概論,31,下列何項產品須於外包裝標示非基因改造食品：,非基因改造黑豆製品,非基因改造甜菜,非基因改造芝麻醬,非基因改造甘藷,B,,第二次
111,2022/11/12,食品品保初級工程師,食品品保概論,32,台北出產的米若標示「濁水米」出售，應依何種法令處分？,食品安全衛生管理法,公平交易法,消費者保護法,糧食管理法,D,,第二次
111,2022/11/12,食品品保初級工程師,食品品保概論,33,食品工廠之設廠標準，主辦機關是？,經濟部工業局,衛生福利部食品藥物管理署,行政院農業委員會農糧署,行政院品安全辦公室,B,,第二次
111,2022/11/12,食品品保初級工程師,食品品保概論,34,"包裝醬油製程標示規定，以酸或酵素水解含植物性蛋白質原料之胺基酸液，未經發酵製
成，應標示為？",水解,速成,調和,釀造,A,,第二次
111,2022/11/12,食品品保初級工程師,食品品保概論,35,食品業者對主管機關的檢驗結果有異議時，得自收受通知日起幾天內，申請複驗？,一年內,半年內,三個月內,15 日內,D,,第二次
111,2022/11/12,食品品保初級工程師,食品品保概論,36,依照食品安全衛生管理法，食品應標示：,賞味期限,製造日期,有效日期,生產日期,C,,第二次
111,2022/11/12,食品品保初級工程師,食品品保概論,37,有關廠區環境衛生管理，下列何者有誤？,可任意飼養寵物,廠區地面保持清潔，無塵土飛揚,廠區排水保持暢通，無異味,禽畜、寵物有適當管理,A,,第二次
111,2022/11/12,食品品保初級工程師,食品品保概論,38,使用食品添加物時，下列哪一項敘述有誤？,只要是食品，皆可添加符合限量規定的防腐劑,食品中添加防腐劑時，視產品能添加不只一種防腐劑,食品添加物的管理，要專人專冊及專櫃管理,食品添加物需進行重複檢核作業,A,,第二次
111,2022/11/12,食品品保初級工程師,食品品保概論,39,生產場所動線應含括下列哪些項目？,人流及物流,人流、物流及水流,人流及氣流,人流、物流、氣流及水流,D,,第二次
111,2022/11/12,食品品保初級工程師,食品品保概論,40,下列哪一項不屬於食品衛生管理？,產品衛生標準,食品添加物之管理及使用規範,衛生管理人員規範,產品暫行標準,C,,第二次
111,2022/11/12,食品品保初級工程師,食品品保概論,41,某產品標示全穀麥粉或全穀原料粉，有關產品宣稱及標示原則，下列何者不正確？,固體產品所含全穀成分佔配方總重量百分比51%（含）以上，始可以全穀產品宣稱,"「本產品部分原料使用全穀粉（如：全麥）原料製作」方式宣稱者，指產品所含全
穀成分占總重量百分比51%（含）以上","如產品欲宣稱為全穀原料粉，則內容物（原料）須百分比51%（含）以上為全穀，
始可宣稱為全穀原料粉","若產品中單一麥粉佔配方總重量百分比51%以上，可以該穀類名稱進行產品命名為
全麥麥粉",C,,第二次
111,2022/11/12,食品品保初級工程師,食品品保概論,42,包裝米粉的標示，下列何者正確？,使用百分之五十以上米為原料製成者，可標示為純米粉,未使用米為原料，是使用其他食用澱粉或食用榖粉為原料製成者，只能標示調合米粉,非新竹地區廠商生產新竹米粉口味的米粉，亦可標示為新竹米粉,除了米外，只有添加南瓜原料製作的米粉，可以標示為南瓜純米粉,C,,第二次
111,2022/11/12,食品品保初級工程師,食品品保概論,43,"下列有關市售奶油、乳脂、人造奶油與脂肪抹醬之品名及標示規定，何者正確？ a.「奶
油」指僅由乳品衍生之油脂製品，且乳脂肪含量達百分之八十以上； b.「人造奶油」之油
脂含量需達百分之八十以上； c.「鮮奶油」之乳脂肪含量需達百分之八十以上； d.不得
使用表彰其為植物性奶油之文字作為產品外包裝之標示",abc,bcd,abd,abcd,C,,第二次
111,2022/11/12,食品品保初級工程師,食品品保概論,44,某魚油產品標示宣稱含DHA，則品名應如何標示方為正確？,魚油（DHA）,DHA,高純度DHA,濃縮DHA,A,,第二次
111,2022/11/12,食品品保初級工程師,食品品保概論,45,下列有關產品流向資訊之各項目中，何者不是食品業者追溯追蹤系統一定必須具備者？,產品運送之物流業者名稱及其聯絡人名與電話,交貨日期,產品名稱及批號,產品製造日期及有效日期,D,,第二次
111,2022/11/12,食品品保初級工程師,食品品保概論,46,有關液蛋產品標示規定，產品應於其容器或外包裝之敘述，下列何者為誤？,需標示保存條件,需標示「殺菌」或「未殺菌」字樣之品名,散裝液蛋產品不屬於本標示規定,"其屬未殺菌者，應標示「本產品須使用於生產經充分加熱或其他足以達到有效殺菌
之食品」",C,,第二次
111,2022/11/12,食品品保初級工程師,食品品保概論,47,我國法規對於包裝食品標示「內容物」之管理，下列敘述何者有誤？,將濃縮蔬果汁加水還原之市售飲料，應將「水」標示於內容物中,脂肪酸DHA 非屬食品原料或食品添加物，所以不可以直接於內容物中標示DHA,於加工中使用之所有之食品添加物，都應同時標示其用途名稱及品名或通用名稱,"若成品中之食品添加物並非直接添加，而是由原料帶至最終產品，若其對最終產品
無實際作用時，則可以不用標示於內容物中",C,,第二次
111,2022/11/12,食品品保初級工程師,食品品保概論,48,對於製造加工過程中，進行生物性危害分析時各相關管控之因子，下列何者較不正確？,溫度、時間,Aw、pH,鹽、糖濃度,清洗、消毒劑,D,,第二次
111,2022/11/12,食品品保初級工程師,食品品保概論,49,"（甲）是貿易商，主要是受人（乙）委託進口外國產品，向外國出口商（丙）下單，產品
查驗合格通關後直接送到受託人（乙）公司，下列何者不正確？",報驗義務人（甲）即為「食品輸入業者」,（乙）應建立食品追溯追蹤制度,（甲）不必使用統一發票者或電子發票,皆需強制上傳非追不可系統,C,,第二次
111,2022/11/12,食品品保初級工程師,食品品保概論,50,"食品添加物業者如於廠內以香料單體調配複方香精基半成品，該半成品如僅作為調製其
他產品，並未於市面流通販售，則是否須將該半成品建立於非追不可之產品資訊頁籤，並
進行生產紀錄之申報？",需要,不需要,需非追，不須生產紀錄之申報,以上皆非,A,,第二次
111,2022/11/12,食品品保初級工程師,食品品保概論,51,"在每個加工步驟中「時間溫度失控導致病原菌生長及產生毒素」已被證實是顯著危害，在
HACCP 計畫書中必須訂定出控制此項危害的上下限，此定義稱為？",矯正措施,管制界線,危害分析,重要管制點,B,,第二次
111,2022/11/12,食品品保初級工程師,食品品保概論,52,"下列何者為冷凍豬肉生產製程中，最不常被列為HACCP（Hazard Analysis and Critical
Control Point）制度查核點？",化學性之組織胺殘留,生物性之細菌污染,物理性之金屬物檢查,化學性之磺胺劑殘留,A,,第二次
111,2022/11/12,食品品保初級工程師,食品品保概論,53,有關HACCP 管制小組成員之敘述，下列何者錯誤？,HACCP 管制小組成員至少三人，由品保、生產、衛生管理人員及其他幹部人員組成,"至少一人應為食品業者專門職業人員或技術證照人員設置及管理辦法規定之專門職
業人員","管制小組成員應曾接受中央主管機關認可之食品安全管制系統訓練機關（構）辦理
之相關關課程至少30 小時，並領有合格證明書","管制小組成員從業期間應持續接受訓練機關（構）辦理與本系統有關之課程，每三
年累計至少12 小時",A,,第二次
111,2022/11/12,食品品保初級工程師,食品品保概論,54,下列有關「食品及其相關產品追溯追蹤系統管理辦法」之適用性敘述，何者錯誤？,使用電子發票之業務主管機關為財政部,"公告應使用電子發票指定之規模及品項，開立對象僅限定於食品業者，一般消費者
並不適用","經公告須電子申報之業者，須於每月10 日前申報上一個月的食品追溯追蹤資訊至食
品追溯追蹤管理資訊系統─非追不可",若製造加工業者僅提供「樣品或贈品」供予客戶試用，則不需進行電子申報,B,,第二次
111,2022/11/12,食品品保初級工程師,食品品保概論,55,食品添加下列何項食品添加物原料，不需同時標示其功能性名稱？,甜味劑,防腐劑,抗氧化劑,著色劑,D,,第二次
111,2022/11/12,食品品保初級工程師,食品品保概論,56,有容器或包裝之液態飲料，其「咖啡因」標示，以下何者錯誤？,標示「低咖啡因」之咖啡飲料，其咖啡因含量不得超過20 ppm,標示「低咖啡因」之茶及可可飲料，其咖啡因含量不得超過20 ppm,茶及可可飲料其咖啡因含量不得超過450 ppm,茶、咖啡及可可以外之飲料：若含咖啡因，其咖啡因含量不得超過320 ppm,C,,第二次
111,2022/11/12,食品品保初級工程師,食品品保概論,57,下列哪一項不是製程管制的重點？,原材料的驗收,食品添加物的管制,製程條件的確認,微生物檢驗,D,,第二次
111,2022/11/12,食品品保初級工程師,食品品保概論,58,某工廠生產果汁3 批，送到同一通路，請問下列敘述何者適當？,追蹤追溯紀錄僅需紀錄批次送至該通路,追蹤追溯紀錄需紀錄批次及數量至該通路,追蹤追溯紀錄須紀錄該通路販賣之超商數量,追蹤追溯紀錄需紀錄該通路販賣之超商數量及批次,B,,第二次
111,2022/11/12,食品品保初級工程師,食品品保概論,59,某肉品加工廠豬肉原料進行追蹤追溯作業，下列敘述何者適當？,因為都是豬肉原料，所以追蹤追溯不須分開不同供應商,因為都是豬肉原料，所以將總重合計後記錄，不需分開,豬肉為不同供應商供應，應該在紀錄上分別記錄，以利追蹤追溯,"豬肉為同一供應商供應，所以追蹤追溯紀錄一周紀錄一次，重量符合即可，不需分
開批號",C,,第二次
111,2022/11/12,食品品保初級工程師,食品品保概論,60,某飲料工廠有生產馬口鐵罐咖啡及運動飲料，請問下列敘述何者正確？,兩者皆屬於罐頭裝食品，故製程危害因子相同,兩者的製程殺菌F0 值為大於等於3,判定兩者製程危害因子的不同在於酸鹼度,以上皆非,C,,第二次
111,2022/11/12,食品品保初級工程師,食品品保概論,61,"某工廠生產魚槳，品管人員發現進廠驗收的魚肉無機砷含量為1 ppm（大於衛生標準0.5
ppm），然其製成魚漿製品後，檢驗結果僅0.1 ppm，經報告品保經理後裁定可驗收合格，
請問下列敘述何者正確？",驗收合格，因為終產品之無機砷含量符合水產品要求,驗收不合格，因為魚肉驗收時已超過衛生標準,驗收合格，因為品保經理裁定後認定符合,以上皆非,B,,第二次
111,2022/11/12,食品品保初級工程師,食品品保概論,62,"透過管理系統（如ISO 9001、ISO 22000）的建立，有助於公司達到預期結果並滿足客戶
需求，一般所謂的認證（Accreditation）或驗證（Certification）於產品上之宣傳，以下何
者使用正確？",本產品通過ISO 22000 驗證,本產品通過ISO 22000 認證,本公司通過ISO 22000 認證,本公司通過ISO 22000 驗證,D,,第二次
111,2022/11/12,食品品保初級工程師,食品品保概論,63,下列何者不屬於食品良好衛生規範準則的一環？,廠區及環境衛生管理標準作業程序,良好衛生管理標準作業程序,倉儲管理標準作業程序,營運提升標準作業程序,D,,第二次
111,2022/11/12,食品品保初級工程師,食品品保概論,64,食品業者倉儲管制，應符合下列何規定：,"有污染原材料、半成品或成品之虞之物品或包裝材料，只要有清楚標示即可與原材
料、半成品或成品一起貯存",倉儲過程中需管制溫度或濕度者，只要有確實紀錄即可，不需建立管制方法及基準,倉儲作業應遵行先進先出之原則，並確實記錄,以上皆非,C,,第二次
111,2022/11/12,食品品保初級工程師,食品品保概論,65,工廠管理勞工時，可參考馬斯洛人性需求理論進行管理下列配對何者有誤？,理想的工作環境—安全需要,人性管理的方式—被尊重的需要,合理的待遇—社會需要,前途發展有樂觀的機會—自我實現需要,C,,第二次
111,2022/11/12,食品品保初級工程師,食品品保概論,66,"國內最新的包裝食品營養標示之熱量計算方式中，膳食纖維的熱量得以每公克多少大卡
計算之？",零大卡,二大卡,三大卡,四大卡,B,,第二次
112,2023/5/20,食品品保初級工程師,食品科學概論,1,有關黴菌毒素的敘述，下列何者錯誤？,黴菌毒素通常對光、熱、酸、鹼及藥物都很穩定,在食物儲存期間，可利用添加防腐劑、控氣儲藏等方式來抑制黴菌的生長,受黃麴桿菌汙染的乳牛所產的牛奶，可分離出黃麴毒素G1、G2,1937 年台灣「黃變米」是由黃氯青黴菌所造成。,C,,第一次
112,2023/5/20,食品品保初級工程師,食品科學概論,2,大腸桿菌O157：H7 感染人體後之主要症狀為何？,水樣腹瀉進而血便,嘔吐,呼吸困難,頭痛,A,,第一次
112,2023/5/20,食品品保初級工程師,食品科學概論,3,微生物培養基之製備時，如需經確定量者，其滅菌後之體積誤差不可超過:,1%,2.5%,5%,10%,B,,第一次
112,2023/5/20,食品品保初級工程師,食品科學概論,4,在檢驗諾羅病毒時，主要利用分子生物學方法檢驗病毒之何種成分？,DNA,RNA,蛋白質,脂質,B,,第一次
112,2023/5/20,食品品保初級工程師,食品科學概論,5,"以分子生物學方式進行微生物之檢驗與鑑定時常以蛋白質為檢測標的，以下何者
為常用微生物檢驗之蛋白質分子?",酵素,DNA,三酸甘油酯,膽固醇,A,,第一次
112,2023/5/20,食品品保初級工程師,食品科學概論,6,"依照衛生福利部公告食品中金黃色葡萄球菌之檢驗方法，判定產金黃色葡萄球菌
陽性者，下列結果何者正確？",凝固酶試驗，凝塊形成,觸酶試驗，無氣泡產生,溶菌素敏感性試驗，混濁,革蘭氏染色，淡紅色,A,,第一次
112,2023/5/20,食品品保初級工程師,食品科學概論,7,"依照衛生福利部公告食品中大腸桿菌之檢驗方法，對於檢體檢液之調製，下列敘
述何者錯誤？",冷凍魚肉、禽畜肉、蔬果、水餃等，應在冷藏之溫度下解凍,"固態檢體：將檢體適當切碎、混勻後，取50 g，加入稀釋液450 mL，混合均勻，
作為10 倍稀釋檢液","處理含油脂量多，不易勻散及易起泡沫之檢體，直接取50 g，加入稀釋液450 mL，
作為10 倍稀釋檢液","布丁、煉乳等檢體，經適當攪拌混勻後，取50 g，加入稀釋液450 mL，混合均勻，
作為10 倍稀釋檢液",C,,第一次
112,2023/5/20,食品品保初級工程師,食品科學概論,8,"依照衛生福利部公告食品中單核球增多性李斯特菌之檢驗方法，判定單核球增多
性李斯特菌陽性者，下列結果何者錯誤？",β-溶血試驗，具微弱溶血透明現象,傘狀運動試驗，培養基上緣下3～5mm 出現傘狀,"CAMP 試驗，與Staphylococcus aureus 相接處具溶血現象，與Rhodococcus equi
相接處則否",觸酶試驗，無氣泡產生,D,,第一次
112,2023/5/20,食品品保初級工程師,食品科學概論,9,黴菌毒素為黴菌生長過程中的代謝物，以下何項說明正確？,屬於一次代謝物,屬於二次代謝物,生長初期即會產生,需在無氧環境下生成,B,,第一次
112,2023/5/20,食品品保初級工程師,食品科學概論,10,以下何種產品的形式是肉毒桿菌毒素中毒的好發產品型態？,真空包裝豆製品,新鮮屋包裝鮮奶,鋁箔包包裝豆奶,以上皆是,A,,第一次
112,2023/5/20,食品品保初級工程師,食品科學概論,11,以下何者「非」沙門氏菌經常帶菌的感染來源？,爬蟲類,雞蛋或雞蛋相關產品,生乳,水產品,D,,第一次
112,2023/5/20,食品品保初級工程師,食品科學概論,12,腸炎弧菌所造成之食品中毒經常由以下何種食品引起？,生羊肉,生雞肉,生魚片,貢丸,C,,第一次
112,2023/5/20,食品品保初級工程師,食品科學概論,13,"依照「食品中微生物衛生標準」，未殺菌液蛋(冷藏或冷凍)需檢驗之微生物及其毒
素、代謝產物為下列何者？",金黃色葡萄球菌,總生菌數,單核細胞增生性李斯特菌,腸炎弧菌,B,,第一次
112,2023/5/20,食品品保初級工程師,食品科學概論,14,有關疑似食品中毒事件處理過程，下列何者不正確？,於二十四小時內向當地主管機關報告,患者之嘔吐物及糞便要妥善保存,食品檢體及環境檢體採樣,填寫「食品中毒事件調查簡速報告單」，傳送予警察機關,D,,第一次
112,2023/5/20,食品品保初級工程師,食品科學概論,15,大腸桿菌 O157:H7 之命名中，O 所代表意義為何:,體抗原,鞭毛抗原,莢膜抗原,細胞抗原,A,,第一次
112,2023/5/20,食品品保初級工程師,食品科學概論,16,執行微生物檢測時，培養基配製後，滅菌需在多久時間內進行？,480 分鐘,360 分鐘,240 分鐘,120 分鐘,D,,第一次
112,2023/5/20,食品品保初級工程師,食品科學概論,17,大腸桿菌在何種培養基可形成黑色金屬光澤菌落?,Trypticase Soy Agar (TSA),Eosin Methylene Blue Agar (EMB Agar),Potato Dextrose Aga r(PDA),Plate Count Agar (PCA),B,,第一次
112,2023/5/20,食品品保初級工程師,食品科學概論,18,革蘭氏染色之酒精為：,初染劑,媒染劑,脫色劑,複染劑,C,,第一次
112,2023/5/20,食品品保初級工程師,食品科學概論,19,"下列何種食物中毒菌能生長在高鹽、高糖及最低水活性
何種食物中毒菌能生長在高鹽、高糖及最低水活性(可低至0.83)中？",金黃色葡萄球菌,仙人掌桿菌,腸炎弧菌,肉毒桿菌,A,,第一次
112,2023/5/20,食品品保初級工程師,食品科學概論,20,"針對乳酸菌檢驗，大都採用MRS 添加化學物質當作選擇性培養基，以證明乳酸
菌存在，此化學物質為：",CaSO4,CaCO4,CaCl2,CaHPO4,B,,第一次
112,2023/5/20,食品品保初級工程師,食品科學概論,21,有關Enzyme-Linked Immunosorbent Assay (ELISA)的敘述，下列何者正確？,競爭法，一般適用於檢測小分子抗體,間接法，不需二級抗體的參與,三明治法，通常用於檢測大分子抗原,直接法，待測物為抗體,C,,第一次
112,2023/5/20,食品品保初級工程師,食品科學概論,22,下列何種檢測法不是用來定量分析食品中的脂質？,Soxhlet extract method,Babcock method,Gerber method,Bertrand method,D,,第一次
112,2023/5/20,食品品保初級工程師,食品科學概論,23,有關油脂自氧化反應的影響因子敘述，下列何者錯誤？,油脂不飽和度越高，自氧化速率越快,氧氣濃度低時，自氧化速率與氧氣含量成正比,連鎖生長期與過氧化物鍵結斷裂形成自由基的反應速率，隨溫度升高而加速,隨著含水量的增加，自氧化速率越加快,D,,第一次
112,2023/5/20,食品品保初級工程師,食品科學概論,24,有關礦物質的測定，下列分析法何者錯誤？,EDTA 螯合滴定法可測定鐵含量,添加草酸產生沉澱，可用重量法測定鈣含量,Mohr 滴定法可測定奶油中的食鹽含量,Volhard 滴定法可測得植物中的氯含量,A,,第一次
112,2023/5/20,食品品保初級工程師,食品科學概論,25,有關分析鳳梨中總膳食纖維操作步驟的目的敘述，下列何者錯誤？,加熱處理，並用澱粉葡萄醣苷酶是分解澱粉成可溶性醣類,加入蛋白酶是水解樣品中的蛋白質,反應液再加入4 倍體積的95%酒精是為除去樣品中的脂質,"經過濾、洗滌、乾燥和秤重的殘留物分成兩份，分別進行灰分和蛋白質分析並計
算",C,,第一次
112,2023/5/20,食品品保初級工程師,食品科學概論,26,有關肉毒桿菌的敘述，下列何者錯誤?,厭氧菌,可以產生芽孢,易受硝酸鹽、亞硝酸鹽抑制,肉毒桿菌毒素可耐熱到100℃,D,,第一次
112,2023/5/20,食品品保初級工程師,食品科學概論,27,有關乾式及濕式灰分測定法的比較，下列敘述何者錯誤？,溫度：濕式灰分測定法所需的溫度較高,時間：濕式灰分測定法所需的時間較長,操作過程：乾式灰分測定法較簡單,樣品前處理：乾式灰分測定法較簡單,B,,第一次
112,2023/5/20,食品品保初級工程師,食品科學概論,28,下列低溫菌中，何者屬於革蘭氏陽性菌？,Listeria monocytogenes,Yersinia enterocolitica,Pseudomonas aeruginosa,Pseudomonas fluorescens,A,,第一次
112,2023/5/20,食品品保初級工程師,食品科學概論,29,三仙膠與蒟蒻葡萄-甘露聚醣的比值多少時，所形成的凝膠強度最大？,1:1,1:2,1:3,1:4,A,,第一次
112,2023/5/20,食品品保初級工程師,食品科學概論,30,"欲配製0.2 N 硫酸溶液 500 ml，需使用多少ml 比重1.82，98%的濃硫酸(分子量
98 g/mole)？",2.75 ml,5.50 ml,11.00 ml,22.00 ml,A,,第一次
112,2023/5/20,食品品保初級工程師,食品科學概論,31,茶水、紅酒和未成熟水果，會呈現澀味，主要是出自下列何者？,單寧,味精,柚皮苷,蛇麻酮,A,,第一次
112,2023/5/20,食品品保初級工程師,食品科學概論,32,防止茶葉品質在貯存期間劣變的方法，下列何者錯誤？,控制茶葉含水量,避免照光,利用低溫貯存,以透氣材質包裝,D,,第一次
112,2023/5/20,食品品保初級工程師,食品科學概論,33,利用鉬酸定量法分析磷含量時，設定的波長為多少nm？,360,420,500,650,D,,第一次
112,2023/5/20,食品品保初級工程師,食品科學概論,34,下列何者與葉綠素的退色比較無關？,輻射處理,酸性環境,水活性高低,光氧化作用,C,,第一次
112,2023/5/20,食品品保初級工程師,食品科學概論,35,蛋白質變性時，不會遭到破壞的鍵結為下列何者?,氫鍵,雙硫鍵,離子鍵,共價鍵。,D,,第一次
112,2023/5/20,食品品保初級工程師,食品科學概論,36,家畜肉品中因含有哪一類色素，所以容易氧化變色？,葉綠素,原血紅素,類黃酮素,類胡蘿蔔素,B,,第一次
112,2023/5/20,食品品保初級工程師,食品科學概論,37,下列何種分析法可使用來分析植物食品中的氯含量？,Mohr 滴定法,Volhard 滴定法,Soxhlet 萃取法,Somogy-Nelson 法,B,,第一次
112,2023/5/20,食品品保初級工程師,食品科學概論,38,下列那種加工技術可以用於生產去咖啡因的咖啡？,高壓加工技術,擠壓技術,濃縮技術,超臨界技術,D,,第一次
112,2023/5/20,食品品保初級工程師,食品科學概論,39,下列何者不是含支鏈芳香環的胺基酸？,離胺酸,色胺酸,酪胺酸,苯丙胺酸,A,,第一次
112,2023/5/20,食品品保初級工程師,食品科學概論,40,下列何者不屬於極性胺基酸？,甘胺酸,絲胺酸,白胺酸,酪胺酸,C,,第一次
112,2023/5/20,食品品保初級工程師,食品科學概論,41,下列何者不是肉製品添加鹼性磷酸鹽的作用?,抑菌,保水性,螯合金屬離子,抗氧化作用。,A,,第一次
112,2023/5/20,食品品保初級工程師,食品科學概論,42,在機械壓縮式冷凍循環系統，離開壓縮機的冷媒狀態為：,低溫高壓的氣態冷媒,高溫高壓的氣態冷媒,低溫低壓的液態冷媒,高溫低壓的液態冷媒,B,,第一次
112,2023/5/20,食品品保初級工程師,食品科學概論,43,有關射頻(Radio Frequency)波加熱技術，下列敘述何者不正確？,射頻波具有比紅外光更長的波長,其頻率介於300 MHz 和300 GHz 之間,與傳統加熱方法相比，射頻波加熱的優點是食物可快速加熱到所需溫度,"與傳統加熱方法相比，射頻波加熱的處理時間短得多，因此對營養和感官品質的
不良影響較小",B,,第一次
112,2023/5/20,食品品保初級工程師,食品科學概論,44,食品高壓加工技術(High Pressure Processing)之操作壓力通常落在:,2 atm 以上,50 atm 以上,100 atm 以上,1000 atm 以上,D,,第一次
112,2023/5/20,食品品保初級工程師,食品科學概論,45,下列於常用加工食品之包裝材料，何者氧氣透過率最低？,LDPE,HDPE,PP,PET,D,,第一次
112,2023/5/20,食品品保初級工程師,食品科學概論,46,食品中所含液體完全凍結時之溫度通常落在:,–18 ~–20℃,–25 ~–40℃,–55 ~–65℃,–80 ~–100℃,C,,第一次
112,2023/5/20,食品品保初級工程師,食品科學概論,47,下列何種乾酪(起司)產品，其加工製程涉及黴菌熟成作用？,卡達乾酪(Cottage cheese),鮮乳油乾酪(Cream cheese),莫扎瑞拉乾酪(Mozzarella cheese),藍紋乾酪(Blue cheese),D,,第一次
112,2023/5/20,食品品保初級工程師,食品科學概論,48,發酵加工食品所利用之微生物，下列敘述何者正確？,豆腐乳的製造通常會利用納豆菌,味噌的製造通常會利用米麴菌,釀造醬油的製造通常會利用根黴菌,食用醋的製造通常會利用麩胺酸菌,B,,第一次
112,2023/5/20,食品品保初級工程師,食品科學概論,49,有關醬油之釀造加工技術，下列敘述何者正確？,醬油麴混合食鹽水進行發酵，所得發酵混合物稱為生醬油,生醬油加熱的目的是為了調整醬油總氮含量，以符合法規規範,醬油醪發酵過程中需通氣攪拌,釀造醬油在製造過程中會產生單氯丙二醇，須以高溫殺菌去除之,C,,第一次
112,2023/5/20,食品品保初級工程師,食品科學概論,50,"有關蒸汽注入式(steam injection)及蒸汽浸出式(steam infusion)熱交換機之比較，下
列何者正確？",前者涉及蒸汽與食品之直接接觸，後者則不涉及蒸汽與食品之直接接觸,後者之熱交換效率較高,前者之設備構造較複雜,後者之操作較簡單，成本較低,B,,第一次
112,2023/5/20,食品品保初級工程師,食品科學概論,51,"以噴霧乾燥法進行液態食品之乾燥時，下列何者適合以高壓式噴嘴(pressure
nozzle)進行霧化處理？",酵母抽出物,蜂蜜,馬鈴薯泥,番茄糊,A,,第一次
112,2023/5/20,食品品保初級工程師,食品科學概論,52,有關食品乾燥過程表面硬化(case hardening)現象的敘述，下列何者不正確？,高糖質與可溶性物質較多的食品易有此現象,表面硬化雖不會影響乾燥速率，但會影響食品的外觀和質地,提高空氣濕度可減少表面硬化現象的發生,降低乾燥溫度可減少表面硬化現象的發生,B,,第一次
112,2023/5/20,食品品保初級工程師,食品科學概論,53,"以-30℃急速冷凍法進行冷凍處理時，食品中心品溫通過最大冰晶生成帶之時間通
常會落在:",1 分鐘以內,5 分鐘以內,30 分鐘以內,60 分鐘以內,C,,第一次
112,2023/5/20,食品品保初級工程師,食品科學概論,54,傳統農村製造蘿蔔乾、魚乾或蔬菜乾，通常會用哪種乾燥方式來進行?,加壓乾燥法,減壓乾燥法,常壓乾燥法,噴霧乾燥,C,,第一次
112,2023/5/20,食品品保初級工程師,食品科學概論,55,下列有關冷藏的敘述中，何者不正確？,無包裝的食品，在冷藏庫內，不至於乾燥,低溫食品上所有附著的微生物有些會繁殖,水果中有些種類會發生組織的破壞,在冷藏庫內，食品的香氣會互相移行，所以需要包裝保護,A,,第一次
112,2023/5/20,食品品保初級工程師,食品科學概論,56,下列何者不是目前傳統素肉與植物肉的主要植物蛋白來源？,大豆蛋白,小麥蛋白,豌豆蛋白,菇類蛋白,D,,第一次
112,2023/5/20,食品品保初級工程師,食品科學概論,57,油脂冬化的目的，係在於：,利用低溫熟成,利用低溫區分飽和脂肪與不飽和脂肪,須將油脂以液態氮進行冬化,須將油脂放置過冬,B,,第一次
112,2023/5/20,食品品保初級工程師,食品科學概論,58,有關果蔬鹽漬物之加工，下列何者不是利用重石加壓的目的？,減少原料間之空隙、使醃漬物完全浸泡於鹽水中,排除空氣,產生有利於酵母菌生長的環境，增加風味的產生,產生有利於乳酸菌生長的環境，降低漬液酸鹼值,C,,第一次
112,2023/5/20,食品品保初級工程師,食品科學概論,59,有關冷凍水產品之加工技術，下列敘述何者正確？,凍結前可利用包冰衣(glazing)技術來降低滴液(drip)之生成,實施急速凍結後，應維持-18℃凍結貯存的品溫恆定，以減少凍燒現象,凍結前浸漬抗氧化劑及包覆冰衣有助於減少凍燒現象,急速凍結的速度應在0.6-4 cm/h 以下，以減少滴液(drip)之生成,C,,第一次
112,2023/5/20,食品品保初級工程師,食品科學概論,60,"商業操作上，氣調保鮮技術是如何減少蔬果的呼吸作用而達延長保鮮期限的目
的？",以降低貯藏空間中氧氣濃度、增加二氧化碳氣體濃度為主,以增加貯藏空間中氧氣濃度、降低乙烯氣體濃度為主,以增加貯藏空間中氮氣濃度、增加二氧化碳氣體濃度為主,以降低貯藏空間中氧氣濃度、增加貯藏空間中氮氣濃度為主,A,,第一次
112,2023/5/20,食品品保初級工程師,食品科學概論,61,有關影響罐頭真空度的因素，下列敘述何者正確？,罐頭上部空隙愈大，真空度愈低,脫氣時，罐內溫度愈高，真空度愈低,罐外大氣壓力愈低，真空度愈低,脫氣時間愈久，真空度愈低,C,,第一次
112,2023/5/20,食品品保初級工程師,食品科學概論,62,"在25℃下，純水的飽和蒸氣壓為600 mmHg，某一食品的水蒸氣分壓為390
mmHg，此食品的水活性(Aw)約為?",0.65,0.7,0.75,0.8,A,,第一次
112,2023/5/20,食品品保初級工程師,食品科學概論,63,關於食品「生菌數(viable bacterial count)」檢測的敘述，何者不正確？,又可稱爲「標準平板菌數(standard plate count)」,是指在固定條件下可生長之中溫性好氣菌之菌數,於溫度35±1°C 下，培養24 或48 小時後計算菌落數,可作爲食品是否受糞便汙染的指標,D,,第一次
112,2023/5/20,食品品保初級工程師,食品科學概論,64,"使用高效液相層析法(HPLC)分析單醣、寡醣和多醣等醣類(不衍生化)，下列何種
檢測器最為適用?",電子捕捉檢測器 (Electron capture detector，ECD),"螢光偵測器 (Fluorescent detector, FD)","折射指數偵測器 (Reflective Index, RI)","火焰離子化檢測器 (Flame ionization detector, FID)",C,,第一次
112,2023/5/20,食品品保初級工程師,食品科學概論,65,下有關油脂氧化安定性的檢測方法，下列何者無法用在初期氧化階段檢測？,過氧化價,酸價,活性氧法(active oxygen method),硫巴比妥酸價,D,,第一次
112,2023/5/20,食品品保初級工程師,食品科學概論,66,"進行脂肪酸分析時，必須先將樣品經以下哪一處理過程，才可將樣品行氣相層析
分析？",甲酯化,乙酯化,丙酯化,丁酯化,A,,第一次
112,2023/5/20,食品品保初級工程師,食品品保概論,1,"下列何者屬於電腦視覺於食品管理的應用 A.臉部辨識門禁管理；B.人流統計；C.
水果分級篩檢；D.產品有效日期標示瑕疵",ABCD,ACD,CD,BCD,B,,第一次
112,2023/5/20,食品品保初級工程師,食品品保概論,2,"新產品上市前進行保存性試驗，以訂定其有效期限，其試驗之花費屬於品質成本
那一類？",預防成本,內部失敗成本,外部失敗成本,鑑定成本,A,,第一次
112,2023/5/20,食品品保初級工程師,食品品保概論,3,戴明循環PDCA 應用於品管圈之推動步驟，請問下列配對何者正確？,P(Plan)-對策實施與檢討,D(Do)-效果確認,C(Check)-要因分析,A(Action)-標準化,D,,第一次
112,2023/5/20,食品品保初級工程師,食品品保概論,4,下列關於前提方案(prerequisite program)的說明，何者有誤？,前提方案是維持食品供應鏈的製程環境的基礎條件及活動,前提方案是維持食品供應鏈的衛生環境的基礎條件及活動,原料倉儲作業屬於前提方案的內涵之一,食品廠內的能源管理設施屬於前提方案的內涵之一,A,,第一次
112,2023/5/20,食品品保初級工程師,食品品保概論,5,美國FDA 網站(datadashboard.fda.gov)，所呈現的內容不包括下列何者？,境內外查核(Inspections)結果,回收(Recalls),進口檢驗方法(import testing methods),進口檔關(Import refusals),C,,第一次
112,2023/5/20,食品品保初級工程師,食品品保概論,6,企業在投入數位轉型時，最先面臨之關鍵部分為哪一項？,資料庫,產品數量,資訊人才,人工智慧,A,,第一次
112,2023/5/20,食品品保初級工程師,食品品保概論,7,工業大數據的最主要目的為何？,追求大量數據,透過系統式蒐集與分析數據，實現價值最大化,設備聯網,以上皆是,B,,第一次
112,2023/5/20,食品品保初級工程師,食品品保概論,8,"製造系統中透過數據的蒐集、分析、建模後，將數據轉換成知識並建立關聯，進
而解決及避免問題發生。請問其邏輯關係為？",學習為主 learning based,經驗為主 experience based,事實為主 evidence based,以上皆非,C,,第一次
112,2023/5/20,食品品保初級工程師,食品品保概論,9,"一般建議罐頭食品於充填密封後多少時間內儘速殺菌，避免殺菌前發生腐敗或變
質等情形？",1-2 小時,2-3 小時,4-5 小時,5-6 小時,A,,第一次
112,2023/5/20,食品品保初級工程師,食品品保概論,10,"食品安全文化可藉由下列哪些方式以適當達成？1.凝聚共識 2.員工晨會 3.品管
圈 4.罰則",1234,234,123,124,C,,第一次
112,2023/5/20,食品品保初級工程師,食品品保概論,11,日前有食品被報導於檢驗結果發現其中含有環氧乙烷，下列敘述何者正確？,環氧乙烷是一種在所有不同產業都禁用的殺菌劑,環氧乙烷目前於我國食品相關法規中不是合法的殺菌劑成分,環氧乙烷是致癌性成分，不可用於醫療用途殺菌,環氧乙烷於我國目前的食品法規中已訂定殘留量為1 ppm,B,,第一次
112,2023/5/20,食品品保初級工程師,食品品保概論,12,"食品中微生物衛生標準敘述大腸桿菌陰性，可不需加驗大腸桿菌O157:H7，係指
下列何者處理方式較佳：",先取樣檢測大腸桿菌，結果確認陰性後，即可不需加驗大腸桿菌O157:H7,"仍需取樣檢測大腸桿菌與大腸桿菌O157:H7，若大腸桿菌呈現陰性，則可停止大
腸桿菌O157:H7 之檢驗",取樣大腸桿菌結果長期均為陰性，及可不需加驗大腸桿菌O157:H7,以上皆非,B,,第一次
112,2023/5/20,食品品保初級工程師,食品品保概論,13,"某生產生鮮即時干貝之水產食品工廠，其品管人員不檢驗單核球增多性李斯特菌
(簡稱李斯特菌)，其理由為：",工廠生產10 年之產品從未驗出李斯特菌,該廠干貝水活性低於0.92,該廠宣稱添加有效之李斯特菌生長抑制劑，但並無證明文件,以上皆不可以,B,,第一次
112,2023/5/20,食品品保初級工程師,食品品保概論,14,"某食品工廠生產之冷凍台式香腸產品，自110 年7 月1 日起，食品中微生物衛生
標準之檢驗項目需符合：",大腸桿菌,大腸桿菌、沙門氏菌,腸桿菌科,大腸桿菌群、沙門氏菌,A,,第一次
112,2023/5/20,食品品保初級工程師,食品品保概論,15,"企業使用網站提供客戶產品訊息，並對訪客的來源及在網站的瀏覽時間等，並依
據數據改善資訊提供管道，是屬於下列何者？",數位化,數位優化,數位轉型,以上皆是,B,,第一次
112,2023/5/20,食品品保初級工程師,食品品保概論,16,下列何者是建立以行為為基礎的食安管理系統的首要步驟？,制定HACCP 計畫書,每一層級員工了解本身職責,辦理員工衛生安全基礎教育訓練,強化員工心理素質,B,,第一次
112,2023/5/20,食品品保初級工程師,食品品保概論,17,下列哪一種工具不屬於品管七手法或新七手法之一？,失效模式與影響分析,柏拉圖,直方圖,魚骨圖,A,,第一次
112,2023/5/20,食品品保初級工程師,食品品保概論,18,"工廠因客訴事件過多，為有效控制，新聘品管人員並加強IPQC 製程檢驗，以確
保產品品質，請問那二個品質成本會上升？",預防成本、鑑定成本,鑑定成本、內部失敗成本,內、外部失敗成本,預防成本、內部失敗成本,B,,第一次
112,2023/5/20,食品品保初級工程師,食品品保概論,19,"向消費者保證產品品質，使消費者能夠安心購買，同時在使用時能對產品產生信
心和滿足感，並願意長期使用，稱為:",全面品管,建構信任,迎合需求,品質保證,D,,第一次
112,2023/5/20,食品品保初級工程師,食品品保概論,20,下列何者食品業者應設立實驗室？,具工廠登記且資本額一億元之糖改裝業者,具工廠登記且資本額六千萬元食用油脂調配業者,具工廠登記且資本額一億元茶葉飲料之調配業者,具工廠登記且資本額六千萬元澱粉調配業者,C,,第一次
112,2023/5/20,食品品保初級工程師,食品品保概論,21,"苯駢芘（Benzo(a)pyrene, BaP）可能在食品烘培、燒烤等加工過程產生。依我國現
行法規，下列何種食品尚未規範苯駢芘的限量標準？",嬰兒配方食品,含蜂膠、蜂王乳之膳食補充品,煙燻肉,可可脂,D,,第一次
112,2023/5/20,食品品保初級工程師,食品品保概論,22,依據GHP 準則，有關食品作業場所清潔衛生檢查之敘述，下列何者正確？,業者可自主訂定環境清潔檢查之頻率與合格標準,檢查對象包括環境落菌與機械塗抹等檢驗，手部塗抹非屬環境衛生管理,高壓噴槍之氣體可採用與環境落菌相同之採樣方式及合格標準,合理的採樣時間為清潔消毒作業後或開始生產前，而非作業中採樣,A,,第一次
112,2023/5/20,食品品保初級工程師,食品品保概論,23,食品安全管制系統在推動過程，以下描述何者有誤？,應先針對CCP 進行驗效，並定期確認系統之有效性,確認系統之有效性也包括了重新進行CCP 驗效,為確認系統之有效性，每年至少安排一次外部稽核,產品送檢可視為確認系統有效性的一種作法,C,,第一次
112,2023/5/20,食品品保初級工程師,食品品保概論,24,下列何者產品原產地可標示台灣？,澳洲大包裝奶粉在台灣添加維生素分裝為小包裝,美國大包裝奶粉在台灣分裝為小包裝,美國、義大利之大豆油、橄欖油在台灣製程調合油,法國乾酪在台灣切絲為乾酪絲,A,,第一次
112,2023/5/20,食品品保初級工程師,食品品保概論,25,成品放行出貨至少需確認：,成品檢驗報告、原料檢驗報告、品保主管簽核、製造主管簽核,成品檢驗報告、品保主管簽核、製造主管簽核,成品檢驗報告、原料檢驗報告、製造主管簽核,成品檢驗報告、品保主管簽核、製造主管簽核、供應商名錄,B,,第一次
112,2023/5/20,食品品保初級工程師,食品品保概論,26,每一座靜置式蒸汽加壓殺菌釜均應裝置一具：,壓力錶、自動溫度記錄儀、水銀溫度計,蒸汽控制器、壓力錶、自動溫度記錄儀、水銀溫度計,蒸汽控制器、壓力錶、水銀溫度計,蒸汽控制器、空氣過濾系統、壓力錶、自動溫度記錄儀、水銀溫度計,B,,第一次
112,2023/5/20,食品品保初級工程師,食品品保概論,27,罐頭食品殺菌作業應：,殺菌工作報告在製造後一個月內，應由殺菌管理人員核對簽名,密封紀錄由品管主管及製造主管核對簽名,罐頭食品殺菌工作報告不必即時填寫，當日結束殺菌後完成填寫即可,罐頭食品自動溫度紀錄儀紙，在製造後一星期內，應由殺菌操作人員核對簽名,B,,第一次
112,2023/5/20,食品品保初級工程師,食品品保概論,28,酸化罐頭食品描述何者有誤？,添加檸檬酸調節產品pH 值為4.6，水活性大於0.85 為酸化罐頭食品,pH 值必須≤4.6，是為了防止肉毒桿菌孢子的生長,產品調配、殺菌應維持pH 值≤4.6，儲存流通時可不須維持,酸化食品的熱殺菌被設計是為破壞病原菌及腐敗菌的營養細胞,C,,第一次
112,2023/5/20,食品品保初級工程師,食品品保概論,29,"依據食品安全管制系統準則之規定，下列對於有關「監測計畫」之敘述，何者不
正確？",監測係針對每一重要管制點所訂定之項目、方法、頻率及操作人員,監測的目的為觀察或測試CCP 之執行在可以控制的範圍內,監測的頻率是由業者自訂，準則中並未明確要求最低監測頻率,監測之操作人員應明確列出職位與姓名，並在文件中列明職務代理人,D,,第一次
112,2023/5/20,食品品保初級工程師,食品品保概論,30,關於罐裝飲料工廠量測儀器校正之敘述，下列何者正確？,水為中性，其pH 值為7.0，因此可以使用水作為校正標準溶液之一,今年度新購買之量測儀器可於明年度再執行校正,不常使用之量測儀器可於每兩年再執行校正即可,"冷藏或冷凍庫已有溫度顯示功能，且保存之原料皆無異狀發生，可以不進行溫度
校正",B,,第一次
112,2023/5/20,食品品保初級工程師,食品品保概論,31,罐頭食品常溫保存不會腐壞的原因是：,因經高溫滅菌與密封,因添加防腐劑,因高溫滅菌並添加防腐劑,因原料未受微生物污染。,A,,第一次
112,2023/5/20,食品品保初級工程師,食品品保概論,32,以下何者不屬於健康食品之保健功效？,免疫調節,抗疲勞,減肥,調節血脂,C,,第一次
112,2023/5/20,食品品保初級工程師,食品品保概論,33,有關使用食品原料冬蟲夏草菌絲體標示規定，下列何者正確？,應加註「本產品非中藥材冬蟲夏草之製品」,標示「冬蟲夏草」四個字,應標示本草綱目上對冬蟲夏草的敘述,應標示冬蟲夏草的圖片,A,,第一次
112,2023/5/20,食品品保初級工程師,食品品保概論,34,驗收鯖魚時下列非驗收項目？,組織胺,"揮發性鹽基態氮(Volatile basic nitrogen, VBN)",鉛,銅,D,,第一次
112,2023/5/20,食品品保初級工程師,食品品保概論,35,依據GHP 準則，下列有關即食餐飲熱存之要求，溫度應保持在攝氏?,五十度以上,五十五度以上,六十度以上,六十五度以上,C,,第一次
112,2023/5/20,食品品保初級工程師,食品品保概論,36,"經中央主管機關公告類別及規模之食品業者，應置一定比率，並領有專門職業或
技術證照之食品、營養、餐飲等專業人員，辦理何種業務？",食品衛生安全管理,倉儲管理,生產管理,工廠經營管理,A,,第一次
112,2023/5/20,食品品保初級工程師,食品品保概論,37,國內食品業之從業人員、作業場所、設施衛生管理及其品保制度，均應符合：,台灣優良食品通專則(TQF),食品良好衛生規範準則(GHP),臺灣優良農產品驗證管理辦法(CAS),中國國家標準(CNS),B,,第一次
112,2023/5/20,食品品保初級工程師,食品品保概論,38,我國食品添加物的管理採用：,正面表列方式,負面表列方式,正面表列負面表列都有,業者決定,A,,第一次
112,2023/5/20,食品品保初級工程師,食品品保概論,39,下列哪一項不是重要管制點的驗效作業？,內部稽核,儀器校正,檢驗作業,成品回收,D,,第一次
112,2023/5/20,食品品保初級工程師,食品品保概論,40,"關於水產品之危害分析：a.因時間與溫度控制不當而造成病原菌生長與產毒所引
起之消費者疾病，此類危害適用於細菌性病原體與病毒；b.肉毒桿菌可存在水產
品中，尤其是內臟；c.鯖魚毒素來自於細菌分解產物，屬於生物性危害；d.無脊椎
類水產品存在著組織胺的潛在危害。以上敘述何者錯誤?",abc,abd,acd,bcd,C,,第一次
112,2023/5/20,食品品保初級工程師,食品品保概論,41,有關包裝乳品之標示，應符合:,鮮乳製程中添加生乳中所含之營養素，亦可在包裝上標示為鮮乳,"鮮乳製程中鈣添加量未達「市售包裝食品營養宣稱規範」中宣稱「強化」之含量，
仍屬「強化鮮乳」，故應標示為「鈣強化鮮乳」",添加草莓果汁於鮮乳中，品名可標示為「草莓鮮乳」,鮮乳或強化鮮乳產品都不得添加及標示添加寡醣,D,,第一次
112,2023/5/20,食品品保初級工程師,食品品保概論,42,"某工廠的產品發現使用之食品添加物超量可能違反法令規定或對人體健康造成危
害疑慮，因此開始準備進行成品回收作業，此時應優先進行哪一項作業?",追查產品流向,進行產品檢驗,至通路收購產品,追究供應商責任,A,,第一次
112,2023/5/20,食品品保初級工程師,食品品保概論,43,有關輸入食品及其相關產品之追溯追蹤，下列各敘述中何者不正確：,"國內生產製造之加工食品外銷至他國後，因故退貨，該批復運進口之產品一定要
建立其追溯追蹤系統，並將相關資訊上傳至「食品追溯追蹤管理資訊系統(非追不
可)」","輸入食品業者將某一批輸入之食品及其相關產品置於自家零售店面販售時，該批
產品即無需上傳最終消費端流向資訊，但仍需將該批產品之數量等資訊記載為出
貨予自家零售店面","輸入食品業者建立之追蹤追溯系統若經稽查不符合規定，且遭受到歇業、停業或
廢止登錄之處分，在此處分期間，主管機關可不受理該業者辦理輸入報驗","輸入食品業者於申請輸入食品及其相關產品查驗時申報之資訊不實，依據食品安
全衛生管理法，其罰則與在食品追溯追蹤管理資訊系統中建立之資料不實相同",A,,第一次
112,2023/5/20,食品品保初級工程師,食品品保概論,44,"米食材中可能存在多種影響人體健康之危害，為維護國人健康，我國目前與米食
材相關之衛生與限量標準包括：a.二溴乙烷；b.重金屬砷；c.棒麴毒素；d.γ 射線。
以上敘述何者錯誤?",abc,abd,acd,bcd,A,,第一次
112,2023/5/20,食品品保初級工程師,食品品保概論,45,"(甲)是貿易商，主要是受人(乙)委託進口外國產品，向外國出口商(丙)下單，產品
查驗合格通關後直接送到受託人(乙)公司，下列何者不正確？",報驗義務人(甲)即為「食品輸入業者」,(乙)應建立食品追溯追蹤制度,(甲)不必使用統一發票者或電子發票,(甲)(乙)(丙)皆需強制上傳非追不可系統,C,,第一次
112,2023/5/20,食品品保初級工程師,食品品保概論,46,"有關「食品及其相關產品追溯追蹤系統管理辦法」中「物流業者」，若由某盒餐食
品由物流業者自行配送，以下記載內容何者較不正確？",相關配送人員,溫度、時間,地點,檢驗報告,D,,第一次
112,2023/5/20,食品品保初級工程師,食品品保概論,47,一般農產品產生黴菌毒素所需要的條件，下列敘述何者為誤？,大部份黴菌生長的水活性(Aw)在0.80 以上,所有黴菌在常溫都會產生黴菌毒素,生長溫度20-28℃，<10℃和>30℃生長減弱,所需營養物質主要是糖、蛋白質和少量脂質,B,,第一次
112,2023/5/20,食品品保初級工程師,食品品保概論,48,全穀產品宣稱及標示原則，下列敘述何者為誤？,固體產品所含全穀成分佔配方總重量百分比51%(含) 以上，始可以全穀產品宣稱,"如產品所含全穀成分未達配方總重量百分比51%(含)以上，不得宣稱為全穀產
品，僅能以「本產品部分原料使用全穀粉（如：全麥）原料製作」，或「本產品含
部分全穀粉（如：全麥麵粉）」等方式宣稱","如產品欲宣稱為全穀原料粉，則內容物（原料）須百分比51%以上，始可宣稱為
全穀原料粉","若產品中單一穀類佔配方總重量百分比51%以上，可以該穀類名稱進行產品命名
（如：全麥○○、全蕎麥○○等）",C,,第一次
112,2023/5/20,食品品保初級工程師,食品品保概論,49,"食品過敏原標示規定，若產品為花生牛奶罐頭，該如何標示，下列何者較正確？
(1)「本產品含有花生、牛奶」；(2)「本產品含有花生、牛奶，不適合對其過敏體
質者食用」；(3) 「本產品含有花生」；(4) 「本產品含有花生，不適合對其過敏體
質者食用」","1, 2","3, 4","1, 2, 3, 4",以上皆非,A,,第一次
112,2023/5/20,食品品保初級工程師,食品品保概論,50,有關果蔬汁總含量之標示，下列何者不正確?,總含量達百分之十以上者，應標示原汁含有率「百分之十」以上,品名未揭露全部果蔬名稱，應於品名標示「綜合果(蔬)汁」或等同意義字樣,未達百分之十者，標示「果(蔬)汁含量未達百分之十」或等同意義字樣,未含果蔬汁者，標示「無果(蔬)汁」或「口味」、「風味」等同意義字樣,A,,第一次
112,2023/5/20,食品品保初級工程師,食品品保概論,51,"Astaloy™ 85 Mo 機械性質表現的實驗研究(林子堯)-4(二校)Astaloy™ 85 Mo 機械性
質表現的實驗研究(林子堯)-4(二校)業者向食品藥物管理署申請辦理輸入食品查
驗時，就有每批輸入產品報驗資料，進口業者還要自己做追溯追蹤系統，下列何
者不正確？","輸入食品查驗則僅為該次輸入產品資料之申報與查驗的管理系統，不是業者追蹤
追溯資料管理系統","目前已將應建立追溯追蹤系統之輸入業者每一批輸入產品資訊由系統自動拋轉至
非追不可系統",故輸入業者無須自己鍵入來源資訊,不必將流向資訊上傳非追不可系統。,D,,第一次
112,2023/5/20,食品品保初級工程師,食品品保概論,52,下列有關「食品及其相關產品追溯追蹤系統管理辦法」之適用性敘述，何者錯誤？,"紀錄保存範圍僅要求食品生產鏈之往上一手來源追溯及往下一手成品追蹤之紀錄
管制","有關「產品資訊」之「淨重、容量、數量或度量」紀錄內容係指當日該批生產總
量","凡經公告指定規模及類別之食品業者，須定期將相關資訊上傳至「食品追溯追蹤
管理資訊系統(非追不可)」平台","食品業者應建立追溯追蹤系統與食品業者登錄為兩個不同法條依據與管理目的的
獨立系統",C,,第一次
112,2023/5/20,食品品保初級工程師,食品品保概論,53,有關包裝食品含基因改造食品原料標示，下列何者為屬正確標示?,市售包裝大豆油使用基因改造黃豆為原料，其包裝標示「基因改造」,市售包裝大豆油使用基因改造黃豆為原料，包裝未標示與基因改造有關之字句,市售包裝大豆油使用基因改造黃豆為原料，標示「不含基因改造」,以上皆正確,A,,第一次
112,2023/5/20,食品品保初級工程師,食品品保概論,54,"下列哪一種業者，依「食品及其相關產品追溯追蹤系統管理辦法」，可不必上網上
傳至資訊平台？",食品加工業者,調配業,食品添加物製造,未改變原包裝型態之組合業者,D,,第一次
112,2023/5/20,食品品保初級工程師,食品品保概論,55,"指觀察或測試控制危害分析重要管制點之活動，以評估重要管制點是否在控制之
下，並產生供確認之正確紀錄，稱之為何？",監測,檢查,分析,管制,A,,第一次
112,2023/5/20,食品品保初級工程師,食品品保概論,56,"為提升我國食品業者之食品衛生安全，自民國86 年起引入HACCP 制度，最早實
施的產業是？",餐飲業,肉品業,乳品業,水產品業,A,,第一次
112,2023/5/20,食品品保初級工程師,食品品保概論,57,有關食品製造廠之標示，下列敘述何者正確？,製造廠與負責廠商皆應標示,同一公司之不同製造廠，廠商僅能以公司代表標示,同一公司之不同製造廠位於不同國家時，須標示製造廠,以上皆是,C,,第一次
112,2023/5/20,食品品保初級工程師,食品品保概論,58,產銷履歷制度的重點不包括下列哪一項？,產銷作業危害管制,產銷資訊公開,產銷資訊可追溯,履歷係指從農場到餐桌的產銷資訊,A,,第一次
112,2023/5/20,食品品保初級工程師,食品品保概論,59,於ISO 22000 中談到的矯正與矯正措施，下列敘述何者有誤？,矯正係指將當下的問題立即改善、改正,矯正措施係指將問題的原因找出，避免後續再發生的作業,矯正與矯正措施於問題發生後擇一進行，改善問題的發生,伴隨著問題的發生，需要分別建立矯正及矯正措施,C,,第一次
112,2023/5/20,食品品保初級工程師,食品品保概論,60,順丁烯二酸酐澱粉事件屬於下列何種違法行為?,非法工業用原料流入食用,使用來源不明的原料,飼料用原料流入食用,廢油流入食物鏈,A,,第一次
112,2023/5/20,食品品保初級工程師,食品品保概論,61,下列何項產品須於外包裝標示非基因改造食品：,非基因改造黑豆製品,非基因改造甜菜,非基因改造芝麻醬,非基因改造甘藷,B,,第一次
112,2023/5/20,食品品保初級工程師,食品品保概論,62,下列有關食品添加物之描述，何者錯誤？,食品添加物應設專櫃儲放，但不必設專人負責管理,食品添加物應以專冊登錄使用之種類、進貨量、使用量及庫存量,食品添加物之使用應合乎其使用範圍及限量暨規則標準之規定,食品添加物秤量及投量應建立各種檢測程序，並做成紀錄,A,,第一次
112,2023/5/20,食品品保初級工程師,食品品保概論,63,"國內現有食品相關認證/驗證系統相當多，例如HACCP、ISO、CAS、生產履歷、
吉園圃、健康食品…等，依其品保系統功能分類，下列何者組合有誤？",生產「來源」認定---生產履歷,產品「功能」認定---健康食品,「成品品質」認定---CAS,產品「功能」認定---ISO,D,,第一次
112,2023/5/20,食品品保初級工程師,食品品保概論,64,資料(data)、資訊(information)、價值(value)的關係，下列何者正確？,資料 = 資訊 = 價值,資料 = 資訊 ≠ 價值,資料 ≠ 資訊 ≠ 價值,資料 + 資料 =資訊 = 價值,C,,第一次
112,2023/5/20,食品品保初級工程師,食品品保概論,65,下列何者可使用於食用油脂之萃取，且殘留量為 0.1 ppm 以下之加工助劑？,丙二醇(Propylene glycol),乙酸乙酯(Ethyl acetate),己烷(Hexane),乙醇(Alcohol),C,,第一次
112,2023/5/20,食品品保初級工程師,食品品保概論,66,有關病媒之管制，下列敘述何者不正確？,排水道必須加裝柵網，以防止有病媒進入,若有需要，在適當地點必須安置永久作用的電子式捕蠅器,使用的餌料，必須詳述其安全使用方法,需和病媒防治公司簽約，以求最佳效果,D,,第一次
112,2023/11/11,食品品保初級工程師,食品科學概論,1,"進行微生物檢驗時，為避免微生物死亡或增生，影響數據之正確性，稀釋後之樣
品建議於幾分鐘內完成檢驗步驟？",5 分鐘,30 分鐘,90 分鐘,180 分鐘,B,,第二次
112,2023/11/11,食品品保初級工程師,食品科學概論,2,"請問如何配置1000 ppm 環境消毒用之漂白水？(以市售漂白水次氯酸鈉濃度5%
計算)",100 mL 漂白水+20 L 清水,200 mL 漂白水+10 L 清水,200 mL 漂白水+20 L 清水,400 mL 漂白水+10 L 清水,B,,第二次
112,2023/11/11,食品品保初級工程師,食品科學概論,3,以下何種食品易被嘔吐型仙人掌桿菌汙染而造成食品中毒？,珍珠粉圓,肉湯滷汁,玉米濃湯,生魚片,A,,第二次
112,2023/11/11,食品品保初級工程師,食品科學概論,4,下列何者「非」預防仙人掌桿菌食品中毒的處置方式？,食品經加熱中心溫度超過70℃,食品儲存於4℃~7℃,濃湯暫存於常溫無須加蓋,滷汁使用時維持65℃以上的保溫加熱,C,,第二次
112,2023/11/11,食品品保初級工程師,食品科學概論,5,無菌操作之程序不包括下列何者？,接種還使用前必須燒紅,管口在接種前後需先過火,在無菌操作台中操作,培養皿需倒置培養,D,,第二次
112,2023/11/11,食品品保初級工程師,食品科學概論,6,黴菌生長環境所需的條件以下何者為「非」？,在溫暖潮濕的環境,需要有二氧化碳,需要有氧氣,碳水化合物含量高之食品,B,,第二次
112,2023/11/11,食品品保初級工程師,食品科學概論,7,造成大腸桿菌O157：H7 之食品中毒時常與攝食何種食品感染有關？,水產製品,牛肉製品,罐頭製品,雞肉製品,B,,第二次
112,2023/11/11,食品品保初級工程師,食品科學概論,8,為預防金黃色葡萄球菌腸毒素中毒的發生以下何種敘述為「非」？,避免徒手接觸食品,為了為護品質食品在製備後於室溫緩慢降溫,有化膿或傷口避免製備食品,注意手部清潔,B,,第二次
112,2023/11/11,食品品保初級工程師,食品科學概論,9,有關預防諾羅病毒中毒的方式以下何者為「非」？,避免徒手接觸食物,正確的洗手,諾羅病毒中毒後可戴口罩與手套繼續處理食物,貝類需煮熟在食用,C,,第二次
112,2023/11/11,食品品保初級工程師,食品科學概論,10,執行黴菌及酵母菌數之檢驗時，有關以傾注平板法進行之敘述，下列何者錯誤？,"將各稀釋倍數之檢液及原液充分振搖均勻後，以無菌操作分取l mL 注入一個培
養皿",每一稀釋檢液重複做二皿,於每個培養皿注入已冷卻至45 ± 1℃之DG18 培養基20~25 mL,"溫和地以順時針方向，續以反時針方向水平旋轉，在不沾染培養皿蓋之情況下，
混合稀釋檢液與培養基",B,,第二次
112,2023/11/11,食品品保初級工程師,食品科學概論,11,進行微生物檢驗時，下列何種微生物培養時，需要使用厭氧培養？,大腸桿菌,李斯特菌,產氣莢膜桿菌,金黃色葡萄球菌,C,,第二次
112,2023/11/11,食品品保初級工程師,食品科學概論,12,培養基中如有對光或熱敏感之物質，該培養基應如何滅(除)菌？,高溫高壓濕熱滅菌,高溫乾熱滅菌,過濾除菌,紫外光滅菌,C,,第二次
112,2023/11/11,食品品保初級工程師,食品科學概論,13,微生物檢驗過程中，添加檢驗非目標菌株之對照組稱為：,陽性對照組,陰性對照組,空白對照組,以上皆非,B,,第二次
112,2023/11/11,食品品保初級工程師,食品科學概論,14,依照衛生福利部公告食品中大腸桿菌之檢驗方法，下列敘述何者錯誤？,"當有兩種稀釋倍數平板之菌落數在15～150 之間時，先個別計算出各稀釋倍數之
大腸桿菌菌數，再取其平均值","其菌數之表示方式為CFU/g 或CFU/mL，記錄菌數時應將第三位數字四捨五入，
使其有效數字為兩位",檢體總量不足50g(mL)時，應依檢體量，添加適量之稀釋液，作成10 倍稀釋檢液,"檢體經系列稀釋後，以選擇性培養基培養及計數或以三階三支進行培養，配合
MPN 計數之方法",B,,第二次
112,2023/11/11,食品品保初級工程師,食品科學概論,15,"固態樣品之生菌數檢驗結果中，各序列稀釋之平板皆無菌落生長，其結果應如何
表示？",0 CFU/g,<10 CFU/mL,<10 CFU/g,>10 CFU/mL,C,,第二次
112,2023/11/11,食品品保初級工程師,食品科學概論,16,革蘭氏染色之酒精，主要會將革蘭氏陰性菌外膜之何種物質溶出？,蛋白質,碳水化合物,脂質,礦物質,C,,第二次
112,2023/11/11,食品品保初級工程師,食品科學概論,17,下列有關輪狀病毒與諾羅病毒之敘述，何者有誤？,輪狀病毒與諾羅病毒皆為DNA 病毒,兩種病毒皆是糞口傳播為主,容易引起腹瀉、發燒及嘔吐,抵抗力較弱的嬰幼兒容易感染,A,,第二次
112,2023/11/11,食品品保初級工程師,食品科學概論,18,以下何者「非」金黃色葡萄球菌腸毒素造成之食品中毒症狀？,發燒,噁心,嘔吐,腹瀉,A,,第二次
112,2023/11/11,食品品保初級工程師,食品科學概論,19,在團膳與餐飲場所中，最方便有效控制食物中細菌生長的方法為：,溫度與酸鹼性,酸鹼性與水活性,時間與溫度,時間與水活性,C,,第二次
112,2023/11/11,食品品保初級工程師,食品科學概論,20,下列何者為感染型細菌性食物中毒？,金黃色葡萄球菌,肉毒桿菌,沙門氏菌,仙人掌桿菌,C,,第二次
112,2023/11/11,食品品保初級工程師,食品科學概論,21,食品微生物腸炎弧菌經革蘭氏染色後，呈：,淡紅,深紫,黃,綠色,A,,第二次
112,2023/11/11,食品品保初級工程師,食品科學概論,22,有關碳水化合物分析方法，下列何者錯誤？,酚-硫酸法主要測定碳水化合物的總量,測定還原糖總量常用索模吉-納爾遜法(Somogy-Nelson method),可直接利用氣相層析法分析碳水化合物的醣類組成,折射計可檢測汽水中蔗糖的含量,C,,第二次
112,2023/11/11,食品品保初級工程師,食品科學概論,23,下列何種檢測方式不能用來分析維生素C 之含量？,"2,4-二硝基苯胼法(2,4-Dinitrophenylhydrazine)","3,5-二硝基水楊酸法(3,5-Dinitrosalicylic acid)",高效液相色層層析法,螢光分光光度法,B,,第二次
112,2023/11/11,食品品保初級工程師,食品科學概論,24,有關降低食品水活性的方法，下列敘述何者錯誤？,減少水分含量,冷藏或冷凍,添加保濕劑,透氣包裝,D,,第二次
112,2023/11/11,食品品保初級工程師,食品科學概論,25,下列氣相層析儀檢測器的適用對象，何者正確？,氫火焰離子化檢測器(FID)，除了空氣中的氣體外，幾乎可檢測所有物質,電子捕獲檢測器(ECD)，可檢測大部分有機化合物,火焰光度檢測器(FPD)，主要檢測含S 或P 化合物,光離子化檢測器(PID)，主要檢測含鹵素、N 或共軛雙鍵化合物,C,,第二次
112,2023/11/11,食品品保初級工程師,食品科學概論,26,抑制劑對酵素具有不競爭性抑制作用(uncompetitive inhibition)時，酵素的_____。,Km 及Vmax 兩者不變,Km 增加及Vmax 不變,Km 不變及Vmax 降低,Km 及Vmax 兩者均變小,D,,第二次
112,2023/11/11,食品品保初級工程師,食品科學概論,27,油脂純化的步驟依序為何？,沉澱、脫膠、脫酸、脫色、脫臭、冬化,脫酸、脫色、沉澱、脫膠、脫臭、冬化,冬化、脫酸、脫色、脫臭、沉澱、脫膠,沉澱、脫膠、脫酸、脫臭、脫色、冬化,A,,第二次
112,2023/11/11,食品品保初級工程師,食品科學概論,28,製作啤酒時，使用大麥芽的主要目的為何？,增加啤酒風味,產生苦味,提供糖化酵素,增加色澤,C,,第二次
112,2023/11/11,食品品保初級工程師,食品科學概論,29,"有一批稻穀平均灰分含量為2.5%，假若要得到100 mg 以上的稻穀灰分，應該取
多少g 稻穀樣品進行灰化？",2,4,6,8,BCD,,第二次
112,2023/11/11,食品品保初級工程師,食品科學概論,30,作為油脂的抗氧化劑，穀胱甘肽過氧化酶需要下列何種礦物質進行催化？,硒,鋅,銅,鐵,A,,第二次
112,2023/11/11,食品品保初級工程師,食品科學概論,31,為避免光分解，下列何種試劑需使用褐色瓶盛裝？,鹽酸,硫酸,硝酸銀,氫氧化鈉,C,,第二次
112,2023/11/11,食品品保初級工程師,食品科學概論,32,下列何者為可口奶滋餅乾椰香味成分？,amyl acetate,citric acid,1-octen-3-ol,gamba-octalactone,ABCD,,第二次
112,2023/11/11,食品品保初級工程師,食品科學概論,33,下列何種色素加入鐵或鋁離子溶液會變色？,葉綠素,類黃酮素,類胡蘿蔔素,肌紅蛋白,B,,第二次
112,2023/11/11,食品品保初級工程師,食品科學概論,34,下列合成黏稠劑中，何者設有用量標準？,海藻酸鈉,酪蛋白鈉,三仙膠,結蘭膠,A,,第二次
112,2023/11/11,食品品保初級工程師,食品科學概論,35,雞精中訴求抗疲勞的指標成分為支鏈胺基酸，下列何者不是？,alanine,isoleucine,leucine,valine,A,,第二次
112,2023/11/11,食品品保初級工程師,食品科學概論,36,"斐林試劑可以用來定性及定量檢測分析還原醣，在此反應過程中，所形成之棕紅
色沈澱物為下列何種物質？",Cu2O,CuO,Cu,CuSO4,A,,第二次
112,2023/11/11,食品品保初級工程師,食品科學概論,37,下列何者與斐林試液(Fehling’s solution)反應，不會呈現紅色沉澱？,葡萄糖,果糖,乳糖,蔗糖,D,,第二次
112,2023/11/11,食品品保初級工程師,食品科學概論,38,我國合法食品添加物品項最多的為哪一項？,營養強化劑,調味劑,乳化劑,黏稠劑,A,,第二次
112,2023/11/11,食品品保初級工程師,食品科學概論,39,"要用多少毫升12 mol/L 的鹽酸溶液，才能稀釋製備成250 mL 2 mol/L 的鹽酸溶
液？",11.67,21.67,31.67,41.67,D,,第二次
112,2023/11/11,食品品保初級工程師,食品科學概論,40,下列何種方法無法有效降低食物中的水分含量？,油炸,擠壓,冷凍,充氮包裝,CD,,第二次
112,2023/11/11,食品品保初級工程師,食品科學概論,41,國內植物油脂精製過程，一般可省略下列哪個步驟？,脫膠,冬化,脫色,脫臭,B,,第二次
112,2023/11/11,食品品保初級工程師,食品科學概論,42,欲分析某知名品牌咖啡豆的香氣成分，下列那一種分析方法較適宜？,原子吸光光譜法,高效液相層析法,氣相層析法,核磁共振分析法,C,,第二次
112,2023/11/11,食品品保初級工程師,食品科學概論,43,下列有關包裝之說明中，何者不正確？,鋁箔具有良好的耐酸、耐鹼性,脫氧劑不可以重覆使用,紫外線不透過玻璃容器，但是可見光會透過,聚乙烯膜的通氣性比玻璃高,A,,第二次
112,2023/11/11,食品品保初級工程師,食品科學概論,44,有關納豆的加工技術，下列敘述何者正確？,納豆是一種紅豆發酵食品,納豆菌是一種厭氧性的微生物,納豆發酵工程的良好發酵條件為溫度40-45℃，相對溼度85-90%,"納豆菌發酵食品裡的拉絲成分主為黏質多醣，已被證實具有溶解血栓的保健生理
功能",C,,第二次
112,2023/11/11,食品品保初級工程師,食品科學概論,45,有關製茶加工中的發酵程序，下列敘述何者不正確？,一般都涉及微生物的參與,"主要涉及茶菁內的酵素性反應(例如多元酚氧化酶)與兒茶素、單寧、葉綠素等成分
的氧化及變色反應",發酵程度的認定可用茶葉中兒茶素氧化程度的高低作為依據,東方美人茶的發酵程度一般高於高山烏龍茶,A,,第二次
112,2023/11/11,食品品保初級工程師,食品科學概論,46,"殺菌釜作低酸性食品之殺菌時，若有未妥善控制造成之偏差，在殺菌完後經過一
段時間才發現者，應如何處理？",應一律予以銷毀,得再次殺菌，補足殺菌值缺額即可出廠，否則應予銷毀,如經評估證實此等產品無危害公共健康的微生物存在則可出廠，否則應予銷毀,如在二星期內未出現膨罐則可出廠，否則應予銷毀,C,,第二次
112,2023/11/11,食品品保初級工程師,食品科學概論,47,將澱粉從原料分離以製造食用澱粉，下列何者一般不需經過浸漬處理？,稻米,玉米,甘薯,小麥,C,,第二次
112,2023/11/11,食品品保初級工程師,食品科學概論,48,"蔬果預冷保鮮的要求，取決於蔬果的種類、預冷方法等因子，商業操作上，在建
立預冷降溫曲線後，一般用何種預冷時間作為預冷操作的實際估計？",7/8 預冷時間,1/2 預冷時間,1/8 預冷時間,3/4 預冷時間,A,,第二次
112,2023/11/11,食品品保初級工程師,食品科學概論,49,有關蔬菜罐頭之加工技術，下列敘述何者正確？,"竹筍中之酪胺酸在加熱時可被溶出並與氮化物結合，易造成竹筍罐頭汁液白濁而
影響商品價值，一般可以加長原料漂水時間而防止之",整粒番茄罐頭之加工，常使用食鹽來保持番茄固有之果形並防止軟化,"蘆筍罐頭之加工極易因脫錫現象而無法產生香氣，應注意製程盡量排除空氣並配
合高溫短時殺菌","洋菇罐頭之加工可在鹽液中酌量添加維生素C 及檸檬酸，以改善高溫短時殺菌所
造成的過度收縮現象",A,,第二次
112,2023/11/11,食品品保初級工程師,食品科學概論,50,有關果汁之加工技術，下列敘述何者正確？,番茄汁之加工一般會先採冷破碎榨汁，再行殺菁破壞其酵素，以提高汁液粘度,葡萄汁之加工一般會先加熱至適當溫度以促使色素溶出，再行榨汁,"生產混濁果汁時，一般會以超過濾法來控制果汁的固形物，使果肉安定懸浮於果
汁中",一般市售「稀釋果汁飲料」，其糖度約控制在18-25%，酸度約控制在0.1-0.5%之間,B,,第二次
112,2023/11/11,食品品保初級工程師,食品科學概論,51,"當葡萄糖經過酵母菌發酵反應變成酒精時，理論上，1 公克的葡萄糖經發酵後可
產生：",0.511 公克的酒精,1 公克的酒精,0.667 公克的酒精,0.801 公克的酒精,A,,第二次
112,2023/11/11,食品品保初級工程師,食品科學概論,52,黃豆及小麥是釀造醬油的主原料，在製麴前：,黃豆需先經焙炒，小麥則需先經浸漬潤麥及蒸煮,小麥需先經焙炒，黃豆則需先經浸漬蒸煮,二者皆需先焙炒再浸漬蒸煮,小麥需先經焙炒，黃豆則需先經焙炒再浸漬蒸煮,B,,第二次
112,2023/11/11,食品品保初級工程師,食品科學概論,53,有關釀造酒之加工技術，下列敘述何者正確？,其加工原理是利用醣類被微生物或酵素分解變為酒精及醋的作用,單式發酵釀造酒是直接利用含澱粉質的原料經酵母菌作用而成,啤酒之釀造一般以“單行複式發酵”程序進行之,葡萄酒等高酒精濃度發酵產品一般以“並行複式發酵”程序進行之,C,,第二次
112,2023/11/11,食品品保初級工程師,食品科學概論,54,"食品進行冷凍處理，當溫度降至最大冰晶生成帶之最低溫時，此時食品中約有多
少所含之液體已凍結成冰晶？",60 ~ 80%,40 ~ 50%,20 ~ 30%,95~ 100%,A,,第二次
112,2023/11/11,食品品保初級工程師,食品科學概論,55,下列何種包裝食品適合採用真空包裝？,洋芋片,乾酪片,即溶咖啡,胚芽米,D,,第二次
112,2023/11/11,食品品保初級工程師,食品科學概論,56,毛豆若未經殺菁即予冷凍保存，會因何種酵素的作用，導致產生不良風味？,果膠酶,磷酸脂解酶,脂肪加氧酶(lipoxygenase),超氧歧化酶(superoxide dismutase),C,,第二次
112,2023/11/11,食品品保初級工程師,食品科學概論,57,有關影響罐頭真空度的因素，下列敘述何者正確？,罐頭上部空隙愈大，真空度愈低,脫氣時，罐內溫度愈高，真空度愈低,罐外大氣壓力愈低，真空度愈低,脫氣時間愈久，真空度愈低,C,,第二次
112,2023/11/11,食品品保初級工程師,食品科學概論,58,有關乾式及濕式灰分測定法的比較，下列敘述何者錯誤？,溫度：濕式灰分測定法所需的溫度較高,時間：濕式灰分測定法所需的時間較長,操作過程：乾式灰分測定法較簡單,樣品前處理：乾式灰分測定法較簡單,B,,第二次
112,2023/11/11,食品品保初級工程師,食品科學概論,59,下列微生物最可能在低水活性(0.8)食品中檢測到的是？,Aspergillus,Saccharomyces,Vibrio,Acetobacter,A,,第二次
112,2023/11/11,食品品保初級工程師,食品科學概論,60,有關茶葉之敘述，何者有誤？,紅茶屬於半發酵茶,烏龍茶屬於半發酵茶,綠茶屬於不發酵茶,半發酵係指萎凋作業,A,,第二次
112,2023/11/11,食品品保初級工程師,食品科學概論,61,下列有關商業殺菌的名詞定義，何者有誤？,"D 值係指在一定的致死溫度條件下，某細菌數群中90％的原有殘存活菌被殺死所
需的時間(min)，所以D 值指溫度","Z 值係指在一定條件下，縮短某微生物90%的加熱時間，所需要提高的溫度值，
所以Z 值指溫度","F 值係指在一特定溫度條件下，殺死一定數量目標菌所需要熱處理的時間(min)，
所以F 值指時間",罐頭殺菌用的F0 值，係指在121℃下殺菌作業，所需的時間,A,,第二次
112,2023/11/11,食品品保初級工程師,食品科學概論,62,液體蛋的殺菌，一般採取下列何種方法？,超高溫滅菌法(UHT),高溫短時滅菌法(HTST),巴氏低溫滅菌法(Pasteurization),低溫長時滅菌法(LTLT),C,,第二次
112,2023/11/11,食品品保初級工程師,食品科學概論,63,有關加工肉品中食品添加物之添加目的，下列敘述何者正確？,蛋黃可做為肉品的保色劑,磷酸鹽可作為肉品的結著劑,亞硝酸鹽可作為肉品的乳化劑,己二烯酸可作為肉品的調酸劑,B,,第二次
112,2023/11/11,食品品保初級工程師,食品科學概論,64,"食品加工保藏法中，利用溫度的升高將食品中的病原菌、毒素產生菌、腐敗菌完
全消滅，雖可能殘存有耐熱性孢子，然其殘存孢子於一般貯運條件下不會萌芽，
這種殺菌法稱為：",殺菁殺菌法,商業殺菌法,絕對殺菌法,相對殺菌法,B,,第二次
112,2023/11/11,食品品保初級工程師,食品科學概論,65,豬肉醬罐頭製程中的加熱殺菌條件，下列何者最適合？,121℃加熱15 秒鐘,135℃加熱5 秒鐘,121℃加熱15 分鐘,100℃加熱20 分鐘,C,,第二次
112,2023/11/11,食品品保初級工程師,食品科學概論,66,可利用微生物檢測的維生素為？,維生素A,菸鹼酸,生物素,維生素C,B,,第二次
112,2023/11/11,食品品保初級工程師,食品品保概論,1,"若企業產品僅提供業務用，企業官網適合建置哪些內容？A.產品系列圖樣；B.投入關
鍵字促使網站排名優化；C.國內外市場使用相同關鍵字；D.導入google analytics 了解
網站訪客輪廓",ABCD,ABC,ABD,BCD,C,,第二次
112,2023/11/11,食品品保初級工程師,食品品保概論,2,"美國FDA 於2019 年啟動數位系統管理食品安全，根據食品類型和原產國過去發生的
問題等條件，對進口食品進行風險分級，當年使用的數位科技不包括？",數據分析,人工智慧(AI),區塊鏈,機械學習,C,,第二次
112,2023/11/11,食品品保初級工程師,食品品保概論,3,"針對品質不同的時期、不同的人或組織都對它有不同的定義，請問以下描述何者有
誤？",戴明博士：品質是一種以最經濟的方式，生產出最有效且有買主的製品,費根堡博士：品質必定是「最好的」,克勞斯比博士：品質就是符合要求標準,ISO 9000：某一標的之一套固有特性符合其要求事項之程度,B,,第二次
112,2023/11/11,食品品保初級工程師,食品品保概論,4,下列何者不是餐飲業食品安全管制衛生評鑑應具備的申請資格？,領有工廠登記證,設有食品安全管制系統小組,具有縣市食品產業公會會員,具有符合食品良好衛生規範建築與設施硬體要求及軟體管理下之各項標準作業程序書,C,,第二次
112,2023/11/11,食品品保初級工程師,食品品保概論,5,若身為食品業者，生產真空包裝型態之即食食品，其產品安全性考慮因子不包括：,成品保存溫度條件,pH,放射線照射,水活性,C,,第二次
112,2023/11/11,食品品保初級工程師,食品品保概論,6,"利用直方圖可了解製程能力與產品規格之間的關係，作為品質改善的依據，請問直方
圖以何種方式呈現為佳？",雙峰型,左偏型,右偏型,常態分配型,D,,第二次
112,2023/11/11,食品品保初級工程師,食品品保概論,7,透過資訊技術調整流程稱為？,數位化,數位優化,數位轉型,數位流程,B,,第二次
112,2023/11/11,食品品保初級工程師,食品品保概論,8,品管新七大手法中，請問那一個手法與數據有關？,PDPC(Process decision program chart)法,親和圖法,矩陣數據解析法,箭線圖法,C,,第二次
112,2023/11/11,食品品保初級工程師,食品品保概論,9,"品管大師克勞斯比致力推動「零缺點」(Zero Defect)活動，請問下列那一項非其主要
原則精神？",品質追求最好,品質是預防而來的，而不是靠檢驗,衡量品質的標準是「零缺點」，而不是差不多,以「產品不符合標準的代價」來衡量品質,A,,第二次
112,2023/11/11,食品品保初級工程師,食品品保概論,10,"組織營運和食品安管理系統(Food Safety Management System)的相關議題有關，下列
何項與組織的外部議題無關？",社會和經濟的環境,員工職場的滿意度,競爭與市場的分析,知識和績效的議題,B,,第二次
112,2023/11/11,食品品保初級工程師,食品品保概論,11,食品安全管理系統強調風險管理，請問下列敘述何者錯誤？,風險係指不確定性的效應,風險係指對工廠有危害的負面效應,風險也有可能指對於工廠而言是正面的效應,風險管理對於工廠的食品安全管理系統而言可增進其有效性,B,,第二次
112,2023/11/11,食品品保初級工程師,食品品保概論,12,"110 年7 月1 日起公告之食品中微生物衛生標準，對於冷藏之柳橙鮮榨果汁飲料業應
注意：",衛生標準未改變,衛生標準已改變，須驗腸桿菌科,衛生標準項目未改變，其限量改變,衛生標準已改變，需檢驗大腸桿菌、沙門氏菌及大腸桿菌O157:H7,D,,第二次
112,2023/11/11,食品品保初級工程師,食品品保概論,13,"某食品廠接受代工包裝食品添加物，其委託商提供合法之食品添加物許可證，該食品
廠：",合法，因為其委託商提供之證明合法,不合法，該食品廠需申請食品添加物許可證,合法，因為該食品廠已有食品工廠登記，符合食品製造要求,不合法，因為委託商僅提供合法之食品添加物許可證還不夠，還須提出販售證明,B,,第二次
112,2023/11/11,食品品保初級工程師,食品品保概論,14,關於食品工廠食品安全文化的建立，下列敘述何者正確？,不包含外包人員,工廠負責人不需參與,承諾食品安全政策,客戶的需求,C,,第二次
112,2023/11/11,食品品保初級工程師,食品品保概論,15,工廠現場常張貼許多標語，請問一般所謂的5S 運動，不包括下列那一項？,整頓,清掃,安全,整理,C,,第二次
112,2023/11/11,食品品保初級工程師,食品品保概論,16,"危害分析重要管制點制度(hazard analysis critical control point system；HACCP system；
簡稱HACCP 制度)。其中危害分析(HA)是指：",以科學與技術為根據，來判定安全危害分析重要管制點,"針對食品生產過程，包括從原料採收處理開始，經由加工、包裝，流通乃至最終產品
提供消費者為止，進行一科學化及系統化之評估分析以瞭解各種危害發生之可能性","針對製程中之某一點、步驟或程序，其危害發生之可能性高者，訂定有效控制措施與
條件以預防、去除或降低食品危害至最低可以接受之程度",食品中可能引起消費者不安全之生物、化學或物理性物質,B,,第二次
112,2023/11/11,食品品保初級工程師,食品品保概論,17,"最近由某國出口至本國之「片狀紅辣椒(FLAKED RED PEPPER)」，檢出含非法定著
色劑，此至少係指其規定不符：",不符合我國之「食品添加物使用範圍及限量暨規格標準」規定,不符合出口國之規定,不符合WHO 之規定,以上皆非,A,,第二次
112,2023/11/11,食品品保初級工程師,食品品保概論,18,縮水甘油脂肪酸酯(GEs)最可能出現在下列哪一種食品中？,大豆沙拉油,壓榨花生油,壓榨芝麻油,初榨橄欖油,A,,第二次
112,2023/11/11,食品品保初級工程師,食品品保概論,19,下列何種食品須檢測李斯特菌？,pH4.2 之蜂蜜,水活性0.85 之糖果,pH4.6 且水活性0.9 之食鹽,pH5.2 且水活性0.85 之砂糖,D,,第二次
112,2023/11/11,食品品保初級工程師,食品品保概論,20,"依據GHP 準則，對於「冷藏真空包裝即食食品之保存期限可在十日以上」之條件，
下列何者不正確？",添加亞硝酸鹽或硝酸鹽,水活性在0.85 以下,pH 值小於4.6,鹽濃度大於3.5%之煙燻及發酵產品,B,,第二次
112,2023/11/11,食品品保初級工程師,食品品保概論,21,關於罐頭食品之作業要求，以下敘述何者正確？,"殺菌因屬於專門技術，故殺菌操作人員應經中央衛生福利主管機關認定之機構訓練合
格，並領有證書，才可擔任","殺菌操作人員應即時填寫殺菌工作報告，並每日在自動溫度紀錄儀紙上簽名，此二種
紀錄應可互相對照","低酸性及酸化罐頭食品之殺菌條件，應由地方主管機關認定具有對殺菌設備及殺菌專
門知識之機構定之",每一種產品所設定之殺菌條件皆是公司之機密，故不應張貼於殺菌設備附近明顯易見處,B,,第二次
112,2023/11/11,食品品保初級工程師,食品品保概論,22,"生產塑膠類食品包材，研發經效期評估後決定將有效日期訂為4 年，請問依GHP 要
求所建立的紀錄至少應留存多久？",4 年,5 年,6 年,7 年,D,,第二次
112,2023/11/11,食品品保初級工程師,食品品保概論,23,有關「食品及其相關產品回收銷毀處理辦法」，下列敘述何者正確？,回收級別之第一級是指物品對民眾雖然不致造成健康危害，但其品質不符合規定者,"回收物品為應銷毀者，應於回收計畫中明訂銷毀程序；銷毀程序有污染環境之虞，應
依消保相關法規進行銷毀",遇第三級回收之情況，應即發布新聞稿公告周知,責任廠商應於物品回收之過程中，定期向直轄市、縣(市)主管機關提出回收進度報告,D,,第二次
112,2023/11/11,食品品保初級工程師,食品品保概論,24,無菌充填包裝系統之操作條件觀測及記錄時間之間隔，應不超過：,五分鐘,十分鐘,半小時,一小時,D,,第二次
112,2023/11/11,食品品保初級工程師,食品品保概論,25,食品用洗潔劑無需檢測下列何種物質？,甲醇,乙醇,砷,重金屬,B,,第二次
112,2023/11/11,食品品保初級工程師,食品品保概論,26,金屬罐頭捲封解體檢查項目，何者有誤？,捲封寬度,捲封厚度,捲封長度,罐蓋深度,C,,第二次
112,2023/11/11,食品品保初級工程師,食品品保概論,27,實施食品安全管制系統之乳品工廠，鮮乳產品被驗出腸桿菌超標，最有可能原因是？,作業人員未戴手套,成品冷藏庫環境落菌超標,鮮乳儲存槽溫度過高,品管室培養箱汙染,C,,第二次
112,2023/11/11,食品品保初級工程師,食品品保概論,28,殺菌作業中，殺菌、排氣或重要因子未妥善控制造成之偏差，下列作法何者有誤？,於殺菌中發現者，應延長殺菌時間,殺菌完成後即時發現殺菌溫度異常，應全部重行殺菌,殺菌完成後一段時間發現殺菌溫度異常應全部重行殺菌,"殺菌完成後一段時間發現殺菌溫度異常，經評估證實此等產品無危害人體健康之微生
物存在，應重行殺菌",C,,第二次
112,2023/11/11,食品品保初級工程師,食品品保概論,29,有關食品營養標示，下列何種情況其所含營養素不得以零標示？,食品每100 公克所含蛋白質量為0.4 公克,食品每100 公克所含鈉量為0.5 公克,食品每100 公克所含糖量為0.1 公克,食品每100 公克所含脂肪量為0.2 公克,B,,第二次
112,2023/11/11,食品品保初級工程師,食品品保概論,30,有關GHP 製程管理與品質管制要求，下列敘述何者錯誤？,成品應留樣保存至有效日期,成品有效日期之訂定，應進行保存性試驗以取得合理依據,成品既經品質抽驗，在未得到檢查結果前，該批成品不得出貨,成品為包裝食品者，其成分應確實標示,B,,第二次
112,2023/11/11,食品品保初級工程師,食品品保概論,31,食品業者對主管機關檢驗結果有異議時，得於收受通知後幾日內申請複驗？,10 天,15 天,20 天,30 天,B,,第二次
112,2023/11/11,食品品保初級工程師,食品品保概論,32,膠囊狀錠狀形式的維生素產品之營養標示，下列的單位何者不正確？,每一份量,每一粒,每一顆,每100 g,D,,第二次
112,2023/11/11,食品品保初級工程師,食品品保概論,33,下列哪些產品可以標示療效？,一般食品,健康食品,藥品,保健食品,C,,第二次
112,2023/11/11,食品品保初級工程師,食品品保概論,34,食品從業人員於食品作業場所內工作時：,應戴手套工作,應戴工作帽,可塗抹淡色指甲油,可塗抹護手霜,B,,第二次
112,2023/11/11,食品品保初級工程師,食品品保概論,35,依據GHP 準則，下列對於「應設置防止病媒侵入」之地點，何者不正確？,廢棄物儲存區,門窗,抽排氣通風口,排水溝,A,,第二次
112,2023/11/11,食品品保初級工程師,食品品保概論,36,"食品業者從事食品及其相關產品製造、加工、調配業務時建立之追溯追蹤系統，不須
包含下列各管理項目：",原材料來源資訊,產品成本資訊,產品流向資訊,庫存原材料及產品之名稱、總重量或總容量,B,,第二次
112,2023/11/11,食品品保初級工程師,食品品保概論,37,得免除營養標示之包裝食品是：,果汁,蜜餞,三合一咖啡,非直接售予消費者之食品原料,D,,第二次
112,2023/11/11,食品品保初級工程師,食品品保概論,38,下列有關溫度之管理，何者有誤？,低溫食品之理貨區溫度應在15℃以下,食品熱藏販售時，溫度應保持在55℃以上,冷凍食品貯存時，庫溫應在-18℃以下,冷藏食品貯存時，庫溫應在7℃以下,B,,第二次
112,2023/11/11,食品品保初級工程師,食品品保概論,39,"符合公告規模之餐盒食品製造、加工、調配業者以書面或電子建立之追溯追蹤系統，
應記載以下什麼資訊？ a 留存相關產品資訊； b 原材料資訊(進貨)； c 產品流向資
訊(出貨)； d 內部追溯之紀錄資料。",abcd,abc,ab,a,A,,第二次
112,2023/11/11,食品品保初級工程師,食品品保概論,40,冬蟲夏草菌絲體食品，應：,即是俗稱之蟲草，以中藥材的「冬蟲夏草」為原料,以中華被毛孢(Hirsutella sinensis)為原料時，免提供菌株來源證明,於產品外包裝上明確標示為冬蟲夏草菌(Cordyceps sinensis),可標示「抗疲勞」、「護肝」及「調節免疫」等功效,B,,第二次
112,2023/11/11,食品品保初級工程師,食品品保概論,41,"下列何者符合全穀產品宣稱及標示原則？ a.固體產品所含原料粉佔配方總重量百分比
51%(含)以上為全穀，可宣稱為全穀原料粉； b.固體產品所含全穀成分佔配方總重量百
分比51%(含)以上，可宣稱為全穀產品； c.固態產品中全穀燕麥佔配方總重量百分比51%
以上，產品可以全穀燕麥命名； d.全穀含量占配方總重量百分比為50.5%，視為50%。",bcd,abc,acd,bc,A,,第二次
112,2023/11/11,食品品保初級工程師,食品品保概論,42,有關順丁烯二酸酐之敘述下列何者為非？,順丁烯二酸酐(Maleic anhydride)又名馬來酸酐或去水蘋果酸酐，常簡稱順酐,存在於合法添加物蘋果酸及反丁烯二酸中,"食品加工過程，經高溫烘焙由梅納褐變反應或發酵過程由檸檬酸或反丁烯二酸二甲酯
轉換產生",由合法的順丁烯二酸酐所製之包材中溶出，而游離至食品,C,,第二次
112,2023/11/11,食品品保初級工程師,食品品保概論,43,"下列有關產品資訊之各項目中，何者不是輸入食品業者追溯追蹤系統一定必須具備
者：",原料原產地資訊,輸出及輸入港口名稱,產品儲運條件,報驗義務人名稱之統一編號,C,,第二次
112,2023/11/11,食品品保初級工程師,食品品保概論,44,"衛福部食品藥物管理署監測市售畜禽水產品之動物用藥殘留，如發現有違反動物用藥
殘留標準規定者，屬違反什麼法規？",食品安全衛生管理法,食品工廠建築及設備設廠標準,食品良好衛生規範準則,食品衛生標準法,A,,第二次
112,2023/11/11,食品品保初級工程師,食品品保概論,45,微生物生長曲線中，細胞呈幾何級數增加，且生理較一致，為微生物哪個時期？,遲滯期,對數期,穩定期,死滅期,B,,第二次
112,2023/11/11,食品品保初級工程師,食品品保概論,46,有關對於盒餐中仙人掌桿菌的防制措施，下列何者較不正確？,勿在室溫(25-40℃)放置4 小時以上,保存在冷藏環境中，2~3 天內食用完畢,食物烹調後，未能馬上食用，應保溫在65℃以上,外購熟食菜餚可直接放入餐盒中,D,,第二次
112,2023/11/11,食品品保初級工程師,食品品保概論,47,下列哪類產品不必標示含有致過敏性內容物名稱之顯著醒語資訊？,甲殼類及其製品，蛋及其製品,芒果及其製品，堅果類及其製品,花生及其製品，芝麻及其製品,乳糖醇，葡萄糖漿及麥芽糊精,D,,第二次
112,2023/11/11,食品品保初級工程師,食品品保概論,48,包裝食品營養標示之數據修整方式，下列敘述何者為誤？,每一份量、份數、每日參考值百分比等標示項目，以整數或至小數點後一位標示,維生素、礦物質以有效數字不超過二位為原則,"每一份量之重量(或容量)經數據修整以小數點後一位標示仍無法呈現數值時，得以至
小數點後二位標示",標示項目其產品每一百公克(或毫升)所含熱量或營養素含量無法符合以「０」標示,B,,第二次
112,2023/11/11,食品品保初級工程師,食品品保概論,49,"含致生過敏之內容物者，應於其容器或外包裝上，標示含有致過敏性內容物名稱，下
列何者須標示顯著醒語資訊？ (1)含麩質之穀物及其製品；(2)大豆及其製品；(3)魚類
及其製品；(4)使用亞硫酸鹽類。","1, 2, 3","2, 3, 4","1, 3, 4","1, 2, 3, 4",AD,,第二次
112,2023/11/11,食品品保初級工程師,食品品保概論,50,"由乳品衍生之油脂製品，經殺菌、攪動、提煉製成，且乳脂肪含量達百分之八十以上
之產品，稱之為何？",乳脂,奶油,鮮奶油,脂肪抹醬,B,,第二次
112,2023/11/11,食品品保初級工程師,食品品保概論,51,"A 公司之品牌產品委託B 公司代工製造產品，並委託B 公司於製造後以A 公司名義
代為販售出貨給甲經銷商(物流商為B 公司僱用之C 公司)，出貨單填載之出貨者為A
公司，請問對A 公司而言(販售業)，下列何者最正確？",上一手是B 公司，下一手是甲經銷商,上一手是A 公司，下一手是B 公司,上一手是A 公司，下一手是甲經銷商,上一手是B 公司，下一手是B 公司,A,,第二次
112,2023/11/11,食品品保初級工程師,食品品保概論,52,食品追溯追蹤系統管理辦法中，下列哪種業務不必建立追溯追蹤系統？,製造、加工,輸出、輸入,調配、販賣,未改變原包裝型態，僅進行組合,D,,第二次
112,2023/11/11,食品品保初級工程師,食品品保概論,53,控制即食性沙拉用生菜產品之病原菌生長的方法，下列哪個方法比較不適當？,原料適當清洗降低微生物之菌數,使用調氣包裝,控制適當冷藏溫度,調整產品的酸度及pH 值,D,,第二次
112,2023/11/11,食品品保初級工程師,食品品保概論,54,"某小工廠進貨花生生產花生糖，於原料驗收時，下列哪一項作業，是符合工廠實際要
求之合理作業？",每批入廠時，需抽樣確認水分含量及外觀,每批入廠時，需進行檢驗確認黃麴毒素,每年檢驗一次水分含量及外觀,以上皆非,A,,第二次
112,2023/11/11,食品品保初級工程師,食品品保概論,55,"建立食品追溯追蹤制度相關業者，多久須於申報食品追溯追蹤資訊至食品追溯追蹤管
理資訊系統─非追不可？",每日,每週,每月,每隔一週,C,,第二次
112,2023/11/11,食品品保初級工程師,食品品保概論,56,"含有咖啡因成分，且有容器或包裝之液態飲料，標示「低咖啡因」時，咖啡因含量需
低於多少？",≦2 毫克／100 毫升,≦5 毫克／100 毫升,≦10 毫克／100 毫升,≦20 毫克／100 毫升,A,,第二次
112,2023/11/11,食品品保初級工程師,食品品保概論,57,市售包裝冷凍食品，除應依食品衛生管理法所規定標示外，應加標：,保存方法,保存條件,加熱調理條件,保存方法及保存條件，屬需加熱調理始得供食者，還需加標加熱調理條件,D,,第二次
112,2023/11/11,食品品保初級工程師,食品品保概論,58,"某食品添加物工廠進口同一製造廠生產之抗壞血酸鈉3 批，混合後賣給飲料工廠，做
為飲料的成分之一進行生產。請問下列哪一項敘述適當？",該食品添加工廠之抗壞血酸鈉為同一製造廠製造，故追蹤追溯紀錄不須分為3 批,"該食品添加物工廠之抗壞血酸鈉，雖為同一製造廠來源，但是不同批次仍應個別紀錄，
以作為追蹤追溯依據",飲料廠需要知道並記錄該3 批抗壞血酸，以作為追蹤追溯依據,以上皆非,B,,第二次
112,2023/11/11,食品品保初級工程師,食品品保概論,59,重製品之作業於追蹤追溯系統之敘述，何者正確？,重製品為之前製程之產品，故不需於追蹤追溯系統另行建立標記識別,重製品與現有批次不同，故於追蹤追溯系統仍應建立標記識別,重製品並非新製之產品，總數並無改變，故不需於追蹤追溯系統建立標記識別,以上皆非,B,,第二次
112,2023/11/11,食品品保初級工程師,食品品保概論,60,下列何者為食鹽之衛生標準需考量因子？,重金屬,腸炎弧菌,純度,黴菌毒素,A,,第二次
112,2023/11/11,食品品保初級工程師,食品品保概論,61,"新產品上市前進行保存性試驗，以訂定其有效期限，其試驗之花費屬於品質成本那一
類？",預防成本,內部失敗成本,外部失敗成本,鑑定成本,A,,第二次
112,2023/11/11,食品品保初級工程師,食品品保概論,62,"ISO 22000：2018 食品安全管理系統所提及之前提方案( prerequisite program)中，以下
那一項並非相關要求？",應考量法令、法規要求和與客戶互相同意之要求,考量服務供應商之管理如病媒防治、廢棄物處理,考量生產設備之能源基線建立與績效量測驗證,確保人員衛生，包括內部員工、訪客等,C,,第二次
112,2023/11/11,食品品保初級工程師,食品品保概論,63,台北出產的米若標示「濁水米」出售，應依何種法令處分？,食品安全衛生管理法,公平交易法,消費者保護法,糧食管理法。,D,,第二次
112,2023/11/11,食品品保初級工程師,食品品保概論,64,"甲食品加工廠因某食品添加物使用量甚大，故自行進口該食品添加物，全為自用，未
販售給他人使用，依依據食品業者登錄辦法第4 條第2 項規定，「食品業者同時從事
不同產業類別之營業行為者，應分別辦理登錄」，則甲廠需於辦理那些業別之登錄：
a.食品製造、加工業； b.輸入食品添加物業者；c.販賣業； d.食品添加物販售業。",ad,abc,acd,abcd,B,,第二次
112,2023/11/11,食品品保初級工程師,食品品保概論,65,下列何者不屬於「食品安全衛生管理法」中有關食品及食品原料應標示事項？,品名,醫療效能,含基因改造食品原料,營養標示,B,,第二次
112,2023/11/11,食品品保初級工程師,食品品保概論,66,某食品廠販售之食品，其流向資訊應建立之層面，下列敘述何者有誤？,大賣場,超商,消費者,雜貨店,C,,第二次
113,2024/5/18,食品品保初級工程師,食品科學概論,1,有關肉毒桿菌毒素所引起的食品中毒以下症狀何者為「非」？,說話含糊,複視,肌肉無力,腹瀉,D,,第一次
113,2024/5/18,食品品保初級工程師,食品科學概論,2,"依食品微生物之檢驗方法－生菌數之檢驗中所訂，如樣品為冷凍檢體應如何解凍
處理：",微波爐解凍,直接加熱解凍,冷藏之溫度下解凍約18 小時,以上皆非,C,,第一次
113,2024/5/18,食品品保初級工程師,食品科學概論,3,"依據感染性生物材料管理辦法規定，其單位在操作何種生物材料時，需設有生物
安全櫃？",第一級危險群微生物或生物毒素,第二級以上危險群微生物或生物毒素,所有哺乳類動物細胞,所有植物組織,B,,第一次
113,2024/5/18,食品品保初級工程師,食品科學概論,4,"試問以下細菌何者非為第二級危險群（Risk group 2, RG2）之微生物？",單核球增多性李斯特菌,沙門氏桿菌,地衣芽孢桿菌,肉毒桿菌,C,,第一次
113,2024/5/18,食品品保初級工程師,食品科學概論,5,"衛生福利部公告之食品微生物之檢驗方法－乳酸菌之檢驗中，腸球菌之培養應於
何種環境中進行？",無氧,微氧（2-10% O2）,好氧,無訂定,C,,第一次
113,2024/5/18,食品品保初級工程師,食品科學概論,6,產氣莢膜桿菌時常造成食品中毒，有關此微生物之特性敘述以下何者為「非」？,需要高劑量營養細胞才會造成感染,屬於革蘭氏陽性之產孢細菌,潛伏期短僅數小時,對胃酸的耐受性高,D,,第一次
113,2024/5/18,食品品保初級工程師,食品科學概論,7,利用一個以上的因子控制食品中的微生物以避免食品腐敗或食品中毒的技術稱為：,欄柵技術,生物技術,奈米技術,保鮮技術,A,,第一次
113,2024/5/18,食品品保初級工程師,食品科學概論,8,以下何種微生物在冷藏（4℃-7℃）環境下仍具有可以生長的活性？,沙門氏菌,單核球增多性李斯特菌,腸炎弧菌,大腸桿菌O157：H7,B,,第一次
113,2024/5/18,食品品保初級工程師,食品科學概論,9,下列食品中何種食品的包裝條件最有利於黴菌之生長？,充氮包裝且水活性0.55 之奶粉,調氣包裝填充60% CO2 且水分含量20%之玉米榖粒,新鮮採收以塑膠袋包裝且水分含量20%之咖啡生豆,真空包裝常溫儲存之醃製火腿,C,,第一次
113,2024/5/18,食品品保初級工程師,食品科學概論,10,"以Real-time PCR 進行沙門氏桿菌之檢測，下列步驟順序何者正確？ a. real-time
PCR 螢光分析；b.抽取檢體DNA；c.配製real-time PCR 溶液；d.經real-time PCR
反應；e. DNA 濃度測定及純度判斷","a, b, c, d, e","b, d, e, c, a","b, e, c, d, a","e, a, b, d, c",C,,第一次
113,2024/5/18,食品品保初級工程師,食品科學概論,11,"依照衛生福利部公告食品中腸桿菌科之檢驗方法，判定腸桿菌科陽性者，下列敘
述何者錯誤？",葡萄糖發酵試驗，呈黃色,葡萄糖發酵試驗，呈綠色,氧化酶試驗，呈無色,"如使用經確效認可之市售培養基、生化檢測套組或生化鑑定系統，其檢驗
結果有爭議時，以本檢驗方法為準",B,,第一次
113,2024/5/18,食品品保初級工程師,食品科學概論,12,"依照衛生福利部公告食品中肉毒桿菌之檢驗方法，有關實驗室生物安全措施，下
列敘述何者錯誤？","生物危害標幟應懸掛於實驗室入口處，並管制人員進入，以及將該實驗區
之人數維持至最低需求",實驗操作應在無菌操作台進行,絕不可以用口吸取任何檢體，應以機械式吸管輔助器操作,工作前、後應以1%次氯酸溶液擦拭工作檯,B,,第一次
113,2024/5/18,食品品保初級工程師,食品科學概論,13,"依照衛生福利部公告食品中產氣莢膜桿菌之檢驗方法，判定產氣莢膜桿菌陽性
者，下列結果何者錯誤？",運動性試驗，有擴散狀生長或培養基呈混濁,硝酸鹽還原試驗，呈紫色,乳糖發酵試驗，呈黃色、產氣,水楊苷發酵試驗，不產酸、不產氣,A,,第一次
113,2024/5/18,食品品保初級工程師,食品科學概論,14,利用下列何種試劑染色可以知道酵母菌之死活？,Methyl Red,Methyl Blue,Malachite Green,Phenolphthalein,B,,第一次
113,2024/5/18,食品品保初級工程師,食品科學概論,15,單核球增多性李斯特菌之特性以下何者為「非」？,潛伏期1-70 天,造成孕婦流產,曾經在雪糕中檢出存活,適合生長於50℃以上的溫度,D,,第一次
113,2024/5/18,食品品保初級工程師,食品科學概論,16,"為了預防肉毒桿菌毒素所造成之食品中毒的發生，以下何種食品避免提供未滿12
個月之嬰兒食用？",蜂蜜,保久乳,果泥,蔬菜,A,,第一次
113,2024/5/18,食品品保初級工程師,食品科學概論,17,金黃色葡萄球菌在何種溫度下最容易產生腸毒素造成致病？,-20℃,100℃,42℃,-176℃,C,,第一次
113,2024/5/18,食品品保初級工程師,食品科學概論,18,有關黃麴菌所產生之黃麴毒素的特性下列敘述何者正確？,主要於高溫高濕環境下生成,造成胃部發炎,引起嚴重腹瀉,主要由黑黴菌所產生,A,,第一次
113,2024/5/18,食品品保初級工程師,食品科學概論,19,以下何種微生物會引發感染型食品中毒？,腸炎弧菌,金黃色葡萄球菌,肉毒桿菌,造成嘔吐症狀之仙人掌桿菌,A,,第一次
113,2024/5/18,食品品保初級工程師,食品科學概論,20,"以Real-time PCR 進行志賀氏桿菌之檢測，下列有關工作環境方面，何者敘述錯
誤？",工作平台需寬敞、潔淨、光線良好,Real-time PCR 試劑之配製應於潔淨實驗工作平台上進行,"檢體前處理、檢體DNA 抽取、real-time PCR 試劑配製及檢驗過程皆需有區
隔空間",避免交叉污染,ABCD,,第一次
113,2024/5/18,食品品保初級工程師,食品科學概論,21,請問大腸桿菌O157：H7 屬於何種類別之病原性大腸桿菌？,腸病原性大腸桿菌,腸侵襲性大腸桿菌,腸產毒性大腸桿菌,腸出血性大腸桿菌,D,,第一次
113,2024/5/18,食品品保初級工程師,食品科學概論,22,"我國自民國70 年至111 年食品中毒案件病因物質（不含病毒）判明案件數總計，
何種細菌性食品中毒案件數最多？",沙門氏菌,大腸桿菌,腸炎弧菌,金黃色葡萄球菌,C,,第一次
113,2024/5/18,食品品保初級工程師,食品科學概論,23,"如因肉毒桿菌毒素而引起中毒症狀且自人體檢體檢驗出肉毒桿菌毒素，由可疑的
食品檢體檢測到相同類型的致病菌或毒素，或經流行病學調查推論為攝食食品所
造成，幾人有前述情形仍可視為一件食品中毒案件？",1 人,2 人,5 人,10 人,A,,第一次
113,2024/5/18,食品品保初級工程師,食品科學概論,24,下列何種細菌會因環境變差而產生內孢子？,腸炎弧菌,肉毒桿菌,沙門氏菌,大腸桿菌,B,,第一次
113,2024/5/18,食品品保初級工程師,食品科學概論,25,"欲配製0.2 N 硫酸溶液500 ml，需使用多少ml 比重1.82，98%的濃硫酸（分子量
98 g/mole）？",2.75 ml,5.50 ml,11.00 ml,22.00 ml,A,,第一次
113,2024/5/18,食品品保初級工程師,食品科學概論,26,下列何者與油脂氧化的測定無關？,Ninhydrin Assay,Thiobarbituric Acid Reactive Substances Assay,Total Polar Compounds,K232 and K270,A,,第一次
113,2024/5/18,食品品保初級工程師,食品科學概論,27,測定油脂過氧化物價（POV）係採用何種滴定原理方法進行？,酸鹼滴定法,錯離子滴定法,配位滴定法,氧化還原滴定法,D,,第一次
113,2024/5/18,食品品保初級工程師,食品科學概論,28,"用來製造巧克力的可可脂，其熔點狹窄，在37℃完全融化成液態油，這與其三酸
甘油酯脂肪酸組成和結構有關。下列何者不是其脂肪酸組成結構？（其中S、O、
P 分別代表飽和脂肪酸、單元不飽和脂肪酸、多元不飽和脂肪酸）",POP,POS,SOS,SPO,D,,第一次
113,2024/5/18,食品品保初級工程師,食品科學概論,29,有關食品色澤的變化，下列敘述何者錯誤？,蝦蟹煮熟變色，是因為類胡蘿蔔素的關係,洋蔥用鐵鍋炒菜會變黑，是因為類黃酮素的關係,荔枝貯存過程容易變色，是因為花青素的關係,快炒青菜，加入食醋，可維持青翠色澤,D,,第一次
113,2024/5/18,食品品保初級工程師,食品科學概論,30,有關食品蛋白質的功能特性及其作用機制的敘述，下列敘述何者錯誤？,明膠利用疏水鍵的黏體性製成仿豬皮,大豆蛋白利用親水性基團的溶解性製成豆漿,麥類蛋白利用氫鍵和雙硫鍵的膠彈性製成麵包,肌肉蛋白利用氫鍵和離子鍵的水合性製成香腸,A,,第一次
113,2024/5/18,食品品保初級工程師,食品科學概論,31,"利用凱氏定氮法換算成粗蛋白含量時，依蛋白質含量多寡，需乘上一個換算係
數，其排序下列何者正確？",玉米＞稻米＞蛋＞牛乳,蛋＞牛乳＞稻米＞玉米,牛乳＞蛋＞玉米＞稻米,蛋＞稻米＞玉米＞牛乳,C,,第一次
113,2024/5/18,食品品保初級工程師,食品科學概論,32,比較傾注平板法（pour plate）及塗抹法（spread plate）的差異，下列何者不正確？,塗抹法可計數熱敏性細菌,塗抹法較易汙染,傾注平板法所得菌落較易分離,傾注平板法可在培養基表面及培養基當中生長,C,,第一次
113,2024/5/18,食品品保初級工程師,食品科學概論,33,下列有關醣類的敘述，何者錯誤？,蔗糖為非還原糖,木糖為五碳糖,"菊醣（inulin）為果糖以β-1,2 鍵結",葡萄糖又稱左旋糖,D,,第一次
113,2024/5/18,食品品保初級工程師,食品科學概論,34,下列為常見多醣的結構敘述，何者錯誤？,Amylose：glucose 以𝛼（1→4）鍵結,Cellulose：glucose 以𝛽（1→4）鍵結,Inulin：fructose 以𝛽（1→2）鍵結,Chitin：N-acetyl-D-glucosamine 以𝛼（1→4）鍵結,D,,第一次
113,2024/5/18,食品品保初級工程師,食品科學概論,35,下列何者會造成利用甲苯蒸餾法分析水分含量時的誤差？,樣品中水和溶劑間形成沒有分離的混濁液,含高濃度揮發性成分,脂質氧化,食品中富含維生素C,A,,第一次
113,2024/5/18,食品品保初級工程師,食品科學概論,36,下列何種色素須維持在pH 3 以下，才比較安定？,葉綠素,血紅素,花青素,類胡蘿蔔素,C,,第一次
113,2024/5/18,食品品保初級工程師,食品科學概論,37,有關乳化劑的應用，下列何者錯誤？,用於麵包，防止澱粉的老化,用於豆腐，抑制起泡性，提高豆乳的回收率,用於巧克力，防止白化現象，提高光澤,用於羊羹，防止離水現象,D,,第一次
113,2024/5/18,食品品保初級工程師,食品科學概論,38,下列何者不是於非酵素性褐變反應所造成的？,金針菇儲存時的變色,芭樂中維生素C 的降解,咖啡豆焙炒香氣的呈現,製備糖葫蘆的糖衣色澤,A,,第一次
113,2024/5/18,食品品保初級工程師,食品科學概論,39,"下列何者為五圓環上有硫和氮取代原子，成為噻唑（thiazole）化合物，其具強烈
烘烤氣味，與爆米花的烘烤氣味有關？",2-acethyl thiazole,benzothiazole,2-isobutyl thiazole,trimethylthiazole,ABCD,,第一次
113,2024/5/18,食品品保初級工程師,食品科學概論,40,有關極性胺基酸所帶電荷的敘述，下列何者錯誤？,在中性pH 下，天門冬胺酸帶負電荷,在中性pH 下，麩胺酸帶正電荷,在鹼性pH 下，離胺酸帶正電荷,在酸性pH 下，半胱胺酸帶負電荷,B,,第一次
113,2024/5/18,食品品保初級工程師,食品科學概論,41,食品保存的風險，可以酸鹼值及水活性，概分為四類，下列敘述何者有誤？,pH 以4.6 為界限,水活性以0.85 為界限,pH 值、水活性越高，風險越低,pH 值、水活性越高，風險越高,C,,第一次
113,2024/5/18,食品品保初級工程師,食品科學概論,42,超高溫瞬間殺菌法的殺菌溫度通常介於：,130～150℃,151～180℃,121～129℃,100～120℃,A,,第一次
113,2024/5/18,食品品保初級工程師,食品科學概論,43,滷肉的金黃色澤來自於化學性反應，下列哪一項敘述有誤？,酵素性褐變,非酵素性褐變,梅納反應,焦糖化反應,A,,第一次
113,2024/5/18,食品品保初級工程師,食品科學概論,44,粗製茶分級完成後，可經不同程度的慢火烘焙，其目的不包括：,提高兒茶素的含量,增加茶葉的特殊香氣及特色性,減少或排除菁臭味及雜陳味,減輕苦澀味,A,,第一次
113,2024/5/18,食品品保初級工程師,食品科學概論,45,「卡爾費休（Karl-Fischer）」法用來測定水分，下列哪一項敘述有誤？,低水含量食品,對加熱不穩定食品,適合測定食用油中水分含量,屬於紅外線乾燥法,D,,第一次
113,2024/5/18,食品品保初級工程師,食品科學概論,46,一般灰化食品時的溫度為？,450℃,600℃,700℃,800℃,B,,第一次
113,2024/5/18,食品品保初級工程師,食品科學概論,47,非酵素性褐變反應最不容易產生的主要水活性範圍為下列何者？,0.1-0.2,0.3-0.4,0.5-0.6,0.7-0.8,B,,第一次
113,2024/5/18,食品品保初級工程師,食品科學概論,48,速食濃湯添加下列何種澱粉，所以冷水可溶？,氧化澱粉,架橋澱粉,抑制型澱粉,預糊化澱粉,D,,第一次
113,2024/5/18,食品品保初級工程師,食品科學概論,49,下列何者不是蔗糖酯在食品上的應用？,乳化劑,結晶控制劑,燃點提升劑,蔬果保鮮劑,C,,第一次
113,2024/5/18,食品品保初級工程師,食品科學概論,50,亞硝酸鹽是合法可使用在肉品加工上的食品添加物，其作用不包括：,"將肉品中之肌紅蛋白（myoglobin）含的鐵離子固定於二價，保持肉品本來
鮮豔的紅色",保水使產品更Q 彈,增加風味,降低真空包裝加工肉品中肉毒桿菌生長之風險,B,,第一次
113,2024/5/18,食品品保初級工程師,食品科學概論,51,"有關高壓加工技術（High Pressure Processing, HPP），下列敘述何者正確？","其原理是將已密封包裝的食品，置於密閉的絕熱容器中，在常溫下施以
100-600 大氣壓力的超高壓力","利用高壓加工技術進行食品殺菌時，其殺菌效果深受包裝形態與體積大小
的影響","高壓加工技術除了可用在食品的非熱殺菌外，還可用於甲殼類水產品的
脫殼","高壓加工技術通常利用氣體（通常是二氧化碳）或是液體為壓力的傳遞媒
介（通常是水）",C,,第一次
113,2024/5/18,食品品保初級工程師,食品科學概論,52,"以極低透氧包裝材料，來包裝產品重量為600 公克之中式喜餅，若容器尺寸大小
為30 x 20 x 5 cm，宜搭配吸氧量為多少ml 的脫氧劑較為合適？",500 以上,1000 以上,1500 以上,3000 以上,A,,第一次
113,2024/5/18,食品品保初級工程師,食品科學概論,53,下列有關微生物Z 值之敘述，何者正確？,"當微生物殘存數目變化一個對數週期時，所需變化之加熱溫度度數，稱為
該微生物之Z 值",就同一種微生物而言，Z 值提高1 的處理溫度，其D 值是原來的10 倍,就同一種微生物而言，Z 值提高1 的處理溫度，其D 值是原來的1/10,就不同種微生物而言，Z 值愈大者，其耐熱性就愈小,C,,第一次
113,2024/5/18,食品品保初級工程師,食品科學概論,54,下列四種儀器中，最適合用來測定番茄醬黏稠度的是：,Bostwick Consistometer,Brabender Farinograph,Brookfield Viscometer,Oswald Viscosimeter,A,,第一次
113,2024/5/18,食品品保初級工程師,食品科學概論,55,有關食用油脂之氫化加工，下列敘述何者不正確？,可減少反式異構物之生成,可增加油脂安定性,可提高油脂之飽和度,可使油脂較適於高溫油炸,A,,第一次
113,2024/5/18,食品品保初級工程師,食品科學概論,56,有關柿餅加工的脫澀處理，下列敘述何者正確？,可將不可溶性單寧轉換成可溶性單寧,會促進柿子的呼吸作用而使單寧溶解,可利用浸泡溫水或石灰水進行,會促進柿霜之生成,C,,第一次
113,2024/5/18,食品品保初級工程師,食品科學概論,57,液體蛋黃（Liquid egg yolk）之殺菌，下列條件何者最適合？,72-75℃，20-30 秒,61-64℃，2-3 分鐘,82-85℃，10-15 秒,57-60℃，1-3 分鐘,B,,第一次
113,2024/5/18,食品品保初級工程師,食品科學概論,58,"食品加工常用的加熱殺菌處理，較容易導致產品風味改變、營養價值流失。因此
近年世界各國也積極研究“非加熱殺菌技術”。下列何項食品保存技術不屬於非
加熱殺菌技術？","脈衝電場（Pulsed Electric Fields, PEF）技術",微波技術,膜過濾技術,超高壓技術,B,,第一次
113,2024/5/18,食品品保初級工程師,食品科學概論,59,有關加熱殺菌保存技術，下列敘述何者不正確？,D 值係指在所設定的時間下，能夠將90%的微生物殺滅所需的溫度,"針對特定微生物，以殺菌時間為橫軸，微生物殘存數量之對數值為縱軸，
可測得特定微生物之D 值",D 值愈大，表示該微生物之耐熱性愈大,"針對特定微生物，將其加熱溫度為橫軸，該溫度殺死全部數量微生物所需
加熱時間之對數值為縱軸，所做出的關係曲線稱為加熱致死時間曲線
（Thermal death time curve）",A,,第一次
113,2024/5/18,食品品保初級工程師,食品科學概論,60,有關真空冷凍乾燥技術，下列敘述何者不正確？,是一種結合了冷凍、真空和乾燥的食品保存技術,一般操作的溫度及壓力分別在0.01℃及46 mmHg 以下,係利用冰的昇華作用而移除水分，不涉及水分的內部擴散作用,真空冷凍乾燥產品與常壓乾燥產品相比，較具多孔性,B,,第一次
113,2024/5/18,食品品保初級工程師,食品科學概論,61,有關酒類產品之加工原料，下列何者不正確？,清酒是以米為主原料,白蘭地是以葡萄為主原料,伏特加是以甘薯為主原料,琴酒是以各種穀類（如黑麥、玉米、大麥芽）為主原料,C,,第一次
113,2024/5/18,食品品保初級工程師,食品科學概論,62,有關麵粉加工之磨粉（Milling）技術，下列敘述何者不正確？,出粉率與灰分成正比,小麥粒愈靠近麩皮部位的蛋白質含量愈高，磨粉所得之麵粉的顏色愈黃,"磨粉時，愈靠近麥粒中心部位磨粉所得的麵粉愈白，且其蛋白質含量愈高，
即俗稱的「粉心粉」",粉心粉特別適用於講求白度之包子、饅頭等產品之製作,C,,第一次
113,2024/5/18,食品品保初級工程師,食品科學概論,63,下列香腸類加工產品，何者之製程不涉及發酵？,維也納香腸（Vienna sausage）,沙拉米香腸（Salami sausage）,夏日香腸（Summer sausage）,波洛尼亞香腸（Bologna sausage）,A,,第一次
113,2024/5/18,食品品保初級工程師,食品科學概論,64,有關蛋黃醬（Mayonnaise）之加工，下列敘述何者不正確？,基礎原料包括沙拉油、水、雞蛋、糖、鹽、醋,利用蛋黃中的卵磷脂作為天然的乳化劑,粗脂肪含量應介於45-60%之間,pH 值一般低於3.5,C,,第一次
113,2024/5/18,食品品保初級工程師,食品科學概論,65,"食用油脂精製過程中，可利用何種處理來移除油脂中之蛋白質、蠟質、磷脂質等
粘液狀物質？",脫膠處理,冬化處理,脫色處理,脫酸處理,A,,第一次
113,2024/5/18,食品品保初級工程師,食品科學概論,66,生乳經由離心處理，上浮分離出來的部分稱為：,鮮乳油,塑性乳油,泡沫乳油,發酵乳油,A,,第一次
113,2024/5/18,食品品保初級工程師,食品品保概論,1,"美國FDA 於2019 年啟動數位系統管理食品安全，根據食品類型和原產國過去發
生的問題等條件，對進口食品進行風險分級，當年使用的數位科技不包括？",數據分析,人工智慧（AI）,區塊鏈,機械學習,C,,第一次
113,2024/5/18,食品品保初級工程師,食品品保概論,2,"工業大數據有下列哪些特性？A.量；B.速度；C.多樣性；D.真實性；E.可見性；
F.價值",ABCDE,ABCDEF,ACDEF,ACDE,B,,第一次
113,2024/5/18,食品品保初級工程師,食品品保概論,3,"資料知識的演變歷程包括：A.確認蒐集標的；B.萃取分析結果轉變為知識；C.資
料的結構化；D.資料整理分析為資訊，依序為？",ABCD,ACBD,ACDB,ADBC,C,,第一次
113,2024/5/18,食品品保初級工程師,食品品保概論,4,請問下列品質成本哪一個配對有誤？,設計變更引起的庫存報廢-外部失敗成本,IPQC 發現異常重工-內部失敗成本,儀器校正費用-鑑定成本,導入食品安全管理系統-預防成本,A,,第一次
113,2024/5/18,食品品保初級工程師,食品品保概論,5,"在2024 年台灣爆發辣椒粉含有蘇丹紅色素的食品安全事件，並影響大量調味料、
肉乾、休閒食品等下架與回收事件。請問在世界衛生組織（WHO）國際癌症研究
中心（IARC）致癌物質分類，蘇丹紅色素是屬於哪一類？",Group 1,Group 2A,Group 2B,Group 3,C,,第一次
113,2024/5/18,食品品保初級工程師,食品品保概論,6,"某家手搖飲店於店面海報上宣稱使用手炒黑糖，實際上使用濃縮黑糖漿，請問於
食品法規角度而言，其至少違反了下列哪些要求？ A.食品標示不實；B.食品攙
偽；C.食品衛生標準；D.食品宣稱不實",ABC,ACD,ABD,AD,D,,第一次
113,2024/5/18,食品品保初級工程師,食品品保概論,7,"過往曾經發生的麵包添加香精事件與衛生單位查獲米苔目中添加苯甲酸事件，其
相同處在於？",皆為經濟動機犯罪,皆與食品防禦作業有關,皆添加不合法之食品添加物,以上皆非,A,,第一次
113,2024/5/18,食品品保初級工程師,食品品保概論,8,以下何者技術具不可更改特性，可用來保證產品之追蹤追溯？,人工智慧,區塊鏈,雲端運算,大數據,B,,第一次
113,2024/5/18,食品品保初級工程師,食品品保概論,9,在數位轉型過程中，在生產設備中加入感測元件（sensor）之目的為何？,分析數據,蒐集數據,提供決策,以上皆是,B,,第一次
113,2024/5/18,食品品保初級工程師,食品品保概論,10,"開放平台可取得公開資料。下列哪些公開資料與食品製造或銷售較有關？ A.中央
氣象局氣象；B.海關資料；C.農委會森林經營；D.內政部戶政資料",ABC,D,BC,AB,D,,第一次
113,2024/5/18,食品品保初級工程師,食品品保概論,11,食品工廠之品質管理組織之設定最佳化為：,在總經理之下,在製造部門之下,在工程部門之下,在客服部門之下,A,,第一次
113,2024/5/18,食品品保初級工程師,食品品保概論,12,下列何者是QC Story 召開會議過程應有的表現？,輔導員主導整個會議運作,主席申訴自己的意見要縮短，並要傾聽他人意見,與會人員重點在於聆聽，不要多發言,會議中有天馬行空想法要立即否定，以免造成會議冗長,B,,第一次
113,2024/5/18,食品品保初級工程師,食品品保概論,13,"在公司的治理方面，企業的社會責任是很重要的一環，因此與利害關係者溝通十
分重要。下列何者通常不被認為是直接食品企業利害關係人？",員工,公共運輸司機,公益團體,政府機關,B,,第一次
113,2024/5/18,食品品保初級工程師,食品品保概論,14,有關禽畜屠宰過程之衛生管理，下列哪一項敘述有誤？,需經過獸醫師進行屠檢作業,禽畜於到屠宰場時死亡，可先冰存後再進行屠宰作業,禽畜屠宰時不可劃破內臟,以上皆是,B,,第一次
113,2024/5/18,食品品保初級工程師,食品品保概論,15,自110 年1 月1 日起，對於下列哪一項肉品原料來源須進行原產地標示？,非國產豬肉,豬肉,僅美國豬肉,僅國產豬肉,B,,第一次
113,2024/5/18,食品品保初級工程師,食品品保概論,16,數位轉型的第一步應建議公司建構或完善哪個系統？,企業資源規劃（ERP）,製造執行系統（MES）,物聯網技術（IoT）,平台即服務（PaaS）,A,,第一次
113,2024/5/18,食品品保初級工程師,食品品保概論,17,為明瞭兩個品質特性間或原因影響結果的相關程度或相關軌跡之技巧為：,直方圖,柏拉圖,特性要因圖,散佈圖,D,,第一次
113,2024/5/18,食品品保初級工程師,食品品保概論,18,下列何者不屬於檢測與量測管制標準作業程序所規範的項目？,設有檢測場所者應購置高效液相層析儀等分析設備,微生物檢驗場所單獨設置，應與其他檢驗場所有實質隔間,溫度計、壓力錶、磅秤等量測儀器應定期校正,溫度計、壓力錶、磅秤等量測儀器矯正結果應進行判定，確保其準確性,A,,第一次
113,2024/5/18,食品品保初級工程師,食品品保概論,19,塑膠材質器具何者須進行三聚氰胺之檢驗？,美耐皿材質,PE（Polyethylene）,PET（Polyethylene Terephthalate）,只要塑膠材質都需要檢驗,A,,第一次
113,2024/5/18,食品品保初級工程師,食品品保概論,20,"食品檢驗出殘留三聚氰胺時，檢驗值為2.0 ppm，小於規範要求2.5 ppm，下列敘
述何者有誤？",來自於塑膠容器溶出的殘留，故未違反規定,檢驗值小於規範，人為添加亦屬合理範圍,若是人為添加者，雖檢驗結果合格，亦屬於違法,來源來自於飼料，屬於合理範圍,B,,第一次
113,2024/5/18,食品品保初級工程師,食品品保概論,21,有關食品製造業、餐飲業及烘焙之類別定義，下列何者錯誤？,"餐盒食品業為製造供團體或個人直接或經簡單復熱後，於短時間內食用之
產品者",肉類加工業為其產品中含畜禽肉類或其雜碎類含量需達百分之五十以上者,水產加工業為產品含水產動物或植物類含量達百分之五十以上者,蛋製品業為包括液蛋、乾燥蛋粉、及醃製蛋品之製造者,C,,第一次
113,2024/5/18,食品品保初級工程師,食品品保概論,22,台北出產的米若標示「濁水米」出售，應依何種法令處分？,食品安全衛生管理法,公平交易法,消費者保護法,糧食管理法,D,,第一次
113,2024/5/18,食品品保初級工程師,食品品保概論,23,依據食品安全管制系統準則之規定，下列對於有關「確認」之敘述，何者不正確？,CCP 管制界限之驗效，屬於食品安全管制系統確認的一部分,"對於食品安全管制系統再確認之頻率，本規定中並未明敘，是由業者依實
際需要自訂，因此有可能會超過一年以上進行再確認","就算監測過程都未發生變異，矯正措施未曾啟動的前提下，產品抽驗仍需
進行，因其是確認的一種方法","對於金屬檢測設備而言，作業中以標準檢測片定期校正靈敏度是確認的內
容，而不是監測的方法",B,,第一次
113,2024/5/18,食品品保初級工程師,食品品保概論,24,依據GHP 準則，下列對於「供應商」之敘述，何者不正確？,"食品容器或包材製造業者，在研發新品時，應向主管機關申報原材料供應
商的原料衛生安全資料",食品業者應依照設備供應商提供之正確使用方式，改變者自負責任,"物流業者，倉儲過程中，除有合理依據並作成紀錄者外，不得改變原材料
供應商原來設定之貯存條件",食品販售時，不得改變原材料供應商原來設定之貯存條件,A,,第一次
113,2024/5/18,食品品保初級工程師,食品品保概論,25,"截切生鮮蔬果於冷鏈過程，若需使用氯系食品用洗潔劑，建議使用時總氯量不超
過？",1 ppm,10 ppm,100 ppm,200 ppm,C,,第一次
113,2024/5/18,食品品保初級工程師,食品品保概論,26,下列何者罐頭食品重金屬鉛之限量與其他三者不同？,鳳梨罐頭,玉米罐頭,花椰菜罐頭,花生罐頭,C,,第一次
113,2024/5/18,食品品保初級工程師,食品品保概論,27,即溶咖啡較易受下列何種毒素汙染？,棒麴毒素,橘黴素,赭麴毒素A,黃麴毒素B1,C,,第一次
113,2024/5/18,食品品保初級工程師,食品品保概論,28,依我國現行法規，下列何種魚類之產品訂有組織胺（Histamine）限量標準？,秋刀魚,虱目魚,鰻魚,吳郭魚,A,,第一次
113,2024/5/18,食品品保初級工程師,食品品保概論,29,有關食品安全管制系統之執行，下列何者敘述正確？,確認（verification）是驗效（validation）的一部分,內部稽核是驗效活動之一,重要管制點（CCP）需要經過驗效與確認,以上皆是,C,,第一次
113,2024/5/18,食品品保初級工程師,食品品保概論,30,依據食品安全管制系統準則，下列對於有關「管制小組」之敘述，何者不正確？,為確認本系統執行之有效性，管制小組應每年至少進行一次內部稽核,食品業者應每年至少一次，對管制小組成員辦理內部教育訓練,"管制小組應妥善保存至少五年之文件包括執行紀錄、相關計劃書文件與檔
案等","因執行本系統所產生之書面紀錄，應經負責人或其指定人員簽署，並註記
日期",B,,第一次
113,2024/5/18,食品品保初級工程師,食品品保概論,31,根據我國食品製造業 、餐飲業及烘焙之類別定義，下列何者不正確？,從事魚類去肚、去鰓、去鱗後分切之業者，不屬於「水產加工食品製造業」,從事水生植物（如藻類）加工之業者，不屬於「水產加工食品製造業」,「非酒精飲料製造業」則以酒精濃度百分之一與酒精性飲料作為區分界線,以水產原料醃漬醬料者，非屬「醬油製造業」，因其原料非植物性蛋白質,C,,第一次
113,2024/5/18,食品品保初級工程師,食品品保概論,32,"訂購一批冷藏截切小黃瓜沙拉盒產品，以及一批木瓜原料，委託物流業運輸至加
工廠時，該運輸車須符合：",小黃瓜沙拉盒之品溫在裝載及卸貨前，應檢測及記錄,完成裝載小黃瓜沙拉盒後，運輸車輛即可開始啟動低溫設備,小黃瓜沙拉盒及木瓜之理貨及裝卸，皆應於常溫下迅速進行,為節省成本，小黃瓜沙拉盒及木瓜可同時裝載在同一部低溫貨車，不必區隔,A,,第一次
113,2024/5/18,食品品保初級工程師,食品品保概論,33,下列何種情況罐頭工廠須重新申請到廠執行熱分佈與熱穿透試驗？,工廠遷移至新廠區,公司名稱修改,殺菌操作人員更換,廠長更換,A,,第一次
113,2024/5/18,食品品保初級工程師,食品品保概論,34,酸化罐頭食品其平衡pH 值必須 ≤ 4.6 是指：,原料pH 值,成品pH 值,半成品pH 值,殺菌前pH 值,B,,第一次
113,2024/5/18,食品品保初級工程師,食品品保概論,35,下列何者不是食品安全衛生管理法規範之食品業者？,食品加工廠,食品運輸公司,食品添加物廠商,食品研發機構,D,,第一次
113,2024/5/18,食品品保初級工程師,食品品保概論,36,輸入業者之品質相關紀錄文件，其保存期限為？,3 年,5 年,10 年,15 年,B,,第一次
113,2024/5/18,食品品保初級工程師,食品品保概論,37,中華民國國家標準CNS 是哪個單位公告的？,經濟部標準檢驗局,衛生福利部食品藥物管理署,行政院消費者保護處,經濟部工業局,A,,第一次
113,2024/5/18,食品品保初級工程師,食品品保概論,38,屠宰場內禽畜屠宰及分切之衛生查核由哪個機關辦理？,衛生機關,農業機關,消保機關,環保機關,B,,第一次
113,2024/5/18,食品品保初級工程師,食品品保概論,39,使用地下水為食品製造用水，下列敘述何者錯誤？,應設置淨水或消毒設備,每周應檢測pH 值及餘氯,其pH 值為6.0~8.5,其自由有效餘氯0.2~1.0 毫克/毫升,B,,第一次
113,2024/5/18,食品品保初級工程師,食品品保概論,40,有關管制小組的教育訓練資格，何者有誤？,管制小組成員皆須受訓相關課程30 小時以上，且領有合格證書,食品技師已具有資格，不需要再接受30 小時的訓練,管制小組成員每3 年需累計12 小時以上之訓練,管制小組持續訓練受訓課程不可以衛管人員課程訓練時數累計,B,,第一次
113,2024/5/18,食品品保初級工程師,食品品保概論,41,下列對於罐頭工廠人員之設置，何者敘述有誤？,工廠應設置衛生管理人員,工廠應設置管理衛生之人員,管理衛生之人員與衛生管理人員不可同一人,管理衛生之人員可以是HACCP 小組成員,C,,第一次
113,2024/5/18,食品品保初級工程師,食品品保概論,42,"包裝重組肉、注脂肉食品應以中文於品名顯著標示「重組」、「注脂」或等同字義
說明，並加註醒語為：",僅供熟食,過敏體質者勿食,孕婦兒童不宜,高血脂者不宜,A,,第一次
113,2024/5/18,食品品保初級工程師,食品品保概論,43,肉毒桿菌特性何者有誤？,屬格蘭氏陽性中溫厭氧性產孢細菌,孢子具耐熱性,萌芽時產生致命性之神經毒素,在pH 值<6.4 之環境生長受抑制,D,,第一次
113,2024/5/18,食品品保初級工程師,食品品保概論,44,一般農產品產生黴菌毒素所需要的條件，下列敘述何者為誤？,大部份黴菌生長的水活性（Aw）在0.80 以上,所有黴菌在常溫都會產生黴菌毒素,生長溫度20-28℃，<10℃和>30℃生長減弱,所需營養物質主要是糖、蛋白質和少量脂質,B,,第一次
113,2024/5/18,食品品保初級工程師,食品品保概論,45,在實施食品及其相關產品追溯追蹤時，下列敘述中何者最正確？,"產品出貨供應下游一家小型廠商，該下游廠商之辦公室地址與本批產品實
際送達之倉儲地址並非同一所在，則產品流向資訊中所規定的「地址」應
填列該下游廠商之辦公室地址","產品若作為樣品或贈品提供給下游小型廠商，亦屬出貨行為，需要記錄於
產品追溯追蹤系統","所有輸入食品及其相關產品之業者，應建立公司內部相關追溯追蹤制度，
且應將邊境查驗自動化資訊管理系統中之資料，主動上傳作為其進貨資料","食品添加物製造、加工、調配及輸入業者應於每月15 日前至食品追溯追蹤
管理資訊系統，以電子方式申報前一個月之追溯或追蹤系統之資料",B,,第一次
113,2024/5/18,食品品保初級工程師,食品品保概論,46,下列有關包裝重組肉食品之標示，何者正確？,"豬肉片未添加黏著劑，僅將肉片排列放入塑膠袋中，僅單純壓型，雖解凍
後可將肉片分開，仍應標示為重組肉",魚丸為魚肉經重組成型之產品，故應標示為重組肉,"豬肉乾產品以豬肉漿壓製成型，且為可直接食用的即食食品，得免適用「重
組肉品名標示原則」","販售散裝重組肉食品，應於販售之場所，利用標籤以中文於品名顯著標示
重組肉食品，其字體長度及寬度各不得小於2 公分",C,,第一次
113,2024/5/18,食品品保初級工程師,食品品保概論,47,"食品添加物品牌商（甲）向供應商（乙）訂購屬於食品添加物之原料，並由 供
應商（乙）直接運到代工廠（丙）進行加工，再寄回品牌商（甲），由品牌商（甲）
出貨販售，請問何者須上傳非追不可系統？",甲，乙,乙，丙,甲，丙,甲，乙，丙,D,,第一次
113,2024/5/18,食品品保初級工程師,食品品保概論,48,有關我國對食品追溯追蹤之管理，下列敘述何者最接近法規之要求：,"食品業者應建立追溯追蹤資料而未建立者，立即會受到新臺幣至多300 萬
元罰鍰之處分","食品業者應建立追溯追蹤資料而建立不實者，立即會受到新臺幣至少300
萬元罰鍰之處分","食品業者應建立追溯追蹤資料而未建立，經命限期改正，屆期不改正者，
將會受到新臺幣至多300 萬元罰鍰之處分","食品業者應建立追溯追蹤資料而建立不實，經命限期改正，屆期不改正者，
將會受到新臺幣至多300 萬元罰鍰之處分",C,,第一次
113,2024/5/18,食品品保初級工程師,食品品保概論,49,"雞肉屠體製備過程的HACCP 系統中，若屠體冷藏溫度為CCP 點，有關CCP 點
之管制表中，何者錯誤？
製作流程
危害
管制標準
監測
矯正措施
冷卻
（A）
（B）
（C）
（D）",病原菌增殖,冷卻水、品溫（18℃以下）,自動溫度計、換水量、餘氯量,清洗機器、調節水溫、補充餘氯量,B,,第一次
113,2024/5/18,食品品保初級工程師,食品品保概論,50,"以下敘述何者錯誤？ a.以再來米、糖及水為主原料製成的「倫教糕」，依規定可
使用含硫漂白劑，b.二氧化硫非正面表列之食品添加物，故葡萄採收後以二氧化
硫燻蒸致使其加工果汁製品含有二氧化硫殘留實屬違法，c.二氧化硫為衛生署所
訂食品過敏原標示之建議標示事項之一，d.漂白劑使用之食品範圍雖未明列馬鈴
薯粉，但得比照脫水蔬菜類所須遵守之用量標準規範",d,c,b,a,C,,第一次
113,2024/5/18,食品品保初級工程師,食品品保概論,51,下列敘述何者正確？,皮蛋含鉛量低於蛋類衛生標準者，即可標示為無鉛皮蛋,苯甲酸鈉雖未准許用於蛋品，但可用於皮蛋加工使用之浸漬液中,"將地瓜經高糖份醃漬熬煮產製而成之「蜜汁薯條」，屬糖漬果實類，得依
規定添加防腐劑","黃蘿蔔為以鹽、糖等調味料及天然色素醃漬白蘿蔔後所得之產品，歸屬為
醃漬蔬菜，得依規定添加防腐劑",D,,第一次
113,2024/5/18,食品品保初級工程師,食品品保概論,52,下列哪項食品不須標示內容物之主成分所占百分比？,市售包裝米粉（絲）產品,含果蔬汁之包裝飲料,市售包裝之調製乳粉產品,市售包裝之調和油產品,D,,第一次
113,2024/5/18,食品品保初級工程師,食品品保概論,53,"品名為約定俗成，且民眾瞭解該食品不可能含有品名所提及之原料，下列何者不
適用？",太陽餅,牛舌餅,和牛,溫泉蛋,C,,第一次
113,2024/5/18,食品品保初級工程師,食品品保概論,54,"果蔬汁總含量，由二種以上果蔬汁混合而成，且品名標示為果蔬汁者，下列何者
不正確？","達百分之十以上者品名揭露全部果蔬名稱，其名稱應依含量多寡由高至低
依序標示","達百分之十以上者品名未揭露全部果蔬名稱，標示「綜合果（蔬）汁」、
「混合果（蔬）汁」或等同意義字樣",未達百分之十者，除內容物名稱外，仍可標示果蔬汁或等同意義字樣,"未含果蔬汁者，產品品名若含果蔬名稱，應於品名中標示「口味」、「風
味」或等同意義字樣",C,,第一次
113,2024/5/18,食品品保初級工程師,食品品保概論,55,"下列哪項物質，非屬於「食品過敏原標示規定」中規定之致過敏性內容物，市售
包裝食品不須於其容器或外包裝上，顯著標示含有致過敏性內容物名稱之醒語
資訊？",大豆,芝麻,羊奶,牡蠣,ABCD,,第一次
113,2024/5/18,食品品保初級工程師,食品品保概論,56,"食品及其相關產品追溯追蹤系統管理辦法中，食品業者須留存相關生產製程之紀
錄，以下哪種業者必須上傳至「食品追溯追蹤管理資訊系統」，下列何種說法最
正確？",公告指定之規模與類別,公告指定之類別,公告指定之規模,自願性上傳之業者,A,,第一次
113,2024/5/18,食品品保初級工程師,食品品保概論,57,"有關「食品及其相關產品追溯追蹤系統管理辦法」，其「不良（含報廢）」所指產
品，下列何者較不正確？",過期產品,變質產品,未達廠內標準之產品,次級品,C,,第一次
113,2024/5/18,食品品保初級工程師,食品品保概論,58,"某工廠生產之魚鬆有3 個供應商來源，請問進行追溯追蹤作業時，下列哪方面無
法獲得相關訊息？",採購單,入庫單,驗收報告,供應商名單,C,,第一次
113,2024/5/18,食品品保初級工程師,食品品保概論,59,"衛福部為擴大實施HACCP，落實食安五環政策，擴大實施業別，下列哪一產業
不包含？",食用油脂業,罐頭食品業,釀造食品業,供應鐵路運輸旅客餐盒業,C,,第一次
113,2024/5/18,食品品保初級工程師,食品品保概論,60,"下列哪一種病原菌常為米飯、牛奶和調味料之污染源，能產生腸毒素，造成嘔吐
或下痢，為國內便當業者食品中毒之主要污染菌種？",Clostridium botulinum,Clostridium perfringens,Bacillus cereus,Escherichia coli O157,C,,第一次
113,2024/5/18,食品品保初級工程師,食品品保概論,61,有關管制界限之敘述，下列何者為非？,為產品溫度和時間之結合,可防止病原菌生長之不安全的範圍,可殺死所有的病原菌,可防止病原菌產生毒素,C,,第一次
113,2024/5/18,食品品保初級工程師,食品品保概論,62,以下產品外包裝，何者不得免標示基因改造相關規定之字樣？,"產品使用不含轉殖基因片段或轉殖蛋白質之高層次加工品作為其內容物成
分原料之一者",含來源為基因改造食品原料油品所調製之調合油,含來源為基因改造食品原料油品所調製之調味料用油品,非基因改造食品原料之基改原料非故意攙雜率＜3%者,B,,第一次
113,2024/5/18,食品品保初級工程師,食品品保概論,63,"經公告指定規模及類別之食品業者，若違反食品追溯追蹤管理相關法規時，下列
行為中何者罰則不包含限期改善？",資料登載或申報不實,經公告但仍未建立追溯追蹤系統,應開電子發票而未開,未進行定期電子申報,A,,第一次
113,2024/5/18,食品品保初級工程師,食品品保概論,64,"某工廠生產10%果汁含量的600 ml 寶特瓶裝百香果汁，生產10,000 瓶，請問原
汁含量（以100%計），應至少需要多少量為合理（不考慮損耗之情形）。",600 L,500 L,550 L,385 L,A,,第一次
113,2024/5/18,食品品保初級工程師,食品品保概論,65,當監測每一重要管制點，於偏離管制界限時，應制定所採取之行動，稱之為何？,管制界限,防制措施,矯正措施,預防措施,C,,第一次
113,2024/5/18,食品品保初級工程師,食品品保概論,66,稽核作業，可分為第一者稽核、第二者稽核與第三者稽核，下列敘述何者有誤？,第一者稽核係指內部稽核,第二者稽核係指供應商稽核,目前的主管機關三級稽核對應第三者稽核,第三者稽核係指認驗證模式稽核作業,C,,第一次
113,2024/11/9,食品品保初級工程師,食品科學概論,1,"小黃瓜以適當均質液均質，得到10-1 稀釋度，再由此均質液進行連續10 倍稀釋，
以塗抹平板法分析菌數，得到下述結果：
稀釋度
菌落數
10-2
360, 400
10-3
180, 210
10-4
18, 12
計算小黃瓜的總菌數為：",3.8 × 104 CFU/g,1.95 × 105 CFU/g,1.95 × 106 CFU/g,1.5 × 105 CFU/g,BC,,第二次
113,2024/11/9,食品品保初級工程師,食品科學概論,2,下列何者與安氏試驗（Ames test）有關？,Staphylococcus aureus,Salmonella typhimurium,Bacillus cereus,Streptococcus thermophilus,B,,第二次
113,2024/11/9,食品品保初級工程師,食品科學概論,3,以下何種微生物會引發感染型食品中毒？,腸炎弧菌,金黃色葡萄球菌,肉毒桿菌,造成嘔吐症狀之仙人掌桿菌,A,,第二次
113,2024/11/9,食品品保初級工程師,食品科學概論,4,右圖為何種食品中毒病原菌？,沙門氏菌,大腸桿菌,李斯特菌,肉毒桿菌,D,,第二次
113,2024/11/9,食品品保初級工程師,食品科學概論,5,下列有關單核細胞增多性李斯特菌（Listeria monocytogenes）之敘述，何者錯誤？,引起感染型食物中毒,能在低於5℃下生長,孕婦及小孩對此菌之抵抗力強,此菌常被發現於生肉及乳製品,C,,第二次
113,2024/11/9,食品品保初級工程師,食品科學概論,6,在泡菜等醃漬物上易產生薄膜之酵母菌為？,Saccharomyces,Acetobacter,Pichia,Mucor,C,,第二次
113,2024/11/9,食品品保初級工程師,食品科學概論,7,下列何者為與生食海鮮相關且為導致食品中毒事件之禍首？,沙門氏菌（Salmonella spp.）,腸炎弧菌（Vibrio parahaemolyticus）,志賀氏桿菌（Shigella spp.）,大腸桿菌（Escherichia coli）,B,,第二次
113,2024/11/9,食品品保初級工程師,食品科學概論,8,在細菌檢驗程序中，下列何者非革蘭氏染色所使用之革蘭氏染色液之組成分？,酚紅,碘化鉀,沙黃,結晶紫,A,,第二次
113,2024/11/9,食品品保初級工程師,食品科學概論,9,一般生菌數快速檢測法，為增加菌落的目視效果，添加下列何種染劑？,Methyl blue,Crystal violet,Brilliant green,Tetrazolium dye,D,,第二次
113,2024/11/9,食品品保初級工程師,食品科學概論,10,冬季輪狀病毒引發的感染易發生於下列何種族群？,65 歲以上銀髮族,5 歲以下嬰幼兒,免疫缺陷族群,酗酒族群,B,,第二次
113,2024/11/9,食品品保初級工程師,食品科學概論,11,下列有關金黃色葡萄球菌之敘述，何者正確？,對熱具抗性，一般食物加熱烹煮時，不易將菌體殺死,在食物上增殖時，可產生熱不穩定腸毒素,因牛的乳腺炎而污染牛乳，進而導致乳製品遭受污染,食物中毒之症狀易導致死亡,C,,第二次
113,2024/11/9,食品品保初級工程師,食品科學概論,12,依照衛生福利部公告食品中乳酸菌之檢驗方法，下列敘述何者錯誤？,於35 ~ 37℃好氧培養72 ± 3 hr,MRS 培養基適用於總乳酸菌之計數,"觀察菌落之生長狀態，添加0.5%碳酸鈣於MRS 培養基中，為選擇性培
養基",選取25 ~ 250 個菌落之平板，其菌數之表示方式為CFU/g 或CFU/mL,A,,第二次
113,2024/11/9,食品品保初級工程師,食品科學概論,13,"衛生福利部公告之食品中微生物之檢驗方法-大腸桿菌O157:H7 之檢驗中，使用
之山梨糖醇-馬康奇洋菜培養基中，添加山梨糖醇之目的為：",測試菌種是否會發酵山梨糖醇,增加營養性,抑制雜菌生長,以上皆非,A,,第二次
113,2024/11/9,食品品保初級工程師,食品科學概論,14,"依照「食品中微生物衛生標準」，殺菌液蛋（冷藏或冷凍）需檢驗之微生物及其
毒素、代謝產物為下列何者？",腸炎弧菌,金黃色葡萄球菌,單核細胞增生性李斯特菌,沙門氏菌,D,,第二次
113,2024/11/9,食品品保初級工程師,食品科學概論,15,食品中毒的危險溫度區間為何？,-18℃ ~ 0℃,4℃ ~ 7℃,25℃ ~ 50℃,80℃ ~ 100℃,C,,第二次
113,2024/11/9,食品品保初級工程師,食品科學概論,16,為了預防食品中毒的發生，漢堡肉排需要煎至何種溫度條件才可確保食用安全？,表面溫度100℃,表面溫度70℃,中心溫度70℃,中心溫度50℃,C,,第二次
113,2024/11/9,食品品保初級工程師,食品科學概論,17,有關腸炎弧菌的微生物特性以下何者正確？,耐鹽性,耐糖性,造成毒素型食品中毒,畜產品中經常檢出,A,,第二次
113,2024/11/9,食品品保初級工程師,食品科學概論,18,"固態樣品進行黴菌及酵母菌數檢驗結果，各序列稀釋之平板可計數之平板之菌落
數需介於多少始可計數？",200-250 個,10-150 個,500-1000 個,1001 個以上,B,,第二次
113,2024/11/9,食品品保初級工程師,食品科學概論,19,大腸桿菌對檸檬酸鹽利用性試驗為？,正反應,正，負反應皆有,產氣,負反應,D,,第二次
113,2024/11/9,食品品保初級工程師,食品科學概論,20,青黴屬的黴菌其最低生長的水活性為：,0.95,0.90,0.80,0.70,C,,第二次
113,2024/11/9,食品品保初級工程師,食品科學概論,21,金黃色葡萄球菌所造成的食品中毒屬於何種分類？,毒素型食品中毒,感染型食品中毒,中間型食品中毒,以上皆非,A,,第二次
113,2024/11/9,食品品保初級工程師,食品科學概論,22,沙門氏菌屬於感染型食品中毒的分類，請問其致病的方式為何？,活的菌體進入宿主腸道進而造成致病,活的菌體於食品中產生毒素進而由毒素造成致病,活的菌體進到宿主腸道後產生外泌性的毒素造成致病,以上皆非,A,,第二次
113,2024/11/9,食品品保初級工程師,食品科學概論,23,下列何項分析方法不是用在測試油脂酸敗？,TBA 價,酸價,皂化價,過氧化價,C,,第二次
113,2024/11/9,食品品保初級工程師,食品科學概論,24,食品的粗蛋白檢測（凱氏定氮法），回收率校正使用何者為標準品？,氨氣,硫酸鈉,硫酸銨,濃硫酸,C,,第二次
113,2024/11/9,食品品保初級工程師,食品科學概論,25,下列有關蛋品加工起泡性的敘述，何者為非？,食鹽會延緩蛋品起泡時間,添加5%蔗糖可增加泡沫穩定性,脂肪的添加有助於泡沫的形成,室溫下攪拌蛋品較低溫下起泡速率快,C,,第二次
113,2024/11/9,食品品保初級工程師,食品科學概論,26,"要用多少毫升12 mol/L 的鹽酸溶液，才能稀釋製備成250 mL 2 mol/L 的鹽酸溶
液？",11.67,21.67,31.67,41.67,D,,第二次
113,2024/11/9,食品品保初級工程師,食品科學概論,27,"利用凱氏定氮法換算成粗蛋白含量時，依蛋白質含量多寡，需乘上一個換算係
數，其排序下列何者正確？",玉米＞稻米＞蛋＞牛乳,蛋＞牛乳＞稻米＞玉米,牛乳＞蛋＞玉米＞稻米,蛋＞稻米＞玉米＞牛乳,C,,第二次
113,2024/11/9,食品品保初級工程師,食品科學概論,28,下列何者不是肉製品添加鹼性磷酸鹽的作用？,抑菌,保水性,螯合金屬離子,抗氧化作用,A,,第二次
113,2024/11/9,食品品保初級工程師,食品科學概論,29,"執行食品衛生相關試驗時，為證實檢驗方法之適用性及分析結果的正確性，使用
之檢驗方法需經確效（validation）或查證（verification）後使用。依照衛福部食
藥署之「食品化學檢驗方法之確效規範」進行評估時，下列敘述何者正確？","應描述檢量線的數學方程式及線性範圍，一般至少包括5 種不同濃度（不
包括空白），線性回歸方程式之相關係數不應低於0.95","準確度的測定係將適量的待測物標準品添加於類似樣品基質之空白樣品
中，或選取合適濃度之驗證參考物質，計算回收率（%）。添加量包括定
量極限及定量極限2~10 倍（或待測物之管制值）至少2 種濃度，依檢驗
方法分析步驟，各進行5 重複之檢測","承（B），樣品中所含檢測物濃度範圍落於 > 1~10 mg/kg 時，回收率應介
於70~120%之間","定量極限（LOQ）係指定量時能有適量準確度與精密度之最低濃度。可採
量測5 個獨立空白樣品或低濃度樣品（約檢測極限之1~5 倍）之偵測值，
並計算其偵測值之標準差。LOQ 可訂為10 倍之標準差除以檢量線之斜率",B,,第二次
113,2024/11/9,食品品保初級工程師,食品科學概論,30,取0.01 M 的NaOH（力價：1）1 mL 加水稀釋至1000 mL，該溶液的pH 值為何？,8,9,10,11,B,,第二次
113,2024/11/9,食品品保初級工程師,食品科學概論,31,有關酵素在食品工業上的利用，下列敘述何者錯誤？,葡萄糖氧化酶常用於液蛋、蛋粉除去葡萄糖，以避免褐變反應,木瓜蛋白酶常用於肉品，以提高產品價值,脂肪加氧酶常用麵糰促進漂白、麵團攪拌特性和增大麵包的體積,芭樂汁利用果膠酶處理過後，會降低其風味成分的濃度,D,,第二次
113,2024/11/9,食品品保初級工程師,食品科學概論,32,有關蛋白質的測定法，下列敘述何者錯誤？,利用凱氏定氮法分析的樣品不須前處理,利用NIR 分析法可直接測定全穀粒的蛋白質含量,福林酚法主要在測定多胜肽鍵、酪胺酸和色胺酸,雙縮脲法靈敏度高於福林酚法,D,,第二次
113,2024/11/9,食品品保初級工程師,食品科學概論,33,食品殺菁的主要目的為何？,增加風味,減少營養素的流失,破壞酵素,殺滅所有微生物,C,,第二次
113,2024/11/9,食品品保初級工程師,食品科學概論,34,下列何者不能用來作為食品之膨脹劑？,碳酸氫鈉,酒石酸鉀,碳酸氫胺,亞硝酸鉀,D,,第二次
113,2024/11/9,食品品保初級工程師,食品科學概論,35,"牛脂（a）、椰子油（b）、橄欖油（c）和大豆油（d）的碘價，由低至高排序，下
列何者正確？",a、b、c、d,a、c、b、d,d、c、a、b,b、a、c、d,D,,第二次
113,2024/11/9,食品品保初級工程師,食品科學概論,36,下列何者不是葡萄糖氧化酶在食品加工上的用途？,用於液蛋、蛋粉，避免褐變反應,用於啤酒，保持穩定性,用於果汁，防止維生素C 氧化,用於牛乳，加速乳糖的分解,D,,第二次
113,2024/11/9,食品品保初級工程師,食品科學概論,37,蝦蟹煮熟變紅，是出自下列何種色素的變化？,甜菜苷,肌紅蛋白,類黃酮素,類胡蘿蔔素,D,,第二次
113,2024/11/9,食品品保初級工程師,食品科學概論,38,下列何者為烘烤馬鈴薯、炒花生的主要香氣成分？,acids,aldehydes,furanones,pyrazines,D,,第二次
113,2024/11/9,食品品保初級工程師,食品科學概論,39,"以混濁度測定法（turbidity measurement method）分析食品中微生物的敘述，下
列何者錯誤？","為一種將樣品適當稀釋後，接種在固體洋菜培養基上，經培養後，根據培
養基上長出的可見菌落數來推算樣品中所含細菌量",此法需先求出標準曲線，以便將所測得數據換算為菌數,為在特定波長下以分光光度計測量其吸光值之方法,檢測結果為活菌與死菌的總和,A,,第二次
113,2024/11/9,食品品保初級工程師,食品科學概論,40,使用比色計作吸光測定時，下列何項操作錯誤？,測光管的乾燥是使用少量酒精清洗後，倒置於濾紙上,測定之前先暖機,手握持在測光管的透明面,需有空白對照組校正吸光值,C,,第二次
113,2024/11/9,食品品保初級工程師,食品科學概論,41,下列何種糖吸濕性較高？,果糖,葡萄糖,麥芽糖,海藻糖,A,,第二次
113,2024/11/9,食品品保初級工程師,食品科學概論,42,麵粉在貯存過程中會脫色漂白，主要是受到哪一種酵素的作用？,澱粉酶,蛋白酶,果膠酶,脂肪加氧酶,D,,第二次
113,2024/11/9,食品品保初級工程師,食品科學概論,43,利用蒸餾法分析水分含量時，可使用的溶劑為下列何者？,甲醇,乙酸,丙酮,二甲苯,D,,第二次
113,2024/11/9,食品品保初級工程師,食品科學概論,44,"有關蒸汽注入式（steam injection）及蒸汽浸出式（steam infusion）熱交換機之比
較，下列何者正確？",前者涉及蒸汽與食品之直接接觸，後者則不涉及蒸汽與食品之直接接觸,後者之熱交換效率較高,前者之設備構造較複雜,後者之操作較簡單，成本較低,B,,第二次
113,2024/11/9,食品品保初級工程師,食品科學概論,45,"機械式冷凍機藉由一次冷媒之冷凍循環，在冷凍機中的哪個單元藉以形成冷凍作
用，使食品達到低溫？",貯液器（receiver）,蒸發器（evaporator）,壓縮機（compressor）,凝結器（condensor）,B,,第二次
113,2024/11/9,食品品保初級工程師,食品科學概論,46,油脂加工中用以移除飽和度較高的固體脂之步驟稱為：,氫化,脫膠,皂化,冬化,D,,第二次
113,2024/11/9,食品品保初級工程師,食品科學概論,47,有關加工肉品中食品添加物之添加目的，下列敘述何者正確？,蛋黃可做為肉品的保色劑,磷酸鹽可作為肉品的結著劑,亞硝酸鹽可作為肉品的乳化劑,己二烯酸可作為肉品的調酸劑,B,,第二次
113,2024/11/9,食品品保初級工程師,食品科學概論,48,下列何種產品最不適合利用噴霧乾燥進行乾燥？,果汁粉,奶粉,蛋粉,麥片,D,,第二次
113,2024/11/9,食品品保初級工程師,食品科學概論,49,應用於醬油、味噌等釀造食品的主要微生物為：,Monascus purpureus,Aspergillus fumigatus,Aspergillus oryzae,Bifidobacterium longum,C,,第二次
113,2024/11/9,食品品保初級工程師,食品科學概論,50,最常用來判斷鮮果味道品質的品管參數是：,酸鹼值,可滴定酸度,可溶性固形物,糖酸比,D,,第二次
113,2024/11/9,食品品保初級工程師,食品科學概論,51,"某一食品的凍結點為-1℃，將此食品冷凍至品溫為-20℃，此時該食品所含水分
有多少凍結？",50%,75%,95%,100%（完全凍結）,C,,第二次
113,2024/11/9,食品品保初級工程師,食品科學概論,52,下列有關巴斯德殺菌（pasteurization）之敘述，何者正確？,殺死所有的細菌,產品必需儲存在低溫下，以抑制微生物之生長,必須使食品中的每一部分均接受121℃之高溫加熱15 分鐘以上,其目的為抑制或破壞食品中的酵素,B,,第二次
113,2024/11/9,食品品保初級工程師,食品科學概論,53,肉品的煙燻處理，下列敘述何者不正確？,燻煙中所含之（甲）醛類、酚類、有機酸等具殺菌或抑菌的效果,不同燻材所產生的燻煙成分有所差異，影響產品之風味,燻煙處理可使肉品部分濕潤，因此有增量的效果,"通常樹脂少而質地硬者，較不會產生不快的臭味，因此闊葉樹所產生的燻
煙較針葉樹有較佳之香氣",C,,第二次
113,2024/11/9,食品品保初級工程師,食品科學概論,54,有關巧克力之調溫（Tempering）加工，下列敘述何者不正確？,"天然可可脂為同質多晶型（Polymorphic forms）三酸甘油酯的混合物，具
有不同的結晶型態，可藉由調溫程序調控之",冷卻調溫的溫度會影響最後成品的結晶型態,不同可可脂晶型之熔點溫度高低，依序是γ < α < β,調溫主要是為了保有熔解溫度約在33.8℃的穩定α 結晶,D,,第二次
113,2024/11/9,食品品保初級工程師,食品科學概論,55,水果類在採收後，為保持鮮度，不宜採用下列何種處理方式？,塗蠟,合法之保鮮劑,預冷,醃漬,D,,第二次
113,2024/11/9,食品品保初級工程師,食品科學概論,56,長期凍藏的水畜肉類，下列何者作為其脂肪組織氧化酸敗的指標較為適當？,TBA 價,酸價,碘價,pH 值,A,,第二次
113,2024/11/9,食品品保初級工程師,食品科學概論,57,下列何項食品保存技術不涉及產品水活性之降低？,濃縮,乾燥,鹽漬,無菌充填包裝,D,,第二次
113,2024/11/9,食品品保初級工程師,食品科學概論,58,有關冬粉之加工，下列敘述何者正確？,傳統的冬粉一般以花豆或大紅豆為主原料,控制冬粉耐煮、口感滑溜特性的主要關鍵成分為回凝的支鏈澱粉,其製程通常涉及將原料澱粉半糊化成糰塊狀後擠壓成型再完成糊化,"其製程通常涉及將糊化完成的粉絲於4℃冷藏24 小時以促進回凝，再進行
乾燥",C,,第二次
113,2024/11/9,食品品保初級工程師,食品科學概論,59,牛奶中的乳鐵蛋白及免疫球蛋白，加熱至大約攝氏多少℃即會受到顯著的破壞？,55℃,65℃,72℃,80℃,D,,第二次
113,2024/11/9,食品品保初級工程師,食品科學概論,60,若考量肉色的鮮紅，下列調氣包裝條件，何者最適合生鮮肉品？,使用20-40%氧氣和60-80%二氧化碳,使用高於65%的二氧化碳，剩下則為氮氣,使用60-80%氧氣和20-40%二氧化碳,使用高於65%的氮氣，剩下則為二氧化碳,C,,第二次
113,2024/11/9,食品品保初級工程師,食品科學概論,61,下列何種加工產品之製程涉及「發黴」過程？,柴魚,優酪乳,臘肉,皮蛋,A,,第二次
113,2024/11/9,食品品保初級工程師,食品科學概論,62,冷凍食品凍藏期間所發生的品質變化現象中，何者屬於化學性？,食品成分的濃縮,凍燒（freezer burn）,體積膨脹與內壓發生,乾燥,B,,第二次
113,2024/11/9,食品品保初級工程師,食品科學概論,63,"微生物的控制是保存食品品質的關鍵因素之一。“速食麵”主要是利用何種食品保
存技術達到抑制微生物生長之目的？",添加防腐劑,鹽漬,油炸或乾燥使麵體的水活性降低,冷凍處理,C,,第二次
113,2024/11/9,食品品保初級工程師,食品科學概論,64,一般食品的濃縮處理，通常較少採用下列何種方式？,蒸發濃縮,冷凍濃縮,真空濃縮,薄膜濃縮,D,,第二次
113,2024/11/9,食品品保初級工程師,食品科學概論,65,啤酒之釀造加工，添加大麥芽的主要目的為：,增加GABA 含量,將穀類原料中的澱粉水解,增加泡沫，以利酵母菌的作用,控制酒精度,B,,第二次
113,2024/11/9,食品品保初級工程師,食品科學概論,66,下列何種加工技術為植物肉“纖維口感”的主要關鍵加工技術？,乾燥加工技術,萃取加工技術,擠壓加工技術,殺菌加工技術,C,,第二次
113,2024/11/9,食品品保初級工程師,食品品保概論,1,"美國FDA 於2019 年啟動數位系統管理食品安全，根據食品類型和原產國過去發
生的問題等條件，對進口食品進行風險分級，當年使用的數位科技不包括下列何
者？",數據分析,人工智慧（AI）,區塊鏈,機械學習,C,,第二次
113,2024/11/9,食品品保初級工程師,食品品保概論,2,下列哪一項溶劑為法規准許使用之加工助劑？,丙二醇,戊醇,丁酮,甲酸,A,,第二次
113,2024/11/9,食品品保初級工程師,食品品保概論,3,下列何者不屬於食品攙假事件之類型？,業者故意用欺騙性的取代,業者故意用欺騙性的減量,業者故意用欺騙性的添加,業者故意用欺騙性的篡改,B,,第二次
113,2024/11/9,食品品保初級工程師,食品品保概論,4,下列何者與落實食品產業相關業者自主管理責任之行動方案無關？,強化農民、農業販賣業者與飼料販賣業者自主管理機制,推動農業經營模式轉型,加強掌握農產品生產之來源,提高傳統小型食品產業與餐飲業之衛生管理水準,C,,第二次
113,2024/11/9,食品品保初級工程師,食品品保概論,5,食品中毒案件比例最高的是下列哪一項？,化學性中毒,生物性中毒,逾期食品,添加不法添加物,B,,第二次
113,2024/11/9,食品品保初級工程師,食品品保概論,6,"隨著消費者食品安全意識的抬頭，具有食品品質系統相關標章的產品，可提供消
費者選購時的訊息，請問以下品質系統何者具有強制性？",食品良好衛生規範準則（GHP）,食品良好作業規範（GMP）,台灣優良農產品標章（CAS）,食品安全衛生管理系統（ISO 22000）,A,,第二次
113,2024/11/9,食品品保初級工程師,食品品保概論,7,有關ISO 9000 品質管理系統目前最新版本，以下描述何者有誤？,取消預防措施改為風險管理,目前最新版本為2015 年版本,與PDCA 戴明循環有關,即依ISO 9000 系統條文要求建立管理系統,D,,第二次
113,2024/11/9,食品品保初級工程師,食品品保概論,8,下列哪一類別不需要設置衛生管理人員？,乳品業,包裝飲用水業,罐頭食品業,健康食品業,B,,第二次
113,2024/11/9,食品品保初級工程師,食品品保概論,9,"國際標準組織公布的ISO 10010:2022『理解、評估和改善組織品質文化的指引』
中，可能影響文化的內部議題不包括哪項？",訓練和教育,組織成熟度,競爭和市場力量,產品和服務的提供,C,,第二次
113,2024/11/9,食品品保初級工程師,食品品保概論,10,能快速分析客戶消費行為以修正行銷策略，主要是靠哪種技術？,企業入口網站（EIP）,製造執行系統（MES）,商用智慧（BI）,客戶關係管理（CRM）,C,,第二次
113,2024/11/9,食品品保初級工程師,食品品保概論,11,下列何者不適合應用資訊科技進行數位轉型？,組織,流程,產品,商業模式,A,,第二次
113,2024/11/9,食品品保初級工程師,食品品保概論,12,以下何者非公司推動數位轉型的重要考量？,以AI 機器學習技術改善品管,大數據分析目標客戶,客製化需求,製程外包,D,,第二次
113,2024/11/9,食品品保初級工程師,食品品保概論,13,品質成本是公司衡量品質好壞的一個指標，針對下列描述何者配對錯誤？,品檢員之薪資屬鑑定成本,建立ISO 9001 品質管理系統屬於預防成本,內部異常進而重工，進而再檢驗，再檢驗屬內部失敗成本,保固期內售後服務屬鑑定成本,D,,第二次
113,2024/11/9,食品品保初級工程師,食品品保概論,14,"根據2017 年國際糖尿病聯盟（International Diabetes Federation, IDF）的統計資料
顯示，台灣20-79 歲的人口中，糖尿病盛行率達10.9%，因此不論是維持糖尿病
患者長期健康，或是減輕政府醫療負擔而言，及早控制血糖已成為當務之急，糖
尿病患者的飲食控制與日常照護，可預見的是相關產業發展的商機與市場趨勢，
下列何者非可發展項目？",精準醫療提升醫療成效,遠距醫療提升照護品質,保險商品推動跨業結合,食品包材之透氣性研究,D,,第二次
113,2024/11/9,食品品保初級工程師,食品品保概論,15,"台灣於2020 年被世界動物衛生組織通知為非口蹄疫疫區後，豬肉出口作業需先
取得哪一個部會之HACCP 驗證，以利後續作業？",食品藥物管理署的二級品管驗證,動植物防疫檢疫局的HACCP 驗證,標準檢驗局的HACCP 驗證,不須取得驗證，可直接出口,B,,第二次
113,2024/11/9,食品品保初級工程師,食品品保概論,16,有關包裝食品「基因改造」品標示，下列何者有誤？,"如果產品使用不含轉殖基因片段或轉殖蛋白質之高層次加工品作為其內
容物成分原料之一，該產品外包裝得免標示基因改造相關規定之字樣",食品添加物含有基因改造食品原料，不論型態、種類，皆需要標示,"非基因改造食品原料因採收、儲運或其他因素等非故意攙入基因改造食品
原料，且其含量占該項原料3%者，視為非基因改造食品原料",產品中刻意加入1%基因改造黃豆，符合3%以下之要求，可不用標示,D,,第二次
113,2024/11/9,食品品保初級工程師,食品品保概論,17,"食品產業通常老師傅經驗不易傳承，紙本紀錄，原料來源不穩定，品質難管控，
為了改善上述問題，應先投入下列哪一個階段？",無紙化,數位化,數位優化,數位轉型,B,,第二次
113,2024/11/9,食品品保初級工程師,食品品保概論,18,使用品管七大方法中之直方圖，無法達到下列那一個目的？,瞭解分配的型態,計算產品之不合格率,真因探討,藉以訂定規格界限,C,,第二次
113,2024/11/9,食品品保初級工程師,食品品保概論,19,"生鮮水產品處理時，尤其是鯖魚科，可能會帶來組織胺的風險，因此魚體捕撈後，
儘速進行下列何種處理較佳？",冷凍,放射線照射,加熱煮熟,浸泡消毒液,A,,第二次
113,2024/11/9,食品品保初級工程師,食品品保概論,20,請Youtuber 直播販售公司商品是屬於哪一種數位轉型模式？,組織,流程,產品,商業模式,D,,第二次
113,2024/11/9,食品品保初級工程師,食品品保概論,21,成品放行出貨至少需確認：,成品檢驗報告、原料檢驗報告、品保主管簽核、製造主管簽核,成品檢驗報告、品保主管簽核、製造主管簽核,成品檢驗報告、原料檢驗報告、製造主管簽核,成品檢驗報告、品保主管簽核、製造主管簽核、供應商名錄,B,,第二次
113,2024/11/9,食品品保初級工程師,食品品保概論,22,根據我國食品製造業、餐飲業及烘焙之類別定義，下列何者不正確？,從事魚類去肚、去鰓、去鱗後分切之業者，不屬於「水產加工食品製造業」,從事水生植物（如藻類）加工之業者，不屬於「水產加工食品製造業」,「非酒精飲料製造業」則以酒精濃度百分之一與酒精性飲料作為區分界線,以水產原料醃漬醬料者，非屬「醬油製造業」，因其原料非植物性蛋白質,C,,第二次
113,2024/11/9,食品品保初級工程師,食品品保概論,23,關於肉類加工食品業應符合食品安全管制系統準則之規定，以下何者正確？,"肉類加工食品：以畜禽肉類或其雜碎類為主成分，製造成可供人類食用之
食品；所稱主成分係指畜禽肉類或其雜碎類之含量達百分之五十五以上者","肉品加工：含原料肉貯存（冷藏冷凍）、解凍、分切、分級、選別、機械
去骨（肉）、低溫保藏之運送、貯存過程","生鮮處理：含切片、切絲、絞碎、細切、醃漬、充填、成型、蒸煮、煙燻、
乾燥、脫水、調理冷凍（藏）、萃取、發酵、製罐等","肉類加工食品業：從事畜禽肉類原料供應、製造、調配、加工、包裝、運
送、貯存等之業者",D,,第二次
113,2024/11/9,食品品保初級工程師,食品品保概論,24,下列何者不是食品安全衛生管理法中所稱之食品業者？,從事食品之運送、貯存之業者,從事食品添加物之輸入業者,從事食品器具、食品容器或包裝之販賣之業者,從事食品用洗潔劑之運送、貯存業者,D,,第二次
113,2024/11/9,食品品保初級工程師,食品品保概論,25,供作生產疫苗的兔隻如經販賣供人食用，係以下列何種情況論處？,變質或腐敗,未成熟而有害人體健康,有毒,含有有害人體健康之物質,A,,第二次
113,2024/11/9,食品品保初級工程師,食品品保概論,26,食品安全衛生管理法中，規定要辦理查驗登記的產品是？,食品器具容器,食品用洗潔劑,食品添加物,即食食品,C,,第二次
113,2024/11/9,食品品保初級工程師,食品品保概論,27,"設置於行政院的食品安全會報依食品安全衛生管理法規定至少每幾個月要開會
一次？",12 個月,6 個月,3 個月,2 個月,C,,第二次
113,2024/11/9,食品品保初級工程師,食品品保概論,28,"有一五穀米產品包含有45%來自台灣的紫米、20%來自美國的大麥、20%來自加
拿大的小麥、10%來自加拿大的燕麥、5%來自中國的小米，其標示方式，下列何
者正確？","紫米（台灣）、大麥（美國）、小麥（加拿大）、燕麥（加拿大）、小米
（中國）",內容物：紫米、大麥、小麥、燕麥；原產地：台灣、加拿大、美國,"內容物：大麥、紫米、小麥、燕麥、小米；原產地：加拿大、台灣、美國、
中國",以上皆是,A,,第二次
113,2024/11/9,食品品保初級工程師,食品品保概論,29,含果蔬汁之市售包裝飲料標示，下列何者正確？,"果蔬汁總含量未達百分之五十者，除內容物名稱外，不得標示果蔬汁或等
同意義字樣","品名為番茄胡蘿蔔汁其蔬果汁總含量達百分之二十，胡蘿蔔汁含百分之十
二，番茄汁含百分之八",品名為綜合果蔬汁，其總含量達百分之十二，品名不必揭露全部果蔬名稱,果蔬汁總含量為百分之八，品名可為8%果蔬汁,C,,第二次
113,2024/11/9,食品品保初級工程師,食品品保概論,30,國內食鹽衛生安全標準中所規範之重金屬含量，不包括下列何種重金屬？,總汞,銅,鎘,錫,D,,第二次
113,2024/11/9,食品品保初級工程師,食品品保概論,31,下列何者為「食品中污染物質及毒素衛生標準」中所稱之污染物質或毒素？,蟲體碎片,多氯聯苯,戴奧辛,真菌毒素,D,,第二次
113,2024/11/9,食品品保初級工程師,食品品保概論,32,使用開放式殺菌設備生產酸化罐頭食品，何者正確？,不須加設溫度記錄裝置,僅需填寫殺菌工作報告,需要有自動溫度記錄儀之紀錄,以上皆是,C,,第二次
113,2024/11/9,食品品保初級工程師,食品品保概論,33,下列何種食品不含我國規範之食品過敏原？,芒果乾,豆干,芝麻醬,芋頭冰,D,,第二次
113,2024/11/9,食品品保初級工程師,食品品保概論,34,CCP 點管控之紀錄至少應包括？,CCP 監控紀錄、衛生監控紀錄、確認紀錄,CCP 矯正紀錄、原料驗收紀錄、CCP 監控紀錄,CCP 監控紀錄、確認紀錄、矯正紀錄,矯正紀錄、衛生監控紀錄、CCP 監控紀錄,C,,第二次
113,2024/11/9,食品品保初級工程師,食品品保概論,35,殺菌釜殺菌操作作業何者正確？,殺菌釜水銀溫度計與壓力錶規定每半年應至少委外校正乙次,校正合格後，校正日期之標示可保存於專櫃,由領有外訓合格校正人員可以執行溫度計與壓力錶內部校正,若溫度計與壓力錶臨時故障，無法進行殺菌作業,D,,第二次
113,2024/11/9,食品品保初級工程師,食品品保概論,36,食品中重金屬鉛之限量敘述何者有誤？,貝類不含殼,頭足類包含內臟,甲殼類為可食肌肉,蛋不含殼,B,,第二次
113,2024/11/9,食品品保初級工程師,食品品保概論,37,"輸入食品系統查核實施辦法中，下列哪類食品是衛生福利部公告須辦理系統性查
核的產品？",肉類,蔬菜,水果,調理食品,A,,第二次
113,2024/11/9,食品品保初級工程師,食品品保概論,38,公告應設立實驗室的食品業別是？,罐頭製造業,包裝飲用水製造業,辛香料製造業,油脂製造業,D,,第二次
113,2024/11/9,食品品保初級工程師,食品品保概論,39,有關食品安全管制系統，下列敘述何者有誤？,食品工廠製造加工流程圖與現場實際作業流程一致,與危害分析表加工步驟一致,進行每一項原料、物料之危害分析,無需進行倉儲運輸之危害分析,D,,第二次
113,2024/11/9,食品品保初級工程師,食品品保概論,40,食品安全管制小組組織成員表之內容應明列：,學經歷、受訓資格、身分證字號、工作職責,學經歷、受訓資格、連絡電話、工作職責,學經歷、受訓資格、職稱、工作職責,學經歷、受訓資格、年資、工作職責,C,,第二次
113,2024/11/9,食品品保初級工程師,食品品保概論,41,"乳脂（Cream）的大腸桿菌採樣計畫為n=5、c=2，限量為m=10 MPN/g、M=100
MPN/g，採集5 個樣品，檢出結果何者正確？",2 個樣品檢出大腸桿菌，分別為11 及15 MPN/g，判定為不合格,3 個樣品檢出大腸桿菌，分別為11、15 及20 MPN/g，判定為不符合,1 個樣品檢出大腸桿菌，120 MPN/g，判定為合格,3 個樣品檢出大腸桿菌，分別為3、11 及15 MPN/g，判定為不合格,B,,第二次
113,2024/11/9,食品品保初級工程師,食品品保概論,42,運送過程之屠體交付食品業者後，其衛生查核的主管機關為？,衛生主管機關,農業主管機關,經濟主管機關,環保主管機關,A,,第二次
113,2024/11/9,食品品保初級工程師,食品品保概論,43,下列哪種行業應置食品技師？,水產食品業,咖啡廳,自助餐廳,林產品製造業,A,,第二次
113,2024/11/9,食品品保初級工程師,食品品保概論,44,全穀產品宣稱及標示原則，下列敘述何者為誤？,"固體產品所含全穀成分佔配方總重量百分比51%（含）以上，始可以全穀
產品宣稱","如產品所含全穀成分未達配方總重量百分比51%（含）以上，不得宣稱為
全穀產品，僅能以「本產品部分原料使用全穀粉（如：全麥）原料製作」，
或「本產品含部分全穀粉（如：全麥麵粉）」等方式宣稱","如產品欲宣稱為全穀原料粉，則內容物（原料）須百分比51%以上，始可
宣稱為全穀原料粉","若產品中單一穀類佔配方總重量百分比51%以上，可以該穀類名稱進行產
品命名（如：全麥○○、全蕎麥○○等）",C,,第二次
113,2024/11/9,食品品保初級工程師,食品品保概論,45,進口散裝產品若沒有批號，要如何記錄，下列何者不正確？,記錄製造日期、有效日期、進貨日期,記錄驗收日期、原材料原有批號等,另設計專屬編碼,記錄欄可空白,D,,第二次
113,2024/11/9,食品品保初級工程師,食品品保概論,46,"某工廠發現茶飲料中使用的茶葉殘留農藥過量，但是已生產並出貨，此時應首先
進行哪些後續作業？ a.追蹤該茶飲料販售到哪些通路 b.追蹤該茶葉使用至哪些
產品 c.追溯供應商來源 d.追溯農藥來源",ab,ad,abc,cd,C,,第二次
113,2024/11/9,食品品保初級工程師,食品品保概論,47,稽核員查核黃豆是否為基因改造原料時，下列哪一項目不是查核重點？,進口報單,數量,檢驗報告,進口國,D,,第二次
113,2024/11/9,食品品保初級工程師,食品品保概論,48,"赭麴黴毒素（ochratoxin）係由Penicillium 與Aspergillus 二屬真菌所產生，其毒
性以何型最強？",A 型毒性最強,B 型毒性最強,C 型毒性最強,D 型毒性最強,A,,第二次
113,2024/11/9,食品品保初級工程師,食品品保概論,49,依「水產食品業應符合食品安全管制系統準則之規定」下列何者為非？,"「水產罐頭食品類」指將原料於鐵罐、鋁罐、玻璃瓶或其他容器中經脫氣
密封加熱殺菌製成者，分水煮、油漬、調味等三種","「冷凍冷藏水產食品類」包含（一）冷藏品：原料未經調理，直接於凍結
點以上低溫貯藏者。（二）冷凍品：原料未經調理，直接凍結貯藏者。（三）
調理冷凍品：原料經調理後凍結貯藏者",「水產食品」指以魚貝類為主成分，製造成可供人類食用之食品,"「其他水產品類」指原料經過脫水乾燥或添加食鹽，其水分含量低於原料
而能延長保存期限之製品",D,,第二次
113,2024/11/9,食品品保初級工程師,食品品保概論,50,下列何者非防止異物侵入之有效措施？,加蓋並具有完整之封閉性,不使用鋼刷,不重複使用拋棄式之包裝容器,作業人員應正確配戴網帽,C,,第二次
113,2024/11/9,食品品保初級工程師,食品品保概論,51,包裝食品營養標示應遵行？,"最大表面積不足80 平方公分之小包裝，除品名、廠商名稱及有效日期外，
其他項目標示字體之長度及寬度各得小於2 毫米，此最大表面積指一容器
中具有最大面積之平面","食品形態為錠狀、膠囊狀之營養成分應以「每一份量（或每份）」及「每
一百公克（或毫升）」，並加註該產品每包裝所含之份數",維生素、礦物質以有效數字不超過四位為原則,可以吸管吸食之半固體凝膠包裝產品，營養標示應以毫升為單位,A,,第二次
113,2024/11/9,食品品保初級工程師,食品品保概論,52,依據「食品及其相關產品追溯追蹤系統管理辦法」，下列各敘述中何者不正確：,"中央主管機關（食品藥物管理署）為確認追溯追蹤系統紀錄，應進入食品
業者作業場所查核及要求其提供相關證明文件，食品業者不得規避、妨礙
或拒絕","食品業者應建立追溯追蹤資料者，其保存食品追溯追蹤憑證、文件等紀錄
之時限至少應達五年","應建立追溯追蹤資料之食品業者，目前已包括從事食品及其相關產品輸入
及輸出業務者","該辦法所稱之食品及相關產品，係指母法（食品安全衛生管理法）第三條
第一項第一款至第六款之食品、特殊營養食品、食品添加物、食品器具、
食品容器或包裝及食品用洗潔劑",A,,第二次
113,2024/11/9,食品品保初級工程師,食品品保概論,53,"HACCP 七大原則a 建立管制界線。b 建立矯正記錄。c 實施危害分析。d 判定重
要管制點。e 建立記錄系統。f 建立文件及紀錄管制。g 執行管制點監控。其預備
步驟順序應為？",cdefabg,cdefagb,cdeagb,cdagbe,ABCD,,第二次
113,2024/11/9,食品品保初級工程師,食品品保概論,54,"有關生鮮蛋品洗選程序，以下哪兩種處理正確：a.洗淨過程用水之水溫宜維持在
30℃以上，並至少應高於蛋品溫度5℃以上；b.洗淨過程包括噴水、刷洗及沖洗
步驟，可加入洗潔劑使用；c.洗淨過程不可添加殺菌劑或消毒劑；d.照蛋檢查可
用以辨別破裂蛋而剔除之。",ab,ad,bd,cd,B,,第二次
113,2024/11/9,食品品保初級工程師,食品品保概論,55,"如產品出貨至量販業者之中央倉儲或各營業點，如各營業點統一編號相同者，下
游業者為何？",量販業者之倉儲,量販業者之總公司,量販業者各營業點,消費者,B,,第二次
113,2024/11/9,食品品保初級工程師,食品品保概論,56,下列哪個產品需要標示「基因改造」或「含基因改造」等字樣？,產品中只添加1%的基因改造黃豆,非有意攙入基因改造食品原料3%,非有意攙入基因改造食品原料1%,以上皆須標示,A,,第二次
113,2024/11/9,食品品保初級工程師,食品品保概論,57,"食品及其相關產品追溯追蹤系統管理辦法中，上傳報廢（含逾有效日期）資訊，
除原材料與產品之名稱、總重量或總容量外，尚應包括什麼內容？",報廢鑑定報告,處理措施及發生原因,報廢地點,估計總價值,B,,第二次
113,2024/11/9,食品品保初級工程師,食品品保概論,58,"甲公司為食品添加物進口商，交易方式為中盤商乙向甲公司訂貨，並 指定將此
批貨品送至中盤商之客戶丙，也就是甲公司發票開給中盤商乙，但貨品實際簽收
者為該中盤商之客戶丙。甲公司欲詢問於「非追不可」系統之交易對象應為何？",進口商甲,中盤商乙,中盤商之客戶丙,以上皆是,C,,第二次
113,2024/11/9,食品品保初級工程師,食品品保概論,59,下列何者為冷凍豬肉生產製程中，最不常被列為HACCP 制度中的CCP 點？,化學性之組織胺殘留,生物性之病原菌污染,物理性之金屬物殘留,化學性之磺胺劑殘留,A,,第二次
113,2024/11/9,食品品保初級工程師,食品品保概論,60,"根據常溫貯存及販售之真空包裝即食食品規範，具下列哪一條件者之真空包裝即
食食品，可於常溫貯存及販售，下列何者為誤？",水活性小於等於零點八五,pH 值大於等於九點零,經商業滅菌,pH 值小於等於四點六,D,,第二次
113,2024/11/9,食品品保初級工程師,食品品保概論,61,下列有關HACCP 制度落實與管理精神之敘述，下列何者不是主要目的？,提升廠商合作,源頭管理,衛生自主管理,產品責任保證,A,,第二次
113,2024/11/9,食品品保初級工程師,食品品保概論,62,下列何者不屬於食品添加物標示之主要目的？,維護消費者的安全權益,規範製造者之責任,預防仿冒品之出現,有問題時，可回收貨品，追查原因所在,C,,第二次
113,2024/11/9,食品品保初級工程師,食品品保概論,63,有關食品添加物的標示管理，下列哪一項有誤？,甜味劑、防腐劑、修飾澱粉應同時標示功能性名稱,甜味劑、抗氧化劑、人工香料應標示功能性名稱,防腐劑、抗氧化劑應標示功能性名稱,甜味劑、防腐劑、抗氧化劑應標示功能性名稱,ABCD,,第二次
113,2024/11/9,食品品保初級工程師,食品品保概論,64,"食品業者建立食品追溯追蹤系統，在發生產品安全事件時，追溯追蹤系統的主要
功用，對於下列何者較為不適合？",可從有問題產品端快速追溯食品供應商資訊,可從有問題食品原料快速追蹤產品流向,迅速並準確移除有問題之食品,掌握平常產品之原料來源及產品流向,D,,第二次
113,2024/11/9,食品品保初級工程師,食品品保概論,65,食品本身存在的天然毒素、過敏原、組織胺，是屬於哪一種危害？,物理性危害,化學性危害,生物性危害,以上皆非,B,,第二次
113,2024/11/9,食品品保初級工程師,食品品保概論,66,有關加工流程圖掌握重點，下列何者較不正確？,每一步驟予以編號，並與危害分析工作表之加工步驟對應,說明加工條件，主要指處理溫度及時間等管制值,需標明CCP,"單一加工類別中，可能含有多種產品，若其加工作業流程基本上是相同
時，還是要分開個別的加工流程圖",D,,第二次
114,2025/5/17,食品品保初級工程師,食品科學概論,1,"直接螢光過濾法（direct epifluorescent filter technique, DEFT）及疏水性格膜過濾法
（hydrophobic grid membrane filtration, HGMF）均利用膜過濾法來分析食品中微生物含量，
有關這二種分析法的敘述，下列何者正確？",DEFT 及HGMF 二者均不需培養操作，因此可比平板計數法快速得到結果,DEFT 不需培養，可比HGMF 快速得到結果,HGMF 不需培養，可比DEFT 快速得到結果,DEFT 及HGMF 均需培養，只是操作較簡便而已,B,,第一次
114,2025/5/17,食品品保初級工程師,食品科學概論,2,食品的酸度或鹼度的檢測，應用下列何種分析產物再進一步滴定而得？,非還原糖量,粗灰分,有機酸,粗蛋白,B,,第一次
114,2025/5/17,食品品保初級工程師,食品科學概論,3,有關「ATP-生物冷光檢測（ATP-bioluminescence test）」的敘述，下列何者不正確？,可用以檢測微生物之殘留,主要是檢測食物表面之衛生狀況,以冷光儀（luminometer）測定,產生之光度數值大小以RLU 表示,B,,第一次
114,2025/5/17,食品品保初級工程師,食品科學概論,4,有關射頻（RadioFrequency）波加熱技術，下列敘述何者不正確？,射頻波具有比紅外光更長的波長,其頻率介於300 MHz 和300 GHz 之間,與傳統加熱方法相比，射頻波加熱的優點是食物可快速加熱到所需溫度,"與傳統加熱方法相比，射頻波加熱的處理時間短得多，因此對營養和感官品質的不
良影響較小",B,,第一次
114,2025/5/17,食品品保初級工程師,食品科學概論,5,微生物檢驗時所使用之培養基如何確認其已完全滅菌？,檢驗時同步使用陽性對照組,檢驗時同步使用陰性對照組,檢驗時同步使用空白（試劑）對照組,經過高溫高壓滅菌，無須進行無菌性之確認,C,,第一次
114,2025/5/17,食品品保初級工程師,食品科學概論,6,蛋白質營養價值依攝取1 克蛋白質能增加體重的克數來評比稱之為？,胺基酸價,生物價,蛋白質效率,淨蛋白質利用率,C,,第一次
114,2025/5/17,食品品保初級工程師,食品科學概論,7,層析操作的定量方法可分為內標法與外標法，請問下列何者敘述有誤？,內標法定量較外標法準確,選用之內標準品必須是於層析分離時可被單獨分離出來之化合物,以外標法定量，待測物的濃度須落在標準曲線所用之標準品濃度範圍內,內標法定量的優點之一是進樣體積不需要非常準確,A,,第一次
114,2025/5/17,食品品保初級工程師,食品科學概論,8,"油脂精煉的過程中，下列哪一個步驟主要的目的為去除凝固點較高的高級醇類，避免油品
在低溫下混濁而固化？",脫膠,脫色,脫臭,冬化,D,,第一次
114,2025/5/17,食品品保初級工程師,食品科學概論,9,有關冬粉之加工，下列敘述何者正確？,傳統的冬粉一般以花豆或大紅豆為主原料,控制冬粉耐煮、口感滑溜特性的主要關鍵成分為回凝的支鏈澱粉,其製程通常涉及將原料澱粉半糊化成糰塊狀後擠壓成型再完成糊化,其製程通常涉及將糊化完成的粉絲於4℃冷藏24 小時以促進回凝，再進行乾燥,C,,第一次
114,2025/5/17,食品品保初級工程師,食品科學概論,10,新鮮農產品採收後的預冷處理，其目的為何？,促進呼吸作用，提高農產品的生命力,增加保濕作用,減緩品質劣變的生理變化,提高農產品的冷傷抗性,C,,第一次
114,2025/5/17,食品品保初級工程師,食品科學概論,11,在常壓下（760 mmHg），茄汁鯖魚罐頭之罐內氣壓偵測值為600 mmHg，代表其真空度為：,600 mmHg,1360 mmHg,160 mmHg,320 mmHg,C,,第一次
114,2025/5/17,食品品保初級工程師,食品科學概論,12,利用「氣體調控」來保藏食品時，最常被調節的氣體種類有哪些？,氧氣、氫氣、氮氣,氧氣、氯氣、二氧化碳,二氧化碳、氫氣、氮氣,氧氣、二氧化碳、氮氣,D,,第一次
114,2025/5/17,食品品保初級工程師,食品科學概論,13,肉毒桿菌（Clostridium botulinum）就其生長時對氧氣之需求而言，乃屬於：,好氣微生物,兼性厭氧微生物,絕對厭氧微生物,兼性好氧微生物,C,,第一次
114,2025/5/17,食品品保初級工程師,食品科學概論,14,生菌數檢測時，如採用peptone diluent，其濃度為多少？,0.01%,0.10%,0.50%,1%,B,,第一次
114,2025/5/17,食品品保初級工程師,食品科學概論,15,"依衛生福利部公告之食品微生物之檢驗方法－生菌數之檢驗中要求，微生物檢驗之工作
環境為：工作平台須寬敞、潔淨、光線良好，操作平台光度為100 呎燭光以上，密閉室內
換氣良好，儘可能沒有灰塵及流動空氣。每15 分鐘落菌數不得超過：",15 CFU/培養皿,30 CFU/培養皿,150 CFU/培養皿,300 CFU/培養皿,A,,第一次
114,2025/5/17,食品品保初級工程師,食品科學概論,16,豆腐加工會添加凝固劑，但是必須要同時搭配加熱的凝固劑為？,石膏,鹽滷,葡萄糖酸內酯鉀,硫酸鈣,C,,第一次
114,2025/5/17,食品品保初級工程師,食品科學概論,17,下列何種糖吸濕性較高？,果糖,葡萄糖,麥芽糖,海藻糖,A,,第一次
114,2025/5/17,食品品保初級工程師,食品科學概論,18,若食品中含有大腸桿菌，下列敘述何者錯誤？,推定試驗的LST broth 產氣,鑑別試驗的EC broth 不產氣,indole test 是使用科瓦克氏試劑（Kovac’s reagent）測試,大腸桿菌為格蘭氏陰性菌，格蘭氏染色為陰性呈粉紅色,B,,第一次
114,2025/5/17,食品品保初級工程師,食品科學概論,19,魚丸製品的黏彈性與何種蛋白質的溶出最有關係？,膠原蛋白,彈力蛋白（Elastin）,鹽溶性蛋白,基質蛋白,C,,第一次
114,2025/5/17,食品品保初級工程師,食品科學概論,20,超高壓加工技術（HPP）為新興加工技術，下列哪一項敘述有誤？,屬於冷殺菌技術,營養成分流失少,可連續式生產,對於微生物孢子殺滅效果很好,D,,第一次
114,2025/5/17,食品品保初級工程師,食品科學概論,21,下列對於食因性病毒的敘述，何者錯誤？,主要病徵為腸胃炎或肝炎,食物盡量維持熟食，避免生食和生飲,加強環境的清潔與消毒，必要時使用漂白水消毒,人是唯一諾羅病毒的帶病毒者，主要透過飛沫途徑傳染,D,,第一次
114,2025/5/17,食品品保初級工程師,食品科學概論,22,下列何種微生物需要較高的菌數才能造成人類致病？,志賀氏桿菌,大腸桿菌O157：H7,沙門氏菌,空腸曲狀桿菌,C,,第一次
114,2025/5/17,食品品保初級工程師,食品科學概論,23,"依我國食品藥物管理署所訂之檢驗機構微生物領域檢驗結果之品質管制，培養基滅菌時，
如培養基中含有對熱敏感的物質，應以何種孔徑之無菌濾膜進行除菌？",0.22 µm,0.40 µm,1 nm,0.1 nm,A,,第一次
114,2025/5/17,食品品保初級工程師,食品科學概論,24,"近期發生食用粄條引發食品中毒的案例，主要的病原體為唐菖蒲伯克氏菌椰毒病原型
（Burkholderia gladioli pathovar cocovenenans），有關此病原體之敘述，下列何者不正確？",僅有椰毒病原型才能造成人類致病,經過高溫高壓烹煮可破壞致病的邦克列酸,必須在中性、低鹽、溫暖且潮濕條件下才會孳生並產生毒素,常見於穀、麥類磨漿後未即時晾曬製作、或製作完畢未冰存,B,,第一次
114,2025/5/17,食品品保初級工程師,食品科學概論,25,預防黃麴毒素在食品中產生之方法下列何者有誤？,避免購買來路不明之產品,注意溫濕度防止黴菌生長,定期檢查以免汙染擴大,發現有發黴之產品清除並高溫處理後仍可食用,D,,第一次
114,2025/5/17,食品品保初級工程師,食品科學概論,26,沙門氏菌時常好發於禽類製品，有關沙門氏菌的特性，下列敘述何者不正確？,需要大於105 至107CFU 以上的菌數始能致病,最適生長的水活性約在0.93-0.95,"約有2,400 種以上的血清型別",產生外毒素造成致病,D,,第一次
114,2025/5/17,食品品保初級工程師,食品科學概論,27,有關肉毒桿菌的防治，下列敘述何者不正確？,膨罐罐頭可加熱後再食用以避免浪費,認清真空包裝食品的保存標示，須依標示冷藏或冷凍保存,盡量避免自行醃漬肉製品及水產製品,食品須充分加熱後始得食用,A,,第一次
114,2025/5/17,食品品保初級工程師,食品科學概論,28,"依照衛生福利部公告食品中大腸桿菌O157：H7 之檢驗方法，有關IMViC 試驗結果，下
列敘述何者錯誤？",吲哚試驗，通常為正反應，有時亦呈負反應,歐普氏試驗，為正反應,甲基紅試驗，為負反應,檸檬酸鹽利用試驗，為正反應,D,,第一次
114,2025/5/17,食品品保初級工程師,食品科學概論,29,依照衛生福利部公告食品中阪崎腸桿菌之檢驗方法，下列敘述何者錯誤？,本方法適用於一般食品及奶粉中阪崎腸桿菌之檢驗,阪崎腸桿菌為革蘭氏陰性、無莢膜、具芽孢之桿狀菌,阪崎腸桿菌為氧化酶負反應,檢體經增菌後，以選擇性增菌液及選擇性培養基培養,B,,第一次
114,2025/5/17,食品品保初級工程師,食品科學概論,30,下列何種細菌性食物中毒之潛伏期最短？,Staphylococcus,Clostridium,Salmonella,Shigella,A,,第一次
114,2025/5/17,食品品保初級工程師,食品科學概論,31,仙人掌桿菌之食物中毒的作用機制，為下列哪一種型態？,感染型食物中毒,毒素型食物中毒,中間型食物中毒,綜合型食物中毒,BC,,第一次
114,2025/5/17,食品品保初級工程師,食品科學概論,32,防止麵粉中黴菌生長，其含水量限制為：,23%以下,18%以下,15%以下,13%以下,D,,第一次
114,2025/5/17,食品品保初級工程師,食品科學概論,33,由諾羅病毒所引發的病毒型食品中毒又被稱為：,冬季嘔吐病,諾瓦克病毒疾病,病毒性腸胃炎,以上皆是,D,,第一次
114,2025/5/17,食品品保初級工程師,食品科學概論,34,芽孢染色通常用何種染劑？,孔雀綠,結晶紫,碘,甲烯藍,A,,第一次
114,2025/5/17,食品品保初級工程師,食品科學概論,35,食品微生物之檢驗方法－大腸桿菌之檢驗結果以最確數法表示，試問此結果為：,定量法,半定量法,絕對值法,對數法,B,,第一次
114,2025/5/17,食品品保初級工程師,食品科學概論,36,"目前植物種籽油以溶劑萃取法為主，其精煉過程需經過脫酸（DA）、脫色（DC）、脫膠
（DG）、脫臭（DO）、萃取（E）、冬化（W）等程序。下列何者為油脂精煉之正確加工程
序？",E、DA、DC、DG、DO、W,E、DG、DA、DC、DO、W,E、W、DA、DC、DO、DG,W、E、DG、DO、DA、DC,B,,第一次
114,2025/5/17,食品品保初級工程師,食品科學概論,37,有關蛋白質分析方法的敘述，下列何者錯誤？,凱氏定氮法直接測定食品中蛋白質氮元素的總量,雙縮脲法測定蛋白質的多胜肽鍵,福林酚法是測定蛋白質的多胜肽鍵、酪胺酸和色胺酸,凱氏定氮法的靈敏度低於福林酚法,A,,第一次
114,2025/5/17,食品品保初級工程師,食品科學概論,38,下列何者方法不能用於蛋白質檢測？,米隆反應（Millon's reaction）,卡爾費雪法（Karl Fischer method）,霍金斯-柯爾反應（Hopkins-Cole reaction）,寧海準反應（Ninhydrin reaction）,B,,第一次
114,2025/5/17,食品品保初級工程師,食品科學概論,39,有關抗氧化劑的敘述，下列何者錯誤？,L-抗壞血酸為水溶性抗氧化劑，可防止食品中色素之氧化,維生素E 為水溶性抗氧化劑，可防止油脂氧化,異抗壞血酸為水溶性抗氧化劑，可防止維生素C 氧化,沒食子酸丙酯為脂溶性抗氧劑，可防止油脂氧化,B,,第一次
114,2025/5/17,食品品保初級工程師,食品科學概論,40,下列何者呈現剛割過草的青草味成分？,cis-3 hexenol,amyl acetate,citronellol,eugenol,A,,第一次
114,2025/5/17,食品品保初級工程師,食品科學概論,41,利用多少g 固體原料才能製備500 ml 0.1 mol/L 磷酸二氫鈉（莫耳重量120 g/mol）？,1.5,3.0,4.5,6.0,D,,第一次
114,2025/5/17,食品品保初級工程師,食品科學概論,42,"揮發性鹽基態氮（VBN）一般用以判斷魚貝類的新鮮度，初期腐敗的魚貝VBN 為多少
mg %？",5-10,15-25,30-40,50 以上,C,,第一次
114,2025/5/17,食品品保初級工程師,食品科學概論,43,"化學醬油中會存在3-單氯丙二醇，主要是因為脫脂黃豆中的何種成分在鹽酸的加熱水解
中，其水解所產生的基團會被鹽酸的氯離子取代而產生的？",醣類,脂肪,蛋白質,礦物質,B,,第一次
114,2025/5/17,食品品保初級工程師,食品科學概論,44,下列何者均為釀造酒？,清酒、紹興酒,米酒、清酒,烏梅酒、啤酒,威士忌、白蘭地,A,,第一次
114,2025/5/17,食品品保初級工程師,食品科學概論,45,下列那一個胺基酸，在中性pH 時帶正電？,麩胺酸,苯丙胺酸,離胺酸,絲胺酸,C,,第一次
114,2025/5/17,食品品保初級工程師,食品科學概論,46,細胞實驗中，最常用來作為脂質氧化指標的數值為下列何者？,碘價,酸價,皂化價,硫巴比妥酸價,D,,第一次
114,2025/5/17,食品品保初級工程師,食品科學概論,47,食品中下列哪一種色素，pH 須維持在3 以下，才較能維持安定？,花青素,葉綠素,甜菜苷,類胡蘿蔔素,A,,第一次
114,2025/5/17,食品品保初級工程師,食品科學概論,48,葡萄中主要的有機酸為下列何者？,蘋果酸,檸檬酸,酒石酸/蘋果酸,蘋果酸/檸檬酸,C,,第一次
114,2025/5/17,食品品保初級工程師,食品科學概論,49,有關麵粉內蛋白質之敘述，下列何者錯誤？,依蛋白質含量可分為特高筋麵粉、高筋麵粉、中筋麵粉、低筋麵粉及無筋麵粉,"麵粉中含有醇溶蛋白（gliadin）及麥穀蛋白（glutenin），吸水後成為具延性及展性之
網狀結構稱為麵筋（gluten）",麥穀蛋白（glutenin）的特性為富有彈性，但延展性差,醇溶蛋白（gliadin）的特性為富有彈性，但延展性差,D,,第一次
114,2025/5/17,食品品保初級工程師,食品科學概論,50,仙人掌桿菌中毒常見於下列何種食物中？,米飯,蛋製品,低酸性罐頭,生菜沙拉,A,,第一次
114,2025/5/17,食品品保初級工程師,食品科學概論,51,關於可可與巧克力之加工技術，下列敘述何者不正確？,"細研磨是使巧克力有細膩潤滑的口感的關鍵技術之一，一般是將調配好的可可漿液
研磨至顆粒粒徑降至50-75 μm 以下",可可豆的烘焙溫度一般約落在110-150℃之間,由於可可豆本身帶有酸味，一般須經發酵過程來去酸，但是溫度不宜超過50℃,冷凍時巧克力表面產生的白色霧狀物質，主要是因為可可脂分離凝結的現象,A,,第一次
114,2025/5/17,食品品保初級工程師,食品科學概論,52,以機械式冷凍法進行食品之冷凍，下列何者屬於一次冷媒（Primary Refrigerant）？,酒精,Freon-22,乙二醇,丙二醇,B,,第一次
114,2025/5/17,食品品保初級工程師,食品科學概論,53,有關“真空多效蒸發系統”的敘述，下列何者正確？,多效的真空度依效次增加而增大,多效的絕對壓力依效次增加而增大,多效的溫度依效次增加而增大,多效的熱交換面積依效次增加而增大,A,,第一次
114,2025/5/17,食品品保初級工程師,食品科學概論,54,下列有關食用醋加工之敘述，何者正確？,"合成醋係將食品級冰醋酸以水稀釋後加入其它調味料再經發酵而得，具有製程短且
風味多樣化等優點",釀造醋製品的醋酸含量一般可達10%以上，且風味佳,穀物釀造醋的發酵溫度最好控制在55-60℃,酒醋係利用稀釋酒精或酒，配合溫度和氧氣等條件，接種醋酸菌以產生醋酸而製成,D,,第一次
114,2025/5/17,食品品保初級工程師,食品科學概論,55,有關肉製品的加工，下列敘述何者正確？,"豬肉中變性肌紅蛋白（metmyoglobin）的金屬離子為亞鐵籬子，色澤呈暗褐色，可利
用亞硝酸鹽保色",製作貢丸時，添加黃豆分離蛋白可提高乳化效果,豬肉結締組織中的蛋白質主為肌原纖維蛋白，其含量與加工肉品的質地息息相關,"製作法蘭克福香腸時，肉漿乳化能力隨溫度之升高而快速增加，因此全程宜控制在
10-18℃",B,,第一次
114,2025/5/17,食品品保初級工程師,食品科學概論,56,有關蒸餾酒的敘述，下列何者正確？,威士忌一般係以小麥為主原料釀造蒸餾,伏特加一般係以馬鈴薯為主原料釀造蒸餾,蘭姆酒（Rum）係一般以葡萄為主原料釀造蒸餾,琴酒一般係以精白米為主原料釀造蒸餾,B,,第一次
114,2025/5/17,食品品保初級工程師,食品科學概論,57,我國食品良好衛生規範準則中，有關低酸性罐頭食品內容物之規定為：,平衡酸鹼值（pH 值）＞4.6，且水活性＞0.85,平衡酸鹼值（pH 值）＜4.6，且水活性＞0.85,平衡酸鹼值（pH 值）＞4.6，且水活性＜0.85,平衡酸鹼值（pH 值）＜4.6，且水活性＜0.85,A,,第一次
114,2025/5/17,食品品保初級工程師,食品科學概論,58,紅茶中的茶紅質係由茶菁中哪一物質氧化生成？,胺基酸,兒茶素,咖啡因,葉綠素,B,,第一次
114,2025/5/17,食品品保初級工程師,食品科學概論,59,"傳統農產加工常添加多量（＞25%）食鹽以保存蔬菜（鹽藏），下列有關其保藏原理之敘
述，何者不正確？",食鹽溶於食品中的水，使水活性降低,食鹽具抑制各種酵素作用的效果,食品中的鹽分使氧溶解度下降，限制好氣性微生物的生長,貯藏過程中有益微生物的代謝產物具抑制腐敗微生物的作用,D,,第一次
114,2025/5/17,食品品保初級工程師,食品科學概論,60,下列哪種點心食品是利用直接擠壓膨化技術生產的？,可樂果,仙貝,乖乖,滿天星,C,,第一次
114,2025/5/17,食品品保初級工程師,食品科學概論,61,下列何種乳製品為「油中水滴型」（water in oil）的乳化物？,鮮乳,鮮乳油,奶油,塑性乳油,C,,第一次
114,2025/5/17,食品品保初級工程師,食品科學概論,62,豆皮加工時，為減少豆漿煮沸期間之大量起泡現象，一般會加入何種物質來改善？,磷酸鹽,葡萄糖酸內酯,矽酮油,沙拉油,C,,第一次
114,2025/5/17,食品品保初級工程師,食品科學概論,63,半乾性食品敘述下列何者有誤？,水含量約15-40%,水活性0.6-0.85,利用某些成分，如甘油、山梨糖醇等，使微生物不易生長，延長保存期限,由於水分含量低，不須添加防腐劑亦可永久保存,D,,第一次
114,2025/5/17,食品品保初級工程師,食品科學概論,64,鹽漬法為常用保存食品的方法之一，有關其保藏原理之敘述，下列何者不正確？,降低水活性,滲透壓提高，致使微生物原生質分離，繁殖受阻,溶氧量減少，阻礙好氧性微生物生長,食鹽中的鈉離子對微生物有直接毒性作用,D,,第一次
114,2025/5/17,食品品保初級工程師,食品科學概論,65,有關蔬果產品控制氣體貯藏（controlled atmosphere storage）之敘述，下列何者有誤？,通常不必搭配低溫,移除或降低貯藏環境中之氧含量,貯藏環境中充填氮氣或其他鈍氣,貯藏環境維持相對濕度RH 85-95%,A,,第一次
114,2025/5/17,食品品保初級工程師,食品科學概論,66,食品基本的五味為：,酸、甜、苦、辣、鮮,酸、甜、苦、辣、鹹,酸、甜、苦、鹹、鮮,酸、甜、苦、辣、澀,C,,第一次
114,2025/5/17,食品品保初級工程師,食品品保概論,1,食品業者發現其產品有危害衛生安全之虞時，______。,應辦理回收並通報衛生主管機關,只需回收產品而不需通報衛生主管機關,不需回收產品但應通知衛生主管機關,不需回收產品也不需通知主管機關,A,,第一次
114,2025/5/17,食品品保初級工程師,食品品保概論,2,"下列何者屬於電腦視覺於食品管理的應用？ A.臉部辨識門禁管理；B.人流統計；C.水果
分級篩檢；D.產品有效日期標示瑕疵",ABCD,ACD,CD,BCD,B,,第一次
114,2025/5/17,食品品保初級工程師,食品品保概論,3,"QC Story 問題解決型之主題選定是改善活動的開始，因此選定適合的主題十分重要，請問
下述那一項錯誤？",改善現場作業環境,領先同業新產品上市時程,降低產品包裝不良率,減少庫存品報廢成本,B,,第一次
114,2025/5/17,食品品保初級工程師,食品品保概論,4,下列關於「食品安全管制系統準則」之敘述何者有誤？,管制小組應確認本系統執行之有效性，每年至少進行一次內部稽核,食品業者應每年至少一次對執行本系統之人員，辦理內部教育訓練,"本準則所稱食品安全管制系統，指為鑑別、評估及管制食品安全危害，使用危害分
析重要管制點原理，針對原材料之製造進行管理","管制小組應對每一重要管制點，研訂發生系統性變異時之矯正措施；其措施至少包
括下列事項：一、引起系統性變異原因之矯正。二、食品因變異致違反本法相關法
令規定或有危害健康之虞者，其回收、處理及銷毀。管制小組於必要時，應對前項
變異，重新執行危害分析",C,,第一次
114,2025/5/17,食品品保初級工程師,食品品保概論,5,下列膳食纖維之生理功能，不可敘述事項為何？,可促進腸道蠕動,增加飽足感,使糞便比較柔軟而易於排出,瘦身,D,,第一次
114,2025/5/17,食品品保初級工程師,食品品保概論,6,非歸屬「特殊營養食品」之包裝食品可否宣稱「高鋅」？,不可以,可以,視食品種類而定,含量達特定量即可,A,,第一次
114,2025/5/17,食品品保初級工程師,食品品保概論,7,"「食品及其相關產品追溯追蹤系統管理辦法」第7 條所指原料進行追溯追蹤，未改變原包
裝型態是指進行何種業務？",切割,組合,分裝,裝配,B,,第一次
114,2025/5/17,食品品保初級工程師,食品品保概論,8,在推動食品安全管制系統過程中，以下描述何者正確？,確認本系統執行之有效性應優先於重要管制點之驗效作業,管制小組成員之專門職業人員為必要成員,"驗效作業可委外執行，但管制小組需進行書面紀錄確認，並經負責人或其指定人員
簽署，並註記日期",執行危害分析，鑑別足以影響食品安全之因子及檢測難易度與嚴重性,C,,第一次
114,2025/5/17,食品品保初級工程師,食品品保概論,9,下列何者不是食品安全衛生管理法中所稱之食品業者？,從事食品之運送、貯存之業者,從事食品添加物之輸入業者,從事食品器具、食品容器或包裝之販賣之業者,從事食品用洗潔劑之運送、貯存業者,D,,第一次
114,2025/5/17,食品品保初級工程師,食品品保概論,10,企業在投入數位轉型時，最先面臨之關鍵部分為哪一項？,資料庫,產品數量,資訊人才,人工智慧,A,,第一次
114,2025/5/17,食品品保初級工程師,食品品保概論,11,"為規範相關食品製造業者生產販售安全無危害人體健康的食品，讓消費大家在食品的生
活層面上更有保障，整合了ISO 22000 食品安全管理系統和PAS 220 食品安全規格，稱
為：",HACCP,FSSC 22000,TQF,ISO/TS 22003,B,,第一次
114,2025/5/17,食品品保初級工程師,食品品保概論,12,食品安全管理系統強調風險管理，請問下列敘述何者錯誤？,風險係指不確定性的效應,風險係指對工廠有危害的負面效應,風險也有可能指對於工廠而言是正面的效應,風險管理對於工廠的食品安全管理系統而言可增進其有效性,B,,第一次
114,2025/5/17,食品品保初級工程師,食品品保概論,13,下列何者尚不是應設置實驗室之食品業者類別？,食用油脂之製造、加工、製造業者,麵粉之製造、加工、調配業者,茶葉飲料之製造、加工、調配業者,食品添加物之製造加工、調配業者,D,,第一次
114,2025/5/17,食品品保初級工程師,食品品保概論,14,"含有咖啡因成分，且有容器或包裝之液態飲料，標示「低咖啡因」時，咖啡因含量需低於
多少？",≦2 毫克／100 毫升,≦5 毫克／100 毫升,≦10 毫克／100 毫升,≦20 毫克／100 毫升,A,,第一次
114,2025/5/17,食品品保初級工程師,食品品保概論,15,下列何者可使用於食用油脂之萃取，且殘留量為0.1 ppm 以下之加工助劑？,丙二醇（Propylene glycol）,乙酸乙酯（Ethyl acetate）,己烷（Hexane）,乙醇（Alcohol）,C,,第一次
114,2025/5/17,食品品保初級工程師,食品品保概論,16,依據GHP 準則，有關「防止交叉污染」之敘述，下列何者不正確？,餐飲業清洗、烹調與配膳流程應避免交叉污染,食品製造場所若能防止交叉污染時，原材料、半成品或成品可以一起貯存,準則中，對於食品物流業者在運輸時並沒有要求防止交叉污染之措施,要避免交叉污染，層架的放置順序是熟食在上、生鮮在下,C,,第一次
114,2025/5/17,食品品保初級工程師,食品品保概論,17,"食品加工製程中需使用蛋品，若員工手部接觸蛋殼後，未充分洗淨即接觸其他原料或成
品，容易導致食物被何種細菌汙染的危害？",沙門氏菌,黃麴菌,腸炎弧菌,金黃色葡萄球菌,A,,第一次
114,2025/5/17,食品品保初級工程師,食品品保概論,18,危險溫度帶（Temperature dangerous zone）的溫度範圍是：,攝氏二十一至六十五度,攝氏七至六十度,攝氏十五至五十七度,攝氏十至六十五度,B,,第一次
114,2025/5/17,食品品保初級工程師,食品品保概論,19,數位轉型的第一步應建議公司建構或完善哪個系統？,企業資源規劃（ERP）,製造執行系統（MES）,物聯網技術（IoT）,平台即服務（PaaS）,A,,第一次
114,2025/5/17,食品品保初級工程師,食品品保概論,20,"工廠因客訴事件過多，為有效控制，新聘品管人員並加強IPQC 製程檢驗，以確保產品品
質，請問那二個品質成本會上升？",預防成本、鑑定成本,鑑定成本、內部失敗成本,內、外部失敗成本,預防成本、內部失敗成本,B,,第一次
114,2025/5/17,食品品保初級工程師,食品品保概論,21,食品原物料進料檢驗（IQC）一般皆採取抽樣檢驗，請問下列選項何者正確？,經抽驗允收後，該批並無不良品存在,所謂的AQL（Acceptable Quality Level），可視為滿意製程的平均值之界限,經抽驗拒收後，該批皆為不良品,業界常用之美軍標準105E 表屬於計量型抽樣計畫,B,,第一次
114,2025/5/17,食品品保初級工程師,食品品保概論,22,"某原料行販售工業用原料給下游食品業者，導致下游蜜餞業者摻入工業級食品添加物，故
下游蜜餞業者應考慮導入哪一項管理？",食品安全文化,食品攙偽,食品添加物管理,以上皆是,B,,第一次
114,2025/5/17,食品品保初級工程師,食品品保概論,23,"啟動數位轉型的關鍵因素包含？ A.了解企業目前營運的需求；B.員工對數位轉型的認知；
C.均以顧客體驗為首要目標；D.均以營運效能提升為目標",ABC,ABD,AB,CD,C,,第一次
114,2025/5/17,食品品保初級工程師,食品品保概論,24,數位轉型的最終目的是？,降低人力,自動生產,數據分析,新商業模式,D,,第一次
114,2025/5/17,食品品保初級工程師,食品品保概論,25,下列對資料的說明，何者正確？,資料擺愈久愈有價值,資料可以重複被使用，但其價值會減少,資料可以重新組合，產出新資料,以上皆是,C,,第一次
114,2025/5/17,食品品保初級工程師,食品品保概論,26,"食品器具容器包裝衛生標準，係針對食品器具及容器訂定之衛生標準，故金屬不沾烤盤須
考慮之包材檢驗項目應包括：",金屬材質,不沾塗層,金屬材質與不沾塗層均包括,非包材，不適用該衛生標準,C,,第一次
114,2025/5/17,食品品保初級工程師,食品品保概論,27,"Clean Label（潔淨標章）起源於2011 年英國，由零售通路商發起食品減少使用人工化學
合成的添加物。2015 年底起，歐盟國家開始推廣，近年成為食品產業發展的重點趨勢；
我國也有驗證公司與通路商合作推廣潔淨標章，請問下列何者不屬於八大要求業者捨棄
的項目？",保色劑,結著劑,防腐劑,調味劑,D,,第一次
114,2025/5/17,食品品保初級工程師,食品品保概論,28,市售果汁經過巴氏殺菌後仍產生腐敗現象，大多因下列哪一種微生物造成？,酵母菌,耐熱性黴菌,大腸桿菌,乳酸菌,B,,第一次
114,2025/5/17,食品品保初級工程師,食品品保概論,29,"食品使用之包裝由於環保議題，走向永續包裝的趨勢，下列哪一項不適用於永續包裝材質
的選擇？",天然的生物聚合物,合成的生質塑膠,石化來源的塑膠,聚乳酸容器,C,,第一次
114,2025/5/17,食品品保初級工程師,食品品保概論,30,數位轉型中，同仁的配合很重要，以下哪種方法不適合用在數位轉型企業中？,在職訓練,轉型願景,由主管帶領,裁員,D,,第一次
114,2025/5/17,食品品保初級工程師,食品品保概論,31,公司以數位科技工具提升效率與短期效用回報，是屬於下列哪個階段？,無紙化,數位化,數位優化,數位轉型,C,,第一次
114,2025/5/17,食品品保初級工程師,食品品保概論,32,請問下述關於品質（Quality）的描述何者有誤？,產品或服務能夠滿足既定需求能力的整體特質,為決定物品或服務是否成使用之目的,品質是指生產最好的產品,品質就是符合要求的標準,C,,第一次
114,2025/5/17,食品品保初級工程師,食品品保概論,33,"縮水甘油脂肪酸酯（GEs）會於人體內產生縮水甘油，造成危害，請問於下列哪種食品產
業製造時須加以考慮？",燒烤煙燻加工食品,食用油脂,包裝飲用水業,烘焙業,B,,第一次
114,2025/5/17,食品品保初級工程師,食品品保概論,34,生鮮水產品產生組織胺造成中毒現象時，其原因最可能是因為？,魚體本身含有高量組織胺,魚類吃的藻類,微生物敗壞造成,水環境含有的化學成分影響,C,,第一次
114,2025/5/17,食品品保初級工程師,食品品保概論,35,依據食品安全管制系統準則，下列對於有關「管制界線」之敘述，何者不正確？,管制界限可參考法規標準、文獻資料或自設實驗等方式訂定之,管制界限須以量化數值表示上限、下限或上下限範圍,管制界限須與下一步驟「監測」之「項目」內容相符,管制界限須進行驗效以證明其有效性,B,,第一次
114,2025/5/17,食品品保初級工程師,食品品保概論,36,國內包裝飲用水衛生安全標準中所規範之重金屬含量，不包括下列何種重金屬？,總汞,銅,鎘,鉛,B,,第一次
114,2025/5/17,食品品保初級工程師,食品品保概論,37,有關我國對於食品業者投保產品責任保險之相關規範，下列敘述何者有誤？,"食品業者屬跨國企業者，如已投保跨國保險，且符合本保險規定者，無須於我國重
複投保",農產品初級加工場登記者應投保,每一意外事故身體傷害之最低保險金額為新臺幣五百萬元,具有商業登記之餐飲業應投保,C,,第一次
114,2025/5/17,食品品保初級工程師,食品品保概論,38,"實施食品安全管制系統之工廠，一批冷凍披薩產品被驗出大腸桿菌超標，最有可能原因
是？",原料牛肉粒解凍時間過長,披薩冷凍溫度過低,pH 測定儀故障,內包材溶出試驗不合格,A,,第一次
114,2025/5/17,食品品保初級工程師,食品品保概論,39,食品安全管制系統中，危害分析應鑑別危害之：,發生頻率與致死率,發生頻率與嚴重性,可信度與嚴重性,發生風險與嚴重性,B,,第一次
114,2025/5/17,食品品保初級工程師,食品品保概論,40,針對食品良好衛生規範準則中之食品製程管理及品質管制，以下描述並非其具體要求？,成品有效日期之訂定，應有合理依據,進料、製程及成品檢驗狀況應適當標示及處理,原料、半成品及成品應留樣保存至有效日期,製程管理及品質管制，應作成紀錄，並保存至少五年,C,,第一次
114,2025/5/17,食品品保初級工程師,食品品保概論,41,罐頭食品保溫試驗目的，何者有誤？,為確保殺菌及密封是否完全,保溫期間每天觀察外觀變化,需於14 天後進行破壞性檢查，以確保外觀、風味、pH 值等符合成品規格,每一批號產品皆應取代表性樣品作保溫試驗,C,,第一次
114,2025/5/17,食品品保初級工程師,食品品保概論,42,罐頭食品製程時下列作業何者正確？,當次生產之充填溫度較初始設定初溫數值高時，可縮短殺菌時間,產品必須依據熱分佈試驗時之方式排列殺菌,罐頭食品於封罐完成後，先放置於殺菌釜隔日殺菌,"有兩種不同產品欲同時於同一台殺菌釜進行殺菌作業，可以產品殺菌時間較長者作
為殺菌條件",B,,第一次
114,2025/5/17,食品品保初級工程師,食品品保概論,43,"接受委託刋播食品廣告之傳播業者，應自廣告之日起，保存委託廣告者之資料的最低期限
為：",6 個月,1 年,2 年,3 年,A,,第一次
114,2025/5/17,食品品保初級工程師,食品品保概論,44,農藥殘留容許量標準中未列之農藥，下列何者正確？,不得檢出,10 ppb 為限,以該農藥之毒性高低為考量,以Codex 之容許量為準,A,,第一次
114,2025/5/17,食品品保初級工程師,食品品保概論,45,下列何者不屬於化學性危害？,輻射汙染,食品添加物,病毒,過敏原,C,,第一次
114,2025/5/17,食品品保初級工程師,食品品保概論,46,"依據肉類加工食品業（或水產加工食品業）應符合食品安全管制系統準則，其實施範圍之
規定，產品含畜禽肉類或其雜碎類（或水產動物類）含量達百分之______以上？",十,二十,五十,未明訂百分比，只要有從肉類（或水產動物類）原料導入之危害者就適用,C,,第一次
114,2025/5/17,食品品保初級工程師,食品品保概論,47,下列哪一個是ISO 各個系統強調的核心概念？,PDCA,HACCP,PRP,食品防禦,A,,第一次
114,2025/5/17,食品品保初級工程師,食品品保概論,48,下列哪一項不是來自於食品安全衛生管理法？,食品良好衛生規範準則,食品安全管制系統準則,ISO 22000 食品安全管理系統,以上皆是,C,,第一次
114,2025/5/17,食品品保初級工程師,食品品保概論,49,含有未全熟蛋之即食食品何種微生物需檢測陰性？,大腸桿菌O157:H7,單核球增多性李斯特菌,沙門氏菌,糞便性鏈球菌,C,,第一次
114,2025/5/17,食品品保初級工程師,食品品保概論,50,即食生魚片應檢測：,沙門氏菌、腸炎弧菌、單核球增多性李斯特菌,沙門氏菌、腸炎弧菌、大腸桿菌,腸桿菌科、腸炎弧菌、單核球增多性李斯特菌,金黃色葡萄球菌腸毒素、沙門氏菌、腸炎弧菌,A,,第一次
114,2025/5/17,食品品保初級工程師,食品品保概論,51,"以基因改造畢赤酵母菌（Pichia pastoris） Ey72 菌株，培養發酵小孢子靈芝類球蛋白濃縮
液作為食品原料，其產品之標示，下列何者說明有誤？",應標示「本品為利用基因改造微生物生產」,應標示「未滿十二歲者、孕婦、授乳者及過敏體質者應避免食用」之警語字樣,以該濃縮液為原料，製造、加工或調配製成之終產品，應標示其生產來源資訊,每日食用限量以小孢子靈芝類球蛋白計為6 毫克,C,,第一次
114,2025/5/17,食品品保初級工程師,食品品保概論,52,"食品及其相關產品追溯追蹤系統管理辦法中，食品業者從事食品及其相關產品那些業務
應建立之追溯追蹤系統？ a 製造、加工、調配。b 輸出。c 販賣。d 輸入",a,ab,abd,abcd,D,,第一次
114,2025/5/17,食品品保初級工程師,食品品保概論,53,"危害分析之化學性危害，包括下列何者最正確？ a 化學性污染、藥物殘留。b 人為添加食
品添加物。c 食品本身存在的過敏原。d 油脂氧化、組織胺",abc,abcd,ab,以上皆非,B,,第一次
114,2025/5/17,食品品保初級工程師,食品品保概論,54,依據食品安全衛生管理法施行細則第20 條對於散裝食品之規定，下列何種敘述並不正確？,以金屬線綑綁將包材臨時封口,以保鮮膜包裝後增加其保存期,以塑膠袋打結,非以擴大販賣範圍為目的,B,,第一次
114,2025/5/17,食品品保初級工程師,食品品保概論,55,下列有關牛肉及牛可食部位原料來源之原產地（國）之標示，何者正確？,進口牛肉在A 國的屠宰場經宰殺、分切及包裝後運銷至各國，牛肉原產地標示為A 國,"進口牛肉在A 國的屠宰場經宰殺後運銷至B 國進行分切及包裝，再外銷至我國，牛
肉原產地標示為B 國","牛隻在A 國飼養後，在B 國進行宰殺，又運銷至C 國進行分切及包裝，最後外銷至
我國，牛肉原產地標示為C 國",以上皆正確,A,,第一次
114,2025/5/17,食品品保初級工程師,食品品保概論,56,"製造食品添加物使用之上一手原料如屬食品添加物，有關「食品添加物產品登錄碼」之敘
述，下列何者為誤？",如屬香料以外之食品添加物，欄位須填寫確切之產品登錄碼,上一手原料如屬香料，於原材料建檔之欄位則得填寫「香料」取代實際產品登錄碼,食品添加物產品成分如含有香料單體，於非追不可須登載詳細香料單體之化學名稱,以上皆非,C,,第一次
114,2025/5/17,食品品保初級工程師,食品品保概論,57,"食品業者從事食品販賣、輸出業務時，建立之追溯追蹤系統，除產品資訊和標記識別外，
至少應包含各管理項目，下列何者不正確？",產品流向資訊,庫存產品之名稱、總重量或總容量,產品銷售之價格,有效串聯產品來源及流向之管理資訊或紀錄,C,,第一次
114,2025/5/17,食品品保初級工程師,食品品保概論,58,"雞肉屠體的HACCP 系統中，若屠體冷藏溫度為CCP 點，管制標準為冷卻水之品溫7℃
以下，此危害項目為何？",物理性,生物性,化學性,以上皆非,B,,第一次
114,2025/5/17,食品品保初級工程師,食品品保概論,59,"食品製造業建立HACCP 制度之步驟中的「判定樹（Decision tree）」，是屬於下列哪一步
驟？",進行危害分析,決定重要管制點,建立管制界限,建立監測程序,B,,第一次
114,2025/5/17,食品品保初級工程師,食品品保概論,60,下列何者不是 HACCP 應具備的基本系統？,稽查報告書,衛生作業標準書,病媒管制,重要管制點,A,,第一次
114,2025/5/17,食品品保初級工程師,食品品保概論,61,"衛福部增訂添加其他食品原料製成之固體型態巧克力產品，含餡巧克力，其巧克力含量至
少占該終產品重量百分之多少？",十五,二十,二十五,三十,C,,第一次
114,2025/5/17,食品品保初級工程師,食品品保概論,62,"依「食品及其相關產品追溯追蹤系統管理辦法」第8 條規定，業者應以什麼方式，完整保
存食品追溯追蹤憑證、文件等記錄，下列何者最正確？",書面,電子文件,書面或電子文件,書面及電子文件,C,,第一次
114,2025/5/17,食品品保初級工程師,食品品保概論,63,食品業者建立追溯追蹤系統的主要目的，以下何者最正確？,了解業者基本資料、工廠或製作場所基本資料，以有效落實業者之輔導管理,確認下游廠商是否完成登錄，取得食品登錄字號來強化自主管理,食品衛生安全事件發生時，可以有效地掌握不符規定產品或原料來源及產品流向,掌握規定產品之原料來源及產品流向，確保政府完整課稅,C,,第一次
114,2025/5/17,食品品保初級工程師,食品品保概論,64,食品危害分析之生物性危害，不包括下列何者？,病原性微生物,動物疾病,過敏原,黴菌毒素,C,,第一次
114,2025/5/17,食品品保初級工程師,食品品保概論,65,"衛生主管機關執行食品安全管制系統符合性稽查，對於未依規定符合食品安全管制系統
準則之食品業者，依食安法第44 條第1 項第1 款規定，經命其限期改正，屆期不改正，
最高處多少新台幣罰鍰？",2 億元,300 萬元,400 萬元,3 億元,A,,第一次
114,2025/5/17,食品品保初級工程師,食品品保概論,66,"某豆漿製造業者進行追蹤追溯系統建置時，對於黃豆之追蹤追溯作業，下列敘述何者正
確？",非基改黃豆與基改黃豆都是黃豆，不需要區分,非基改黃豆與基改黃豆應視為不同來源，惟進入製程後成品均是豆漿，故不需區分,非基改黃豆與基改黃豆從來源至成品均需區分,以上皆非,C,,第一次
114,2025/11/8,食品品保初級工程師,食品科學概論,1,下列有關「打檢（dud detection）」的敘述，何者錯誤？,是罐頭生產線上的一個品管動作,是一種非破壞性檢測,是根據罐蓋彈力的大小來判定,常施行到每一罐上,C,,第二次
114,2025/11/8,食品品保初級工程師,食品科學概論,2,下列何種試劑可直接配製使用，無需再經過標定（standardization）步驟？,氫氧化鈉（NaOH）,鹽酸（HCl）,草酸鈉（Na2C2O4）,過錳酸鉀（KMnO4）,C,,第二次
114,2025/11/8,食品品保初級工程師,食品科學概論,3,"請問如何配置1000 ppm 環境消毒用之漂白水？（以市售漂白水次氯酸鈉濃度5%
計算）",100 mL 漂白水+20 L 清水,200 mL 漂白水+10 L 清水,200 mL 漂白水+20 L 清水,400 mL 漂白水+10 L 清水,B,,第二次
114,2025/11/8,食品品保初級工程師,食品科學概論,4,依據GMP 法規規定，飲用水質微生物之檢驗標準，下述何者正確？,總生菌數50 CFU/ml，大腸桿菌群6 MPN/100 ml,總生菌數100 CFU/ml，大腸桿菌群6 MPN/100 ml,總生菌數100 CFU/ml，大腸桿菌群12 MPN/100 ml,總生菌數200 CFU/ml，大腸桿菌群3 MPN/100 ml,B,,第二次
114,2025/11/8,食品品保初級工程師,食品科學概論,5,關於食品罐頭冷點之敘述，下列何者錯誤？,食品罐頭中最慢達到目標加熱殺菌溫度的地方稱之,食品罐頭中最快達到目標冷卻溫度的地方稱之,肉醬罐頭的冷點位置約在罐中心處,蔬菜汁罐頭的冷點位置約在罐中心垂直線上離罐底3/4 處,B,,第二次
114,2025/11/8,食品品保初級工程師,食品科學概論,6,"油脂精煉的過程中，下列哪一個步驟主要之目的為去除凝固點較高的高級醇類，
避免油品在低溫下混濁而固化？",脫膠,脫色,脫臭,冬化,D,,第二次
114,2025/11/8,食品品保初級工程師,食品科學概論,7,下列何者會造成利用甲苯蒸餾法分析水分含量時的誤差？,樣品中水和溶劑間形成沒有分離的混濁液,含高濃度揮發性成分,脂質氧化,食品中富含維生素C,A,,第二次
114,2025/11/8,食品品保初級工程師,食品科學概論,8,焦糖化反應至少須達幾℃以上才會發生？,80℃,100℃,120℃,160℃,D,,第二次
114,2025/11/8,食品品保初級工程師,食品科學概論,9,有關鮮味物質的敘述，下列何者錯誤？,"高鮮味精是由麩胺酸鈉與5’-核糖核甘酸（5’-ribonucleotides）以5:1 比例調
配而成",柴魚的鮮味成分為5’-次黃嘌呤核甘酸鹽（5’-inosine monophosphate）,菇類的鮮味成分為鳥5’-嘌呤核甘酸鹽（5’-guanosine monophosphate）,現今的味精大多利用發酵法製造,A,,第二次
114,2025/11/8,食品品保初級工程師,食品科學概論,10,人體內超氧歧化酶的輔因子之一為？,鋅,鐵,硒,鉬,A,,第二次
114,2025/11/8,食品品保初級工程師,食品科學概論,11,"依照衛生福利部公告食品中金黃色葡萄球菌之檢驗方法，判定產金黃色葡萄球菌
陽性者，下列結果何者正確？",凝固酶試驗，凝塊形成,觸酶試驗，無氣泡產生,溶菌素敏感性試驗，混濁,革蘭氏染色，淡紅色,A,,第二次
114,2025/11/8,食品品保初級工程師,食品科學概論,12,"依照衛生福利部公告食品中單核球增多性李斯特菌之檢驗方法，判定單核球增多
性李斯特菌陽性者，下列結果何者錯誤？",β-溶血試驗，具微弱溶血透明現象,傘狀運動試驗，培養基上緣下3～5 mm 出現傘狀,"CAMP 試驗，與Staphylococcus aureus 相接處具溶血現象，與Rhodococcus
equi 相接處則否",觸酶試驗，無氣泡產生,D,,第二次
114,2025/11/8,食品品保初級工程師,食品科學概論,13,無菌包裝系統中最常被使用之化學殺菌劑為：,熱的過氧化氫,熱的硫化氫,熱的過氧化醋酸,熱的醋酸,A,,第二次
114,2025/11/8,食品品保初級工程師,食品科學概論,14,下列何者不是冷凍食品凍燒（freezer burn）產生的因素？,水分昇華,溶質濃縮,表面脫水,微生物腐敗,D,,第二次
114,2025/11/8,食品品保初級工程師,食品科學概論,15,有關死後僵直（Rigor mortis）對於肉類品質的影響，下列何者錯誤？,發生變硬及僵直現象,使肌肉保水性上升,使肉品失去彈性及延展性,造成肉品pH 下降，使蛋白質變性及沉澱,B,,第二次
114,2025/11/8,食品品保初級工程師,食品科學概論,16,下列哪一個胺基酸，在中性pH 時帶正電？,麩胺酸,苯丙胺酸,離胺酸,絲胺酸,C,,第二次
114,2025/11/8,食品品保初級工程師,食品科學概論,17,食品微生物之檢驗方法－大腸桿菌之檢驗結果以最確數法表示，試問此結果為：,定量法,半定量法,絕對值法,對數法,B,,第二次
114,2025/11/8,食品品保初級工程師,食品科學概論,18,下列培養基成分中何者與微生物養分之需求無關？,agar,meat extract,casein,lactose,A,,第二次
114,2025/11/8,食品品保初級工程師,食品科學概論,19,預防產氣莢膜桿菌食物中毒的方法，下列何者較不理想？,大份量的餐點（例如湯類）和大塊的肉類建議分成少分量冷藏,冷藏保存的剩餘食物於再度食用前，應加熱至中心溫度65℃即可,食物應熱保存在60℃以上,烹調好的食物最好於1 小時內食用完畢,B,,第二次
114,2025/11/8,食品品保初級工程師,食品科學概論,20,"請問下列何者可能不是導致金黃色葡萄球菌（Staphylococcus aureus）中毒之原
因？",加熱不當,加熱後食品於室溫放置太久,受感染員工所污染,現場人員（如廚師或配膳人員）抽煙或嚼檳榔,D,,第二次
114,2025/11/8,食品品保初級工程師,食品科學概論,21,"我國食品藥物管理署所訂定之沙門氏桿菌公告檢驗方法中，有關工作環境之要
求，每15 分鐘之落菌數不得超過？",100 CFU/培養皿,1000 CFU/培養皿,15 CFU/培養皿,不得檢出,C,,第二次
114,2025/11/8,食品品保初級工程師,食品科學概論,22,造成腸出血性大腸桿菌及志賀氏桿菌的感染劑量極低之原因為何？,菌株易利用蛋白質,菌株易產生氨中和酸,菌株對溫度耐受性高,菌株對酸的耐受性高,D,,第二次
114,2025/11/8,食品品保初級工程師,食品科學概論,23,有關易感染單核球增多性李斯特菌族群的敘述以下何者為「非」？,免疫缺陷族群,酗酒族群,有肝臟疾病的族群,肥胖的族群,D,,第二次
114,2025/11/8,食品品保初級工程師,食品科學概論,24,"進行微生物檢驗時，為避免目標微生物因環境及客觀因素干擾而發生變化，下列
何者為非？",冷藏樣品需置於5 ± 3℃保存,樣品需於保存期限內,常溫保存之樣品為保其新鮮應於5 ± 3℃保存,收樣後需原包裝進行儲存,C,,第二次
114,2025/11/8,食品品保初級工程師,食品科學概論,25,"依照衛生福利部公告包裝飲用水及盛裝飲用水中大腸桿菌群檢驗方法，下列敘述
何者錯誤？",檢體經濾膜過濾後，以選擇性培養基培養及計數之方法,用已滅菌之容器或無菌袋盛取檢體，取檢體100 mL 過濾,"經培養後，觀察是否有金屬光澤之菌落生成，有金屬光澤菌落則進行後續
確認","由確認試驗所得結果，依確定之比率計算大腸桿菌群估計值，單位為
CFU/mL",D,,第二次
114,2025/11/8,食品品保初級工程師,食品科學概論,26,下列何種食品微生物不具有芽孢？,仙人掌桿菌,單核球增多性李斯特菌,肉毒桿菌,枯草桿菌,B,,第二次
114,2025/11/8,食品品保初級工程師,食品科學概論,27,"食用經污染的水產品常見腸炎弧菌所造成的感染，有關腸炎弧菌的敘述，下列何
者正確？",具有季節性的特性，較常在4 至10 月間發生感染事件,在超過3%以上的鹽含量下無法生長,無法生長於牡蠣、文蛤及貝類中,為毒素型的細菌性食品中毒,A,,第二次
114,2025/11/8,食品品保初級工程師,食品科學概論,28,由腸毒素型大腸桿菌所引起之旅行者腹瀉經常是由何種方式進行傳播？,空氣傳播,水源傳播,接觸傳播,以上皆非,B,,第二次
114,2025/11/8,食品品保初級工程師,食品科學概論,29,以下何者「非」消除與抑制諾羅病毒的方式？,酒精噴灑平面消毒,使用1000 ppm 漂白水居家環境消毒,清理嘔吐物等高病毒濃度區域使用5000 ppm 漂白水,以肥皂清洗雙手,A,,第二次
114,2025/11/8,食品品保初級工程師,食品科學概論,30,食品微生物乳酸桿菌經革蘭氏染色後，呈：,淡紅色,深紫色,黃色,綠色,B,,第二次
114,2025/11/8,食品品保初級工程師,食品科學概論,31,食品微生物檢驗在使用聚合酶鏈反應循環三步驟中，加熱95℃之目的為何？,延展合成新雙股DNA,使引子黏合至單股模板DNA,將雙股DNA 完全分開成單股,以上皆非,C,,第二次
114,2025/11/8,食品品保初級工程師,食品科學概論,32,下列何者方法無法判定是否為病原性大腸桿菌？,革蘭氏染色,血清型別試驗：多價和單價本體抗血清,聚合酶鏈反應鑑別致病基因,即時聚合酶鏈反應鑑別致病基因,A,,第二次
114,2025/11/8,食品品保初級工程師,食品科學概論,33,諾羅病毒所引發的食品中毒好發於何種季節？,7-9 月的夏季,4-5 月的春季,11 月-隔年3 月的冬季,9-10 月的秋季,C,,第二次
114,2025/11/8,食品品保初級工程師,食品科學概論,34,我國黃麴毒素在乳粉中最高容許量總量標準為：,10 ppb 以下,1 ppb 以下,0.5 ppb 以下,5 ppb 以下,D,,第二次
114,2025/11/8,食品品保初級工程師,食品科學概論,35,常見引起嬰兒肉毒桿菌中毒之食物為何？,肉品,蜂蜜,牛奶,水果,B,,第二次
114,2025/11/8,食品品保初級工程師,食品科學概論,36,下列何屬之菌株為毒素型食物中毒菌？,Listeria,Clostridium,Vibrio,Bacillus,B,,第二次
114,2025/11/8,食品品保初級工程師,食品科學概論,37,"下列有關於食品中揮發性鹽基態氮（Volatile base nitrogen, VBN）指標的敘述，何
者正確？ a.根據【食品中污染物質及毒素衛生標準】，生鮮即食水產品之VBN 限
量標準為15（mg/100 g）  b.VBN 微生物經由脫胺作用分解蛋白質而產生的胺類
物質 c.VBN 指在鹼性環境下具有揮發性 d.根據【食品中污染物質及毒素衛生標
準】，板鰓魚類之VBN 限量標準較其他硬骨魚類低",abc,bd,ac,abcd,C,,第二次
114,2025/11/8,食品品保初級工程師,食品科學概論,38,"某溶液100 mL 中含有300 mg 的果糖，經反應適量呈色後，在分光光度計測得有
75%入射光被吸收，測得的吸光值估計約為：",0.75,0.67,0.6,0.3,C,,第二次
114,2025/11/8,食品品保初級工程師,食品科學概論,39,有關酵素性褐變反應的敘述，下列何者錯誤？,"蔬果加工處理前，殺菁或高溫短時間（HTST）加熱，主要是抑制多酚氧化
酶的活性",添加檸檬酸、蘋果酸等酸化劑，主要是降低pH 值，抑制蔬果的褐變,削皮的水果浸泡於食鹽水中，可完全抑制多酚氧化酶的作用,金針一般燻二氧化硫保持鮮黃色，其作用也是在抑制多酚氧化酶的褐變反應,C,,第二次
114,2025/11/8,食品品保初級工程師,食品科學概論,40,下列有關紫外光-可見光分光光度法的描述何者有誤？,單一化合物對不同波長的光有不同的吸收能力,化合物的濃度在特定波長的光下與之吸光度成正比,欲求得分析樣品濃度需要建立檢量線,樣品吸光度根據檢量線（以外插法）求得樣品濃度,D,,第二次
114,2025/11/8,食品品保初級工程師,食品科學概論,41,下列何者非包冰目的？,使酵素失活,避免氧化,避免運送過程碰撞損傷,避免產品色澤改變,A,,第二次
114,2025/11/8,食品品保初級工程師,食品科學概論,42,碳水化合物分析中，下列何者無法用於測定還原糖？,斐林試劑,本尼迪試驗,銀鏡反應,莫里奇反應,D,,第二次
114,2025/11/8,食品品保初級工程師,食品科學概論,43,下列何者屬於植物滲出膠？,洋菜,紅藻膠,三仙膠,阿拉伯膠,D,,第二次
114,2025/11/8,食品品保初級工程師,食品科學概論,44,柑橘類的主要苦味物質為檸檬苦素（limonoids），其具有下列何種結構？,monoterpene,diterpene,triterpene,tetraterpene,C,,第二次
114,2025/11/8,食品品保初級工程師,食品科學概論,45,下列分析方法配對的分析對象，何者錯誤？,Bertrand method-非還原醣,Somogyi method-還原醣,Biuret method-polypeptide,Lowry’s method-色胺酸，酪胺酸,A,,第二次
114,2025/11/8,食品品保初級工程師,食品科學概論,46,濃度2M 的硫酸溶液與下列何者當量濃度相等？,2N H2SO4,4N H2SO4,2N HCl,1N H2SO4,B,,第二次
114,2025/11/8,食品品保初級工程師,食品科學概論,47,下列有關油脂化性與分析方法之敘述，何者錯誤？,脂肪酸的飽和度愈小，比重愈小,皂化價可計算出構成脂肪酸的平均分子量，藉此判斷油脂的種類,酸價是測量油脂中游離脂肪酸的含量，可作為油脂劣變酸敗的指標,過氧化價是測定油脂氧化的終產物含量,D,,第二次
114,2025/11/8,食品品保初級工程師,食品科學概論,48,魚丸、貢丸之成型來自於：,澱粉的添加糊化形成,鹽溶性蛋白質形成,滾打形成,以上皆非,B,,第二次
114,2025/11/8,食品品保初級工程師,食品科學概論,49,利用乾式灰化法灰化食品樣品時，較適灰化溫度為幾℃？,250,350,450,550,D,,第二次
114,2025/11/8,食品品保初級工程師,食品科學概論,50,為維持青菜之翠綠色，一般廚師在快炒青菜時，會加入何種物質？,砂糖,烏醋,太白粉,小蘇打粉,D,,第二次
114,2025/11/8,食品品保初級工程師,食品科學概論,51,我國合法食品添加物中品項最多的為哪一類？,黏稠劑,乳化劑,調味劑,營養強化劑,D,,第二次
114,2025/11/8,食品品保初級工程師,食品科學概論,52,下列有關新米與舊米（貯藏米）之敘述，何者錯誤？,舊米浸過的水，其酸鹼度值（pH）較新米低,貯藏期間米之過氧化酵素活性會增高,舊米米粒常有透明度降低現象,舊米煮成的米飯膨脹體積較大、吸水性亦增加,B,,第二次
114,2025/11/8,食品品保初級工程師,食品科學概論,53,有關食用油之精煉程序，下列敘述何者不正確？,"「脫酸」程序主要是去除油脂中的游離脂肪酸，可利用加鹼使油脂中的游
離脂肪酸形成不溶性的脂肪酸鹽類（皂）進行之","「脫膠」程序主要是去除油脂中的果膠質，可以利用直接加少量的水或是
調酸的水溶液與油脂充分混和，形成不溶性的膠狀物（水合膠質），再經
由離心去除","「脫臭」程序主要是去除油脂中可能造成風味不佳的成分，可利用氣提的
方式，在真空蒸餾塔中，利用高溫與高真空條件進行之","「脫色」程序主要是去除油脂中的顏色成分，可在油脂中加入多孔性的固
相吸附劑（例如酸性白土）進行之",B,,第二次
114,2025/11/8,食品品保初級工程師,食品科學概論,54,"最早被商業化生產的高壓加工（High Pressure Processing, HPP）產品是？",高壓加工果醬,高壓加工果汁,高壓加工牛奶,高壓加工蔬菜泥,A,,第二次
114,2025/11/8,食品品保初級工程師,食品科學概論,55,下列加工食品何者並非利用蛋白質凝膠形成之特性製造而成？,蒟蒻,豆花,魚板,乳酪,A,,第二次
114,2025/11/8,食品品保初級工程師,食品科學概論,56,部分發酵茶之發酵作用屬於：,酵素性氧化,自動氧化作用,非酵素性氧化作用,後氧化作用,A,,第二次
114,2025/11/8,食品品保初級工程師,食品科學概論,57,"油炸用食用油之總極性化合物（total polar compounds）含量達多少時即應全部更
換新油？",0.1,0.2,0.25,0.3,C,,第二次
114,2025/11/8,食品品保初級工程師,食品科學概論,58,有關蜜餞之加工技術，下列敘述何者不正確？,添加適量葡萄糖可提高糖漬速率,以水果原料製作蜜餞時應以十分熟度之水果進行之，以提高製品之風味品質,糖漬處理時，水果與糖液的糖度相差不宜超過10-15 °Brix,冬瓜或木瓜蜜餞之加工，可搭配浸泡氯化鈣溶液等鈣化處理使果肉組織硬化,B,,第二次
114,2025/11/8,食品品保初級工程師,食品科學概論,59,有關米粉絲產品的敘述，下列何者正確？,米粉多以蓬萊米或糯米作為原料,米中特有的米蛋白可增加米粉的黏彈性,調和米粉中添加其他澱粉或修飾澱粉的主要目的是調整米粉的黏彈性,"依據目前「市售包裝米粉絲產品標示規定」，產品內容物的米含量超過50%
以上，得標示為「米粉（絲）」",C,,第二次
114,2025/11/8,食品品保初級工程師,食品科學概論,60,下列何者不是低鹽化加工肉品的搭配技術？,添加非鈉鹽類或幫助鹹味增強的物質，以降低食鹽的使用,冷凍保存以提升產品的保存性,添加乳清蛋白或大豆蛋白以增加產品的風味及保存性,精進的包裝技術以提升產品的保存性,C,,第二次
114,2025/11/8,食品品保初級工程師,食品科學概論,61,"微生物的控制是保存食品品質的關鍵因素之一，下列何者不是低溫保存食品常見
的腐敗微生物？",Clostridium botulinum,Pseudomonas,Micrococcus,Mucor,A,,第二次
114,2025/11/8,食品品保初級工程師,食品科學概論,62,罐頭食品係指將食品封裝於密閉容器內，此密閉容器的材質：,必須為馬口鐵,必須為金屬或玻璃,不得有塑膠類物質,金屬、玻璃、殺菌袋、積層複合膜均可,D,,第二次
114,2025/11/8,食品品保初級工程師,食品科學概論,63,一般成分分析（包括水分、粗脂肪等）的測定，鮮肉的水分含量可達？,100%,90%,70%,40%,B,,第二次
114,2025/11/8,食品品保初級工程師,食品科學概論,64,下列乾燥方法何者最適用於奶粉的製造？,熱風乾燥,鼓式乾燥,噴霧乾燥,流動床造粒乾燥,C,,第二次
114,2025/11/8,食品品保初級工程師,食品科學概論,65,發酵甘藍汁液表面被白膜披覆的可能原因為下列哪一種微生物的生長？,產膜酵母菌,產膜醋酸菌,產膜麴菌,產膜乳酸菌,A,,第二次
114,2025/11/8,食品品保初級工程師,食品科學概論,66,有關皮蛋之加工技術，下列敘述何者正確？,係利用蛋白質之加熱凝膠特性,係利用蛋白質之鹼性凝膠特性,係利用蛋白質之乳化凝膠特性,係利用蛋白質之酸性凝膠特性,B,,第二次
114,2025/11/8,食品品保初級工程師,食品品保概論,1,下列哪一株產孢菌產生之毒毒性最強？,Bacillus anthracis,Bacillus cereus,Clostridium botulinum,Clostridium perfringens,C,,第二次
114,2025/11/8,食品品保初級工程師,食品品保概論,2,"工業大數據有下列哪些特性？ A.量；B.速度；C.多樣性；D.真實性；E.可見性；
F.價值",ABCDE,ABCDEF,ACDEF,ACDE,B,,第二次
114,2025/11/8,食品品保初級工程師,食品品保概論,3,下列何者不是進行品管圈活動的目的？,提高現場品質、問題及改善意識,提高現場士氣，培養團隊精神,建立良好的人際關係,從工作中鍛鍊精湛的操作技巧,D,,第二次
114,2025/11/8,食品品保初級工程師,食品品保概論,4,在實施食品及其相關產品追溯追蹤時，下列各敘述中何者最正確？,"多層次傳銷之上游會員販賣食品及其相關產品給下游消費者會員，即應建
立其追溯追蹤系統，並上傳至「食品追溯追蹤管理資訊系統（非追不可）」","網路購物平台業者安排食品及其相關產品出貨給上網訂購之消費者，即應
建立其追溯追蹤系統，並上傳至「食品追溯追蹤管理資訊系統（非追不可）」","食品追溯追蹤系統之紀錄保存範圍，係經公告實施食品業別整個食品生產
鏈之往上一手來源追溯及往下一手成品追蹤之紀錄管制",加工食品業者應建立之追溯追蹤系統，與非登不可系統為同一系統,C,,第二次
114,2025/11/8,食品品保初級工程師,食品品保概論,5,"衛生福利部為強化奶油、鮮奶油、人造奶油及脂肪抹醬等產品之品名及標示管理
規範，於106 年2 月6 日公告「市售奶油、乳脂、人造奶油與脂肪抹醬之品名及
標示規定」，其中以食用油脂製成人造奶油且油脂含量達80%以上之產品，其品
名應標示為：",奶油,鮮奶油,人造奶油,脂肪抹醬,C,,第二次
114,2025/11/8,食品品保初級工程師,食品品保概論,6,管制小組應訂定重要管制點監測計畫，其要求之內容不包含何者？,監測項目及方法,監測用之儀器或設備之價格,頻率,操作人員,B,,第二次
114,2025/11/8,食品品保初級工程師,食品品保概論,7,泡麵麵體的危害不需考慮下列哪一項？,防腐劑,抗氧化劑,水活性,以上皆是,A,,第二次
114,2025/11/8,食品品保初級工程師,食品品保概論,8,下列何者不是食品安全衛生管理法規範之食品業者？,食品加工廠,食品運輸公司,食品添加物廠商,食品研發機構,D,,第二次
114,2025/11/8,食品品保初級工程師,食品品保概論,9,錠狀膠囊狀食品，其外觀型態與藥品類似，為避免消費大眾混淆，依規定應標示？,「非藥品」,「食品」字樣,健康食品,保健食品,B,,第二次
114,2025/11/8,食品品保初級工程師,食品品保概論,10,食品之內容物為二種或二種以上時，應依其含量多寡_______標示之。,由低至高,由高至低,依筆畫,隨意,B,,第二次
114,2025/11/8,食品品保初級工程師,食品品保概論,11,"開放平台可取得公開資料。下列哪些公開資料與食品製造或銷售較有關？ A.中
央氣象局氣象；B.海關資料；C.農業部森林經營；D.內政部戶政資料",ABC,D,BC,AB,BC,,第二次
114,2025/11/8,食品品保初級工程師,食品品保概論,12,規範成第三類食品的牛樟芝原料或產品，需額外進行哪一項安全性試驗？,28 天餵食毒性試驗,90 天餵食毒性試驗,基因毒性試驗,致畸試驗,B,,第二次
114,2025/11/8,食品品保初級工程師,食品品保概論,13,"指觀察或測試控制危害分析重要管制點之活動，以評估重要管制點是否在控制之
下，並產生供確認之正確紀錄，稱之為何？",監測,檢查,分析,管制,A,,第二次
114,2025/11/8,食品品保初級工程師,食品品保概論,14,"隨著生育率的降低，台灣的人口紅利逐漸下降，所以產品外銷歐美以拓展市場是
必須考量的策略，若以美國市場為標的，境外供應商必須符合美國現代化食品法
案（FSMA）的要求，下列何者與FSMA 規則無關？",國外供應商驗證計畫（FSVP）,人類食品預防控制措施（PCQI）,自願性合格進口商計劃（VQIP）,食品安全供應鏈一般要求（ISO 22000）,D,,第二次
114,2025/11/8,食品品保初級工程師,食品品保概論,15,某飲料工廠使用兩批檸檬汁原料生產蔬果汁，請問下列敘述何者適當？,追蹤追溯的作業，僅需呈現量較大的一批,追蹤追溯的作業，需呈現兩批的紀錄，包含批號與數量及來源,追蹤追溯的作業，僅需知道來自那些供應商,以上皆是,B,,第二次
114,2025/11/8,食品品保初級工程師,食品品保概論,16,"製程上用於測定、控制或記錄之測量器或記錄儀，應定期校正，其校正頻率規定
為？",三個月一次,六個月一次,一年一次,沒有硬性規定，但需能確保製程品質與安全,D,,第二次
114,2025/11/8,食品品保初級工程師,食品品保概論,17,"乳脂（Cream）的大腸桿菌採樣計畫為n=5、c=2，限量為m=10 MPN/g、M=100
MPN/g，採集5 個樣品，檢出結果何者正確？",2 個樣品檢出大腸桿菌，分別為11 及15 MPN/g，判定為不合格,3 個樣品檢出大腸桿菌，分別為11、15 及20 MPN/g，判定為不符合,1 個樣品檢出大腸桿菌，120 MPN/g，判定為合格,3 個樣品檢出大腸桿菌，分別為3、11 及15 MPN/g，判定為不合格,B,,第二次
114,2025/11/8,食品品保初級工程師,食品品保概論,18,"食品產業通常老師傅經驗不易傳承，紙本紀錄，原料來源不穩定，品質難管控，
為了改善上述問題，應先投入下列哪一個階段？",無紙化,數位化,數位優化,數位轉型,B,,第二次
114,2025/11/8,食品品保初級工程師,食品品保概論,19,"若甲工廠為專業代工廠，幫A 公司進行飲料產品代工生產。A 公司之品管人員，
到甲工廠進行稽核。以稽核分類，歸類為：",第一者稽核,第二者稽核,第三者稽核,第四者稽核,B,,第二次
114,2025/11/8,食品品保初級工程師,食品品保概論,20,有關「食品及其相關產品追溯追蹤系統管理辦法」何者描述有誤？,"食品及相關產品業者需進行追溯追蹤管理，其指食品、特殊營養食品、食
品添加物、食品器具、食品容器或包裝業者需執行，而食品用洗潔劑業者
則非屬法定要求業別","食品業者從事食品製造、加工、調配時建立追溯追蹤系統，其管理項目至
少包含產品資訊、標記識別、供應商資訊、產品流向資訊及其他與產品相
關之內部追溯追蹤資訊","產品資訊需詳實記錄產品名稱、主副原料、食品添加物、包裝容器、儲運
條件、製造廠商、國內負責廠商、淨重、容量、數量或度量等、有效日期
或製造日期等訊息","產品流向資訊應包含物流業者及下游廠商資訊、產品名稱、淨重、容量、
數量或度量等、批號、有效日期或製造日期、交貨日期等訊息",A,,第二次
114,2025/11/8,食品品保初級工程師,食品品保概論,21,"主控性創新思維是以現有的產品與技術為中心，向外延伸相關配套服務，從顧客
的立場思考，發掘顧客對現有產品未被滿足的需求，建立其它業者難以模仿具市
場區隔的產品及服務，進而提升自己的競爭力。根據以上敘述，下列何者為主控
性創新的特色？",服務不是知識管理的一種,服務不需透過智慧的運行分析,服務可以為客戶免除潛在問題的困擾,以上皆是,C,,第二次
114,2025/11/8,食品品保初級工程師,食品品保概論,22,食品業者須進行自主管理之項目，下列何者有誤？,建立產品資訊表或產製紀錄表,根據生產地批次填寫產製資訊表,保存完整食品追溯追蹤憑據，文件等紀錄,建立進料資料表至存放日期後三個月,D,,第二次
114,2025/11/8,食品品保初級工程師,食品品保概論,23,"食品企業推動淨零碳排的策略中，碳捕獲、利用與封存（CCUS）技術的主要功
能是？",捕集並封存二氧化碳，防止其釋放至大氣,減少產品的碳含量,提高產品的保質期,降低產品的生產成本,A,,第二次
114,2025/11/8,食品品保初級工程師,食品品保概論,24,下列何者為企業在資料數據展現的核心競爭力？,擁有大量資料,將資料資訊化後的利用,清理、分析資料,以上皆非,B,,第二次
114,2025/11/8,食品品保初級工程師,食品品保概論,25,有關企業創新模式中的持續性創新，下列說明何者正確？,大多數的創新活動是一次性的,針對「明確的客戶需求」而做的修改,其他企業有技術障礙,以上皆是,B,,第二次
114,2025/11/8,食品品保初級工程師,食品品保概論,26,QCC 品管圈活動推動，是基於管理學中關於人們工作源動力的理論哪一類？,W 理論,X 理論,Y 理論,Z 理論,C,,第二次
114,2025/11/8,食品品保初級工程師,食品品保概論,27,近十年來台灣地區細菌性食品中毒事件造成發生案件數最多的病原菌為？,腸炎弧菌,金黃色葡萄球菌,仙人掌桿菌,沙門氏菌,A,,第二次
114,2025/11/8,食品品保初級工程師,食品品保概論,28,生產豆腐之加工廠，其豆粕供作飼料用途，是否需要申請分廠分照？,需要，因為生產之豆粕是用於飼料中,需要，因為豆粕不屬於食品,不需要，因為豆粕並未在廠內進行飼料生產製造,不需要，因為豆粕仍可食用,C,,第二次
114,2025/11/8,食品品保初級工程師,食品品保概論,29,"根據我國國家發展委員會於2022 年發布的「台灣2050 淨零排放路徑及策略」，
下列哪一項不是其四大執行策略之一？",產業轉型,金融轉型,能源轉型,社會轉型,B,,第二次
114,2025/11/8,食品品保初級工程師,食品品保概論,30,"公司銷售點系統（POS）、企業資源規劃（ERP）系統和客戶關係管理（CRM）系
統互相獨立時，為了改善上述問題，公司應先投入下列哪一個階段？",無紙化,數位化,數位優化,數位轉型,C,,第二次
114,2025/11/8,食品品保初級工程師,食品品保概論,31,蒐集生產製程資訊或顧客喜好，下列何者為第1 步？,先確認目標，再蒐集資料,先蒐集資料，再找出目標,生產或業務主管決定即可,以上皆非,A,,第二次
114,2025/11/8,食品品保初級工程師,食品品保概論,32,應用知識與技能達成預期結果之能力，是ISO 22000：2018 哪個用語的定義？,改進（improvement）,認知（awareness）,知識（knowledge）,適任性（competence）,D,,第二次
114,2025/11/8,食品品保初級工程師,食品品保概論,33,抽樣計畫中所謂的AQL（Acceptable quality level）是指？,判定合格批之最小不良率,判定合格批的最高良率,判定合格批的最高不良率,判定合格批的最小抽樣數,C,,第二次
114,2025/11/8,食品品保初級工程師,食品品保概論,34,某企業欲建立公司的食品安全文化，首要之務為：,對於員工教育及宣導食品安全文化的重要性,建立達成食品安全文化的各項作業指標,建立對於食品安全文化的預期期望,以上皆非,C,,第二次
114,2025/11/8,食品品保初級工程師,食品品保概論,35,食品業者應就產品輸入相關之紀錄，文件及電子檔案或資料庫保存幾年？,3 年,5 年,7 年,10 年,B,,第二次
114,2025/11/8,食品品保初級工程師,食品品保概論,36,依據GHP 準則，下列對於有關「更衣場所」之敘述，何者不正確？,更衣室應與食品製造加工作業場所隔離,食品從業人員個人衣物不得帶入食品作業場所,更衣室應提供工作人員個人存放衣物之衣櫃,個人儲物櫃應上鎖，並不得存放食物或飲料,D,,第二次
114,2025/11/8,食品品保初級工程師,食品品保概論,37,果醬會檢測何種汙染物？,砷,鉛,銅,汞,B,,第二次
114,2025/11/8,食品品保初級工程師,食品品保概論,38,下列食品檢驗結果何者不合格？,糙米總砷含量為0.3 ppm,糙米無機砷含量為0.35 ppm,白米總砷含量為0.2 ppm,白米無機砷含量為0.3 ppm,D,,第二次
114,2025/11/8,食品品保初級工程師,食品品保概論,39,酸化罐頭食品下列敘述何者為非？,以E.coli O157:H7 作為殺菌指標菌,"殺菌效力（Least sterilization value, LSV）須高於5D（= 0.1 分鐘）",國內規範設定殺菌強度要求為10D（= 0.2 分鐘）,LSV 公式LSV = 10（T−Tref）/ z × t，其中t 代表溫度,D,,第二次
114,2025/11/8,食品品保初級工程師,食品品保概論,40,有關蔬果殘留農藥之管理，在農民使用管理上之主管單位為？,經濟部,農業部,衛生福利部,消費者保護處,B,,第二次
114,2025/11/8,食品品保初級工程師,食品品保概論,41,酸化罐頭食品製程中如有油漬步驟，其量測pH 時：,於油漬前確認半成品之pH 值,油漬後確認半成品之pH 值,油漬前、後皆須量測,不須量測,A,,第二次
114,2025/11/8,食品品保初級工程師,食品品保概論,42,重要管制點偏離管制界限時之矯正措施內容，下列何者有誤？,應包括異常品的處理,確保未流入市面,內部稽核是否有效,即時處理步驟,C,,第二次
114,2025/11/8,食品品保初級工程師,食品品保概論,43,真空包裝即食調理食品，若希望於常溫貯存及販售，可於加工時調整：,水活性（Aw）< 0.94,氫離子濃度指數（pH）≤ 4.6,經巴斯德殺菌（Pasteurization）,鹽濃度 > 3.5%,B,,第二次
114,2025/11/8,食品品保初級工程師,食品品保概論,44,"有四家資本額未達3000 萬元的食品工廠，其中有哪一家需取得衛生安全管理系
統驗證？",果乾加工廠,冷凍水產煉製品工廠,餅乾製造廠,煉乳製造廠,D,,第二次
114,2025/11/8,食品品保初級工程師,食品品保概論,45,下列哪一項不是新修訂之食品安全衛生管理法內容？,自主監測計畫,強制檢驗作業,衛生管理人員設置規定,電子發票開立,ABCD,,第二次
114,2025/11/8,食品品保初級工程師,食品品保概論,46,"食品安全管制小組成員，應曾接受中央主管機關認可之食品安全管制系統訓練機
關（構）辦理之相關課程至少幾小時？",十小時,二十小時,三十小時,六十小時,C,,第二次
114,2025/11/8,食品品保初級工程師,食品品保概論,47,進行製程危害分析查核時，何者非檢點內容？,那個過程可能被汙染,汙染可自然消除可能性,二次汙染可能性,汙染是否會蔓延,B,,第二次
114,2025/11/8,食品品保初級工程師,食品品保概論,48,下列何者不屬於HACCP 品質管理系統事項？,成立管制小組,執行危害分析,決定清潔管制點,建立管制界限,C,,第二次
114,2025/11/8,食品品保初級工程師,食品品保概論,49,包裝飲用水應檢測：,綠膿桿菌、大腸桿菌群、糞便性鏈球菌,腸桿菌科、大腸桿菌群、糞便性鏈球菌,綠膿桿菌、腸炎弧菌、糞便性鏈球菌,綠膿桿菌、沙門氏菌、糞便性鏈球菌,A,,第二次
114,2025/11/8,食品品保初級工程師,食品品保概論,50,有關重組肉食品下列敘述何者正確？,將肉片或肉塊無添加黏著劑，但使用物理加工方式黏著，不屬於重組肉產品,同一塊肉經攪碎重新組成的肉排，不屬於重組肉產品,同一豬隻之里肌肉與五花肉攪碎重新組成的肉排，不屬於重組肉產品,整塊肉塊排列放入箱籃中，冷凍塑形，不屬於重組肉產品,D,,第二次
114,2025/11/8,食品品保初級工程師,食品品保概論,51,市售包裝調合油外包裝品名應如何標示？,"花生油與其他植物油調合後，花生油含量較低於百分之五十，仍應可於品
名中加標「花生風味調合油」字樣","葵花油、芥花油及沙拉油調合並標示「葵花芥花調合油」之產品，葵花油
及芥花油脂需佔產品內容物含量百分之五十以上","調合油中，個別含量依序為葵花油、芥花油及沙拉油，品名須標示為「葵
花芥花沙拉油」",麻油係屬「調味料」，故不須標示調合所使用之各項油脂名稱,A,,第二次
114,2025/11/8,食品品保初級工程師,食品品保概論,52,有關我國對食品添加物「脂肪酸丙二醇酯」之使用規範，下列敘述何者正確？,一氧化氮,一氧化二氮,二氧化碳,一氧化碳,ABCD,,第二次
114,2025/11/8,食品品保初級工程師,食品品保概論,53,"有關密閉容器包裝食品之殺菌管理，下列敘述何者正確？ a.殺菌後成品之冷卻
用水，應使用經加氯消毒之冷水，其出口處至少能檢出0.2 ppm 之有效餘氯 b.低
酸性罐頭食品之殺菌值應大於或等於3  c.低水活性罐頭食品之產品水活性應控
制在0.80 以下 d.容器捲封之解體檢查，應於每一罐型之前三罐實施",ab,abc,bd,bcd,A,,第二次
114,2025/11/8,食品品保初級工程師,食品品保概論,54,下列哪項食品不須標示內容物之主成分所占百分比？,市售包裝米粉（絲）產品,含果蔬汁之包裝飲料,市售包裝之調製乳粉產品,市售包裝之調和油產品,D,,第二次
114,2025/11/8,食品品保初級工程師,食品品保概論,55,包裝食品營養標示應遵行事項必須依序列出，下列何者最正確？,熱量、蛋白質、脂肪、飽和脂肪、反式脂肪、碳水化合物、糖、鈉含量,熱量、蛋白質、碳水化合物、糖、脂肪、飽和脂肪、反式脂肪、鈉含量,熱量、脂肪、飽和脂肪、反式脂肪、蛋白質、碳水化合物、糖、鈉含量,蛋白質、碳水化合物、糖、脂肪、飽和脂肪、反式脂肪、鈉含量、熱量,A,,第二次
114,2025/11/8,食品品保初級工程師,食品品保概論,56,有關營養宣稱或自願標示項目，下列何者不正確？,個別糖類或糖醇類，則得列於碳水化合物項下，於糖之後標示,膽固醇或其他脂肪酸得列於脂肪項下，於反式脂肪（酸）之後標示,胺基酸得列於蛋白質項下標示,總膳食纖維則得列於熱量下標示,D,,第二次
114,2025/11/8,食品品保初級工程師,食品品保概論,57,"經公告實施追溯追蹤之食品業者，應依「食品及其相關產品追溯追蹤系統管理辦
法」以紙本或電子方式，有關留存上傳資訊，下列何者較不正確？",供應商資訊,過敏原資訊,產品流向資訊,內部追溯追蹤之紀錄資料,B,,第二次
114,2025/11/8,食品品保初級工程師,食品品保概論,58,"某工廠生產之魚鬆有3 個供應商來源，進行追溯追蹤作業時，下列哪一項比較不
重要？",採購單,入庫單,驗收報告,供應商名單,ABCD,,第二次
114,2025/11/8,食品品保初級工程師,食品品保概論,59,冷凍豬肉原料管制中，下列何者可不列為HACCP 制度之管制點？,化學性之磺胺劑殘留,化學性之食鹽濃度,物理性之金屬物檢查,生物性之病原菌污染,B,,第二次
114,2025/11/8,食品品保初級工程師,食品品保概論,60,"危害分析之化學性危害，包括下列何者最正確？ (1)化學性污染、藥物殘留 (2)人
為添加食品添加物 (3)食品本身存在的過敏原 (4)油脂氧化、組織胺","1, 2, 3","1, 2, 3, 4","1, 2, 4",以上皆非,B,,第二次
114,2025/11/8,食品品保初級工程師,食品品保概論,61,有關有效日期之標示，下列敘述何者有誤？,任何食品之有效日期可以依該工廠自訂標示為年月,液態乳製品應加註保存期限及保存條件,有效日期標示年月者，係以當月之末日為終止日,應依習慣能辨明之方式標明年月日,A,,第二次
114,2025/11/8,食品品保初級工程師,食品品保概論,62,某大豆油製造廠進口基因改造大豆生產之大豆油，其標示下列何者敘述有誤？,因為大豆油已不含基因改造成分，故標示上不需註明,標示應註明使用基因改造大豆,標示應註明本產品為基因改造大豆製成，但已不含基因改造成分,標示應註明本產品不含基因改造成分，但加工原料中有基因改造大豆,CD,,第二次
114,2025/11/8,食品品保初級工程師,食品品保概論,63,"為利衛生單位能有效識別食品業者填報之產品原材料資訊，非追不可系統自110
年5 月11 日起，調整哪一種類應填報原料分類及原產地（國）？",肉品種類,乳品種類,蔬果種類,蛋品種類,A,,第二次
114,2025/11/8,食品品保初級工程師,食品品保概論,64,"某油脂工廠進口黃豆精製大豆油，請問針對追溯追蹤作業之敘述，下列哪一項
適當？",追溯作業要從黃豆開始建立,因為有精製作業，故由粗製大豆油開始建立追溯追蹤作業,因為精製成大豆油，故必須由精製後大豆油開始進行追溯追蹤作業,以上皆非,A,,第二次
114,2025/11/8,食品品保初級工程師,食品品保概論,65,"某工廠生產冷凍食品，將急速冷凍之溫度設定為CCP 點，請問下列敘述何者最
符合管制的要求？",測量冷凍食品之中心溫度，作為CCP 點的監控,測量急速冷凍設備的冷凍時間，作為CCP 點的監控,確認急速冷凍設備的設定之溫度及時間，作為CCP 點的監控,確認冷媒含量，作為CCP 點的監控,C,,第二次
114,2025/11/8,食品品保初級工程師,食品品保概論,66,"某工廠生產即食餐點，倉管人員於原料驗收後，將馬鈴薯及豬肉原料儲存時堆放
於一處。在危害因子的考量下，下列敘述何者適當？",可以存放在一起且不需分開放置，因為都一起冷藏,可以存放在一起且不需要分開放置，因為之後會蒸煮,可以存放在一起，但需要隔開放置，以避免不同危害造成交叉汙染,可以存放在一起，但需要隔開放置，以利倉管人員管理數量,C,,第二次
115,2026/5/23,食品品保初級工程師,食品科學概論,1,下列有關食品歐姆加熱（Ohmic heating）之敘述，何者正確？,通常利用50~60 Hz 的低頻直流電使食品內部產生熱量,"屬於一種體積加熱法或內部加熱法，加熱快速，不需利用物體表面和內部存
在的溫度差作為傳熱的推動力",通常肥肉的導電加熱速率大於瘦肉,特別適用於極低水分、乾燥狀態食品之加熱殺菌,B,,第一次
115,2026/5/23,食品品保初級工程師,食品科學概論,2,下列食品保存法的說明中，何者不正確？,乾燥法是乾燥食品的水分以抑制食品所附著之微生物,醋酸對微生物有殺菌作用，也具有調味效果,普通細菌在10%以上食鹽濃度不生長,砂糖具有脫水作用，可抑制微生物的生長，至少需要10%以上的濃度,D,,第一次
115,2026/5/23,食品品保初級工程師,食品科學概論,3,"某溶液100 mL 中含有300 mg 的果糖，經反應適量呈色後，在分光光度計測得有
75%入射光被吸收，測得的吸光值估計約為：",0.75,0.67,0.6,0.3,C,,第一次
115,2026/5/23,食品品保初級工程師,食品科學概論,4,有關Enzyme-Linked Immunosorbent Assay（ELISA）的敘述，下列何者正確？,競爭法，一般適用於檢測小分子抗體,間接法，不需二級抗體的參與,三明治法，通常用於檢測大分子抗原,直接法，待測物為抗體,C,,第一次
115,2026/5/23,食品品保初級工程師,食品科學概論,5,"食品微生物檢測可以MPN 法進行，有關MPN 法的敘述，下列何者正確且完整？
a.是種由統計估算而得數據，較不準確；b.需至少做三個連續稀釋倍數；c.可用來
分析食品中病原菌；d.適用於低菌數含量樣品之分析",ab,abc,abd,"abcd
115 年第一次食品品保工程師-初級能力鑑定【公告試題】",D,,第一次
115,2026/5/23,食品品保初級工程師,食品科學概論,6,下列有關金黃色葡萄球菌之敘述，何者正確？,對熱具抗性，一般食物加熱烹煮時，不易將菌體殺死,在食物上增殖時，可產生熱不穩定腸毒素,因牛的乳腺炎而污染牛乳，進而導致乳製品遭受污染,食物中毒之症狀易導致死亡,C,,第一次
115,2026/5/23,食品品保初級工程師,食品科學概論,7,"以分子生物學方式進行微生物之檢驗與鑑定，以下何者不是微生物檢驗時可供辨
識之生物分子？",蛋白質,葉綠體,去氧核醣核酸,脂質,B,,第一次
115,2026/5/23,食品品保初級工程師,食品科學概論,8,下列有關食用醋加工之敘述，何者正確？,"合成醋係將食品級冰醋酸以水稀釋後加入其它調味料再經發酵而得，具有製
程短且風味多樣化等優點",釀造醋製品的醋酸含量一般可達10%以上，且風味佳,穀物釀造醋的發酵溫度最好控制在55-60℃,"酒醋係利用稀釋酒精或酒，配合溫度和氧氣等條件，接種醋酸菌以產生醋酸
而製成",D,,第一次
115,2026/5/23,食品品保初級工程師,食品科學概論,9,下列何者屬於冰淇淋之乳化形式？,油微粒子分布於水中,水微粒子分布於油中,油水鏈結合,油水相互排斥且不分散,A,,第一次
115,2026/5/23,食品品保初級工程師,食品科學概論,10,"下列何種方法，利用KOH 或NaOH 反應量作為分析油脂的化性，判定油脂分子量
大小？",碘價,酸價,皂化價,"過氧化價
115 年第一次食品品保工程師-初級能力鑑定【公告試題】",C,,第一次
115,2026/5/23,食品品保初級工程師,食品科學概論,11,常用螢光呈色法檢測的維生素為？,維生素A,維生素D,維生素K,維生素B2,D,,第一次
115,2026/5/23,食品品保初級工程師,食品科學概論,12,下列何者不屬於酵素性褐變？,蔬菜貯存過程中綠葉的變色,洋芋片製造時色澤的變化,由茶菁製造紅茶時的色澤變化,芭樂中維生素C 的氧化褐變,B,,第一次
115,2026/5/23,食品品保初級工程師,食品科學概論,13,下列何者屬於植物滲出膠？,洋菜,紅藻膠,三仙膠,阿拉伯膠,D,,第一次
115,2026/5/23,食品品保初級工程師,食品科學概論,14,蝦蟹煮熟變紅，是出自下列何種色素的變化？,甜菜苷,肌紅蛋白,類黃酮素,類胡蘿蔔素,D,,第一次
115,2026/5/23,食品品保初級工程師,食品科學概論,15,下列為常見多醣的結構敘述，何者錯誤？,Amylose：glucose 以𝛼（1→4）鍵結,Cellulose：glucose 以𝛽（1→4）鍵結,Inulin：fructose 以𝛽（1→2）鍵結,Chitin：N-acetyl-D-glucosamine 以𝛼（1→4）鍵結,D,,第一次
115,2026/5/23,食品品保初級工程師,食品科學概論,16,下列有關紫外光-可見光分光光度法的描述何者有誤？,單一化合物對不同波長的光有不同的吸收能力,化合物的濃度在特定波長的光下與之吸光度成正比,欲求得分析樣品濃度需要建立檢量線,"樣品吸光度根據檢量線（以外插法）求得樣品濃度
115 年第一次食品品保工程師-初級能力鑑定【公告試題】",D,,第一次
115,2026/5/23,食品品保初級工程師,食品科學概論,17,有關食品大腸桿菌群的分析，下列何者敘述不正確？,"一般常使用3 管式MPN 法，其方法乃將食品均質及稀釋後，選取2 個稀釋
倍數，每一個稀釋倍數進行3 根試管的重複操作","進行3 管式MPN 時，先使用含有發酵管之LST 的培養液培養後，記錄產
氣管數",在確認試驗時，使用含有發酵管之BGLB 培養液，培養後記錄產氣管數,最後以確認試驗所記錄的管數查MPN 表，進行計算,A,,第一次
115,2026/5/23,食品品保初級工程師,食品科學概論,18,"民眾購買麵包店之提拉米蘇蛋糕食用後，陸續出現嘔吐、腹痛、腹瀉等疑似食品中
毒症狀就醫，製作提拉米蘇或慕斯類糕點時常因蛋液未澈底加熱，而造成食品中
毒事件，請問可能為何者食品中毒菌所造成？",腸炎弧菌,黃麴菌,沙門氏菌,仙人掌桿菌,C,,第一次
115,2026/5/23,食品品保初級工程師,食品科學概論,19,有關大腸桿菌O157：H7 之敘述，下列何者正確？,雞肉為其重要媒介食物,O 抗原指的是體抗原，H 抗原為鞭毛抗原,為腸侵入型大腸桿菌,品管時當作指標微生物,B,,第一次
115,2026/5/23,食品品保初級工程師,食品科學概論,20,由腸毒素型大腸桿菌所引起之旅行者腹瀉經常是由何種方式進行傳播？,空氣傳播,水源傳播,接觸傳播,以上皆非,B,,第一次
115,2026/5/23,食品品保初級工程師,食品科學概論,21,一般低酸性罐頭的殺菌目標菌是？,Aspergillus niger,Escherichia coli,Listeria monocytogenes,"Clostridium botulinum
115 年第一次食品品保工程師-初級能力鑑定【公告試題】",D,,第一次
115,2026/5/23,食品品保初級工程師,食品科學概論,22,下列何者不是食品衛生指標菌？,Aspergillus,Coliform,Enterococci,Escherichia coli,A,,第一次
115,2026/5/23,食品品保初級工程師,食品科學概論,23,素肉原料「大豆組織蛋白」是由哪一種加工技術製成？,薄膜技術,膠囊化技術,冷凍技術,擠壓技術,D,,第一次
115,2026/5/23,食品品保初級工程師,食品科學概論,24,從工廠中分離到感染之黴菌，在不知菌名情況下，一般會將培養基pH 調製為？,2-3,4-6,7-8,9-10,B,,第一次
115,2026/5/23,食品品保初級工程師,食品科學概論,25,下列何者最有可能在紅麴產品中被檢測出？,Aflatoxin,Rubratoxin,Citrinin,Ochratoxin,C,,第一次
115,2026/5/23,食品品保初級工程師,食品科學概論,26,"「向消費者保證產品品質，使消費者能夠安心地購買，同時在使用時能產生信心
和滿足感，並願長期使用」即所謂：",品質成本（quality cost）,品質設計（quality design）,品質保證（quality assurance）,品質活動（quality activities）,C,,第一次
115,2026/5/23,食品品保初級工程師,食品科學概論,27,畜產肉類加工，最常見顏色變化的成分為？,膠原蛋白,胡蘿蔔素,肌紅蛋白,"維生素C
115 年第一次食品品保工程師-初級能力鑑定【公告試題】",C,,第一次
115,2026/5/23,食品品保初級工程師,食品科學概論,28,洛神花加工過程常因為熱加工處理造成品質劣變，其紅色劣變主因為：,花青素裂解,梅納反應,焦糖化反應,糊化作用,A,,第一次
115,2026/5/23,食品品保初級工程師,食品科學概論,29,我國合法食品添加物品項最多的為哪一項？,營養強化劑,調味劑,乳化劑,黏稠劑,A,,第一次
115,2026/5/23,食品品保初級工程師,食品科學概論,30,關於膳食纖維（dietary fiber）的說明與定量的敘述，下列何者錯誤？,膳食纖維的成分大多為不能被人體的酵素所消化的多醣類和木質素,膳食纖維與粗纖維（Crude fiber）相同，數值可互相替換,膳食纖維分為可溶性膳食纖維和不可溶性膳食纖維,"定量方法以酵素法為主，先行脫脂後再行去除澱粉與蛋白質，以熱酒精沉澱
乾燥、秤重",B,,第一次
115,2026/5/23,食品品保初級工程師,食品科學概論,31,"以混濁度測定法（turbidity measurement method）分析食品中微生物的敘述，下列
何者錯誤？","為一種將樣品適當稀釋後，接種在固體洋菜培養基上，經培養後，根據培養
基上長出的可見菌落數來推算樣品中所含細菌量",此法需先求出標準曲線，以便將所測得數據換算為菌數,為在特定波長下以分光光度計測量其吸光值之方法,檢測結果為活菌與死菌的總和,A,,第一次
115,2026/5/23,食品品保初級工程師,食品科學概論,32,下列食品中毒與李斯特菌比較有關？,冰淇淋產品,水產品,米飯,"豆類
115 年第一次食品品保工程師-初級能力鑑定【公告試題】",A,,第一次
115,2026/5/23,食品品保初級工程師,食品科學概論,33,"食品微生物之檢驗方法－黴菌及酵母菌數之檢驗中，各稀釋檢液至少需做多少重
複？",二重複,三重複,五重複,十重複,B,,第一次
115,2026/5/23,食品品保初級工程師,食品科學概論,34,大腸桿菌O157：H7 時常造成大規模的感染，以下何者「非」為傳播的途徑？,水源,牛隻的排泄物,苜蓿芽,麵包,D,,第一次
115,2026/5/23,食品品保初級工程師,食品科學概論,35,預防黴菌毒素中毒方式中，下列敘述何者錯誤？,加強檢驗飼料中是否有黴菌毒素，並立法規定其適當容許量,將發黴或可疑的食品丟棄至熟廚餘桶中,改善食物儲存環境，室溫維持在20℃以下，相對濕度控制在75%以下,農產品在採收後48 小時之內，水分降至13%以下,B,,第一次
115,2026/5/23,食品品保初級工程師,食品科學概論,36,"下列哪些食品病原菌歸類為中間型食物中毒？ a.腸炎弧菌；b.產氣莢膜桿菌；   c.
仙人掌桿菌；d.沙門氏菌",abcd,abc,bc,ac,C,,第一次
115,2026/5/23,食品品保初級工程師,食品科學概論,37,"食品微生物霍亂弧菌之檢驗，以Real-time PCR 進行檢測，其檢體DNA 溶液之製
備，下列敘述何者錯誤？",可採用直接煮沸法,可採用適用於革蘭氏陽性細菌DNA 抽取之市售套組進行,製備好的DNA 溶液可在室溫下保存即可,置入加熱振盪器中煮沸10 分鐘,C,,第一次
115,2026/5/23,食品品保初級工程師,食品科學概論,38,曲狀桿菌屬的微生物經常造成腹瀉，有關曲狀桿菌致病的特性，下列何者不正確？,約500 CFU 的菌數即可致病,潛伏期大約是2-5 天,可於5%以上的鹽濃度中生長,"經常造成帶有黏液的水樣腹瀉
115 年第一次食品品保工程師-初級能力鑑定【公告試題】",C,,第一次
115,2026/5/23,食品品保初級工程師,食品科學概論,39,細菌在生長的過程可產生外毒素造成人類致病，請問下列何者正確？,主要的結構為蛋白質,毒素節由擴散作用進入細胞,主要是革蘭氏陰性細菌產生,造成宿主長時間的發炎反應,A,,第一次
115,2026/5/23,食品品保初級工程師,食品科學概論,40,以下何種微生物稱之為黴菌？,黃麴菌,大腸桿菌,輪狀病毒,金黃色葡萄球菌,A,,第一次
115,2026/5/23,食品品保初級工程師,食品科學概論,41,"依照衛生福利部公告食品中病原性大腸桿菌之檢驗方法，判定病原性大腸桿菌陽
性者，下列結果何者錯誤？",革蘭氏染色，呈深紫色,氰化鉀試驗，清澈,檸檬酸鹽利用試驗，清澈,血清型別試驗，呈凝集,A,,第一次
115,2026/5/23,食品品保初級工程師,食品科學概論,42,食品微生物金黃色葡萄球菌經革蘭氏染色後，呈：,淡紅色,深紫色,黃色,綠色,B,,第一次
115,2026/5/23,食品品保初級工程師,食品科學概論,43,食品微生物檢驗在使用聚合酶鏈反應後，所得到的產物之大小為：,與引子一樣大,介於兩個引子間之片段,與模板DNA 一樣大,以上皆非,B,,第一次
115,2026/5/23,食品品保初級工程師,食品科學概論,44,我國之食品中毒病因物質之案件數以何者最多？,病毒,化學物質,天然毒素,"細菌
115 年第一次食品品保工程師-初級能力鑑定【公告試題】",D,,第一次
115,2026/5/23,食品品保初級工程師,食品科學概論,45,下列何者方法不適用分析辣椒粉中的鈉含量？,感應耦合電漿放射光譜法,火焰原子吸收光譜法,Volhard 滴定法,默森-沃爾克法（Munson-Walker Method）,D,,第一次
115,2026/5/23,食品品保初級工程師,食品科學概論,46,大多數維生素在測定時均須經過萃取才能分析，下列萃取方法何者錯誤？,維生素B1 或B2 需在鹼溶液加熱或加壓，搭配酵素處理方法萃取,維生素C 以偏磷酸/醋酸萃取,穀類食品中的菸鹼酸需在鹼液中加壓處理萃取,維生素A、D、E 需經有機溶劑萃取、皂化、再萃取,A,,第一次
115,2026/5/23,食品品保初級工程師,食品科學概論,47,相同精煉貯存條件下，a.棉籽油；b.橄欖油；c.鮭魚油的氧化安定定性依序為？,a<b<c,a<c<b,c<a<b,b<a<c,ABCD,,第一次
115,2026/5/23,食品品保初級工程師,食品科學概論,48,"食品經灰化後，其灰化物溶於酸，經中和，滴入草酸銨產生白色沉澱者，即表示含
有下列何種元素？",Al,Ca,Fe,Zn,B,,第一次
115,2026/5/23,食品品保初級工程師,食品科學概論,49,在油脂氧化劣變的過程中，分別代表其初期及後期的指標依序為下列何者？,TBA，POV,POV，TBA,SV，POV,POV，SV,B,,第一次
115,2026/5/23,食品品保初級工程師,食品科學概論,50,有關醬油之敘述，下列何者錯誤？,用於醬油製麴的麴菌主要是Aspergillus oryzae 及Aspergillus sojae,CNS 將醬油分為甲、乙及丙級三等,"化學醬油是以脫脂黃豆為原料，以鹽酸水解蛋白質來取代麴菌的作用，再加
入鹼中和調製而成","釀造醬油有3-單氯丙二醇的問題
115 年第一次食品品保工程師-初級能力鑑定【公告試題】",D,,第一次
115,2026/5/23,食品品保初級工程師,食品科學概論,51,下列何種酵素與抗氧化有關？,脂解酶（lipase）,脂肪加氧酶（lipoxygenase）,葡萄糖氧化酶（glucose oxidase）,超氧歧化酶（superoxide dismutase）,D,,第一次
115,2026/5/23,食品品保初級工程師,食品科學概論,52,取多少公克NaOH，才能配出150 mL 10% NaOH 溶液？,7.5,15,22.5,27.5,B,,第一次
115,2026/5/23,食品品保初級工程師,食品科學概論,53,糖度計主要是在檢測產品的何項性質？,透光度,可見光,折射率,滲透率,C,,第一次
115,2026/5/23,食品品保初級工程師,食品科學概論,54,關於卡爾費雪法的敘述，下列何者錯誤？,不需加熱,適用於含糖量較高之食品,適用於水分含量較高之食品,若樣品中含維生素C，會影響其準確性,C,,第一次
115,2026/5/23,食品品保初級工程師,食品科學概論,55,油脂品質分析中，下列何種檢測數值無法作為油脂劣變的指標？,酸價,皂化價,過氧化價,羰基價,B,,第一次
115,2026/5/23,食品品保初級工程師,食品科學概論,56,"鮮蛋個體之品質以特級最優，其次依序為甲級、乙級、丙級，下列有關鮮蛋狀態之
敘述，何者錯誤？",蛋白以丙級者最稀薄,蛋黃輪廓以特級者最模糊,氣室以特級者最深,"丙級蛋之蛋黃位置移動最顯著
115 年第一次食品品保工程師-初級能力鑑定【公告試題】",BC,,第一次
115,2026/5/23,食品品保初級工程師,食品科學概論,57,"CNS 國家標準規範依據麵粉中蛋白質含量高低，將麵粉區分為特高筋、高筋、粉
心粉、中筋及低筋麵粉，其製成之麵食類產品，下列敘述何者錯誤？",高筋麵粉適合製作麵包、奶油空心餅、春捲皮,粉心粉適合製作鳳梨酥、油酥,中筋麵粉適合製作饅頭、包子、水餃,低筋麵粉適合製作蛋糕、小西餅,B,,第一次
115,2026/5/23,食品品保初級工程師,食品科學概論,58,下列何者最不常做為高滲透壓添加物的使用？,水,食鹽,砂糖,甘油,A,,第一次
115,2026/5/23,食品品保初級工程師,食品科學概論,59,下列化合物中何者不適合作為二次冷媒（secondary refrigerant）？,氯化鈉溶液,酒精溶液,丙二醇溶液,氟利昂（Freon）,D,,第一次
115,2026/5/23,食品品保初級工程師,食品科學概論,60,下列加工食品何者並非利用多醣類凝膠形成之特性製造而成？,蒟蒻,果凍,洋菜,豆腐,D,,第一次
115,2026/5/23,食品品保初級工程師,食品科學概論,61,蛋粉之加工製造，去糖或脫糖處理的最主要目的為：,降低蛋液黏度，提高蛋粉之乾燥效率,降低梅納反應，提高蛋粉之色澤品質,降低甜度，提高蛋粉之風味品質,降低結塊反應，提高蛋粉之復水性,B,,第一次
115,2026/5/23,食品品保初級工程師,食品科學概論,62,紅葡萄酒於發酵過程中，添加偏重亞硫酸鉀的主要目的為：,殺死雜菌及穩定色澤,提高鹼度及控制風味,控制凝固沉降及酒石酸、蘋果酸之含量,"控制酵母菌的發酵能力
115 年第一次食品品保工程師-初級能力鑑定【公告試題】",A,,第一次
115,2026/5/23,食品品保初級工程師,食品科學概論,63,柴魚製品之加工會利用到下列何種微生物，以產生柴魚的特殊風味？,醋酸菌,黴菌,酵母菌,乳酸菌,B,,第一次
115,2026/5/23,食品品保初級工程師,食品科學概論,64,下列何種食品之加工製造，不涉及發酵技術？,普洱茶,梅乾菜,板豆腐,優酪乳,C,,第一次
115,2026/5/23,食品品保初級工程師,食品科學概論,65,茶葉之發酵主要係靠：,酵母菌,乳酸菌,自身酵素,環境中存在的微生物,C,,第一次
115,2026/5/23,食品品保初級工程師,食品科學概論,66,低酸性食品的定義是指食品的酸鹼值要在多少以上？,7.0,6.0,4.6,3.5,C,,第一次
115,2026/5/23,食品品保初級工程師,食品品保概論,1,有關我國之食品追溯追蹤制度，下列敘述何者最接近法規之要求？,"所有建立追溯追蹤系統之食品業者，須以書面及電子化方式留存相關生產
製程之紀錄，並應將相關資訊上傳至「食品追溯追蹤管理資訊系統（非追不可）」","所有應建立追溯追蹤系統之食品業者，須以書面或電子化方式留存相關生
產製程之紀錄，並應將相關資訊上傳至「食品追溯追蹤管理資訊系統（非追不可）」","所有建立追溯追蹤系統之食品業者，須以電子化方式留存相關生產製程之
紀錄，並應將相關資訊上傳至「食品追溯追蹤管理資訊系統（非追不可）」","所有應建立追溯追蹤系統之食品業者，須以電子化方式留存相關生產製程
之紀錄，並得將相關資訊上傳至「食品追溯追蹤管理資訊系統（非追不可）」",B,,第一次
115,2026/5/23,食品品保初級工程師,食品品保概論,2,噴霧乾燥機內蒸發過程中，食品顆粒的溫度常接近：,熱風進風乾球溫度,熱風出風乾球溫度,熱風濕球溫度,熱風露點溫度,C,,第一次
115,2026/5/23,食品品保初級工程師,食品品保概論,3,為確保食品安全管制系統能效執行，以下關於人員之描述何者正確？,操作人員需接受每三年累計至少十二小時訓練,"小組中專門職業人員（食品技師、營養師等）雖通過國家高考及格，仍需接
受相關訓練並領有合格證明文件",小組中負責人或其指定人員為必要之成員，同時其也必須為食品相關科系,"管制小組成員應接受地方主管機關認可之食品安全管制系統訓練機關（構）
（以下簡稱訓練機關(構)）辦理之相關課程至少三十小時",B,,第一次
115,2026/5/23,食品品保初級工程師,食品品保概論,4,"營養標示中反式脂肪得標示為「零」者，每100 公克或100 毫升食品中，反式脂
肪含量應在：",1 公克以下,0.5 公克以下,0.3 公克以下,"0.1 公克以下
115 年第一次食品品保工程師-初級能力鑑定【公告試題】",C,,第一次
115,2026/5/23,食品品保初級工程師,食品品保概論,5,"下列何者為影響食品製造業生產效能的因素？ a.原料進料與庫存以人員盤點紙本
記錄；b.生產訂單的數量；c.研發時產品品質與配方及製程參數的調整",abc,ac,bc,ab,ABCD,,第一次
115,2026/5/23,食品品保初級工程師,食品品保概論,6,"資料知識的演變歷程包括： a.確認蒐集標的；b.萃取分析結果轉變為知識；c.資料
的結構化；d.資料整理分析為資訊，依序為？",abcd,acbd,acdb,adbc,C,,第一次
115,2026/5/23,食品品保初級工程師,食品品保概論,7,下列何者與強化食品通路業者管理及流通檢查機制之行動方案無關？,推動衛生安全管理驗證,提升通路業者自主管理能力,精進流通稽查機制，優化跨域合作聯繫,強化稽查量能，聯合檢警查緝不法,A,,第一次
115,2026/5/23,食品品保初級工程師,食品品保概論,8,有關液蛋產品標示規定，產品應於其容器或外包裝之敘述，下列何者為誤？,需標示保存條件,需標示「殺菌」或「未殺菌」字樣之品名,散裝液蛋產品不屬於本標示規定,"其屬未殺菌者，應標示「本產品須使用於生產經充分加熱或其他足以達到有
效殺菌之食品」",C,,第一次
115,2026/5/23,食品品保初級工程師,食品品保概論,9,下列哪項食品不須標示內容物之主成分所占百分比？,市售包裝米粉（絲）產品,含果蔬汁總量25%之包裝飲料,市售包裝之調製乳粉產品,"市售包裝之調和油產品
115 年第一次食品品保工程師-初級能力鑑定【公告試題】",D,,第一次
115,2026/5/23,食品品保初級工程師,食品品保概論,10,"（甲）是貿易商，主要是受人（乙）委託進口外國產品，向外國出口商（丙）下單，
產品查驗合格通關後直接送到受託人（乙）公司，下列何者不正確？",報驗義務人（甲）即為「食品輸入業者」,（乙）應建立食品追溯追蹤制度,（甲）不必使用統一發票者或電子發票,（甲）（乙）（丙）皆需強制上傳非追不可系統,CD,,第一次
115,2026/5/23,食品品保初級工程師,食品品保概論,11,在乳品的食品安全管制系統中，下列何者屬於CCP（確保重要管制點）？,控制生乳總生菌數,控制均質的條件,控制熱交換機溫度及維持時間,控制庫溫及產品貯存於10℃以下,C,,第一次
115,2026/5/23,食品品保初級工程師,食品品保概論,12,依據GHP 準則，下列有關「食品接觸面」之敘述，何者不正確？,切生魚片的刀具及砧板，是直接之食品接觸面,擦拭生魚片刀具的抹布，是間接之食品接觸面,已經生成「凝結水」的天花板，是間接之食品接觸面,製作壽司時可能觸摸的電鍋蓋或冰箱拉門，是間接之食品接觸面,C,,第一次
115,2026/5/23,食品品保初級工程師,食品品保概論,13,無菌充填包裝系統之操作條件觀測及記錄時間之間隔，應不超過：,五分鐘,十分鐘,半小時,一小時,D,,第一次
115,2026/5/23,食品品保初級工程師,食品品保概論,14,"食品販賣業者販售牛肉、豬肉及其可食部位為原料之散裝食品，應標示其原料之
原產地（國），此原產地（國）是指：",屠宰地（國）,種原地（國）,畜養地（國）,包裝地（國）,A,,第一次
115,2026/5/23,食品品保初級工程師,食品品保概論,15,以下何者不屬於健康食品之保健功效？,免疫調節,抗疲勞,減肥,"調節血脂
115 年第一次食品品保工程師-初級能力鑑定【公告試題】",C,,第一次
115,2026/5/23,食品品保初級工程師,食品品保概論,16,屠宰場內禽畜屠宰及分切之衛生查核由哪個機關辦理？,衛生機關,農業機關,消保機關,環保機關,B,,第一次
115,2026/5/23,食品品保初級工程師,食品品保概論,17,以下何者技術具不可更改特性，可用來保證產品之追蹤追溯？,人工智慧,區塊鏈,雲端運算,大數據,B,,第一次
115,2026/5/23,食品品保初級工程師,食品品保概論,18,品管圈全體人員進行問題分析時，下列何者不是4M 分析的範疇？,Machine-機械,Metastability-介穩性,Method-方法,Material-材料,B,,第一次
115,2026/5/23,食品品保初級工程師,食品品保概論,19,"根據國家發展委員會2019-2030 年經濟情勢及產業趨勢分析，下列何項不屬於我
國重要的產經發展趨勢？",金融市場波動加劇，影響全球經濟發展,我國人口紅利消失，進而抑制勞動供給,農業經濟再次升級，養殖漁業將創新高,老年人口持續增加，代表橘色商機崛起,C,,第一次
115,2026/5/23,食品品保初級工程師,食品品保概論,20,下列何者不是塑化劑？,DEHP,DBP,DDT,DINP,C,,第一次
115,2026/5/23,食品品保初級工程師,食品品保概論,21,蒐集生產製程資訊或顧客喜好，下列何者為第1 步？,先確認目標，再蒐集資料,先蒐集資料，再找出目標,生產或業務主管決定即可,"以上皆非
115 年第一次食品品保工程師-初級能力鑑定【公告試題】",A,,第一次
115,2026/5/23,食品品保初級工程師,食品品保概論,22,下列哪一項不屬於食品衛生管理？,產品衛生標準,食品添加物之管理及使用規範,衛生管理人員規範,產品暫行標準,C,,第一次
115,2026/5/23,食品品保初級工程師,食品品保概論,23,"某乳品廠生乳來源為10 家酪農戶，請問其在追蹤追溯作業管理，何者為恰當之描
述？","該10 家酪農戶生產均為生乳，故於進乳品廠驗收時，工廠之追蹤追溯作業
可記錄為總計1 筆資料","該10 家酪農戶生產之生乳，於進行追蹤追溯作業時，由於需要明確確認來
源，故需要分開進廠，分開生產","該10 家酪農戶生產之生乳，需要於追蹤追溯紀錄上明確知道為哪10 家酪
農戶，但可裝載於同一乳車進廠，混合後生產",以上皆非,C,,第一次
115,2026/5/23,食品品保初級工程師,食品品保概論,24,肉毒桿菌中毒事件中，較可能發生的食物為何？,生雞肉,煮過的米飯,生乳,真空包裝豆干,D,,第一次
115,2026/5/23,食品品保初級工程師,食品品保概論,25,"責任廠商訂定物品回收銷毀程序之計畫書，其內容應包括下列 a~e 項中的哪些資
料？ a.回收物品之品名；b.回收物品所標示之日期與批號；c.回收物品完整之產銷
紀錄；d.回收之原因及其可能產生之危害；e.後續之消毒與改製或改正等安全措施",abcde,abcd,abc,abce,A,,第一次
115,2026/5/23,食品品保初級工程師,食品品保概論,26,下列何者有誤？,倉庫進出貨遵行先進後出之原則,倉庫通風需良好，並保持清潔,倉庫進出貨確實記錄,"倉儲過程中有定期檢查，並留有紀錄
115 年第一次食品品保工程師-初級能力鑑定【公告試題】",A,,第一次
115,2026/5/23,食品品保初級工程師,食品品保概論,27,請Youtuber 直播販售公司商品是屬於哪一種數位轉型模式？,組織,流程,產品,商業模式,D,,第一次
115,2026/5/23,食品品保初級工程師,食品品保概論,28,"企業使用網站提供客戶產品訊息，並對訪客的來源及在網站的瀏覽時間等，並依
據數據改善資訊提供管道，是屬於下列何者？",數位化,數位優化,數位轉型,以上皆是,B,,第一次
115,2026/5/23,食品品保初級工程師,食品品保概論,29,"依據國家標準（CNS 423）醬油之標準，醬油分為甲級、乙級、丙級。等級的差異，
係以（甲）總氮量、（乙）胺基態氮、（丙）無鹽可溶性固形物、及（丁）夾雜物等
四項目中何者之含量為指標？",甲,甲、乙,甲、乙、丙,甲、乙、丙、丁,C,,第一次
115,2026/5/23,食品品保初級工程師,食品品保概論,30,下列何者不屬於台灣優良農產品標準（CAS）產品類別？,糕點食品,即食食品,生鮮食用菇,冷凍調理食品,A,,第一次
115,2026/5/23,食品品保初級工程師,食品品保概論,31,"由公正第三者組成評核小組，針對已通過衛福部實施食品安全管制系統衛生評鑑
之業者，進行定期及不定期之查核，稱為：",追蹤查核,確認查核,突擊查核,"現場評核
115 年第一次食品品保工程師-初級能力鑑定【公告試題】",A,,第一次
115,2026/5/23,食品品保初級工程師,食品品保概論,32,下列何者不包含於衛生管理？,員工教育訓練,健康檢查,病媒防治,原料驗收,D,,第一次
115,2026/5/23,食品品保初級工程師,食品品保概論,33,自美國進口的牛肉中萊克多巴胺的安全容許量為多少ppb？,4,6,8,10,D,,第一次
115,2026/5/23,食品品保初級工程師,食品品保概論,34,"美國FDA 於2020 發布智慧食安新時代，推動食品業採用哪個技術追蹤產品供應
鏈？",人工智慧,區塊鏈,物聯網,5G,B,,第一次
115,2026/5/23,食品品保初級工程師,食品品保概論,35,"食品工廠針對一項品質異常問題，欲靠眾人之力找出其異常原因癥結，可運用何
種工具？",直方圖,特性要因圖,流程圖,柏拉圖,B,,第一次
115,2026/5/23,食品品保初級工程師,食品品保概論,36,請問以下何者非業者數位轉型主要策略？,生產轉型,產品轉型,行銷轉型,顧客轉型,D,,第一次
115,2026/5/23,食品品保初級工程師,食品品保概論,37,法規中“加熱煮熟”之條件係指：,加熱至100℃以上者,針對不同產品，其中心溫度可達到有效殺死導致食品中毒之病原菌者,加熱至蛋白質變性者,"以上皆非
115 年第一次食品品保工程師-初級能力鑑定【公告試題】",B,,第一次
115,2026/5/23,食品品保初級工程師,食品品保概論,38,"環境監測之目的在於：(1)了解食品的可能汙染源；(2)了解食品廠區的可能汙染源；
(3)確認作業場所之汙染源，不包括辦公場所在內",(1)(2),(1)(3),(2)(3),(1)(2)(3),A,,第一次
115,2026/5/23,食品品保初級工程師,食品品保概論,39,"公司以數位工具調整商業模式，關注外部市場變化變現等新商業模式，是屬於下
列哪個階段？",無紙化,數位化,數位優化,數位轉型,D,,第一次
115,2026/5/23,食品品保初級工程師,食品品保概論,40,下列哪一項不屬於品管新七大手法？,狀況不明時可使用親和圖法,探討因果問題可使用特性要因圖法,針對問題作事先考量，以確保完成可使用PDPC 法,時程掌握可使用箭線圖法,B,,第一次
115,2026/5/23,食品品保初級工程師,食品品保概論,41,食品中驗出三聚氰胺時，其可能來源不包括下列哪一項？,塑膠包材溶出,農藥代謝產物,飼料背景值,水源,D,,第一次
115,2026/5/23,食品品保初級工程師,食品品保概論,42,下列哪一項食品安全事件是食品詐欺行為？,李斯特菌中毒,殺蟲劑成分芬普尼汙染雞蛋,諾羅病毒中毒,"使用過期肉品加工
115 年第一次食品品保工程師-初級能力鑑定【公告試題】",D,,第一次
115,2026/5/23,食品品保初級工程師,食品品保概論,43,關於實施食品安全監測計畫及強制檢驗業別，下列敘述何者為非？,業者可自行檢驗,食品輸入業者針對輸入多項產品類別時，應分別訂定食品安全監測計畫,"業者已自有管理系統及相關程序書，內容已涵蓋要求，則無需另撰寫食品安
全監測計畫書",業者應檢驗其產品之原材料,ABCD,,第一次
115,2026/5/23,食品品保初級工程師,食品品保概論,44,"生產罐頭食品，研發經效期評估後決定將有效日期訂為5 年，請問相關殺菌紀綠
至少應留存多久？",5 年,5 年又6 個月,6 年,6 年又6 個月,B,,第一次
115,2026/5/23,食品品保初級工程師,食品品保概論,45,依據GHP 準則，下列對於有關「低溫食品溫度管理」之敘述，何者不正確？,「品溫」是指該測試樣品的「中心溫度」,冷凍食品之品溫應保持在攝氏負十八度以下,冷藏食品之品溫應保持在攝氏七度以下凍結點以上,裝載低溫食品前，運輸用之車輛及容器應預冷,A,,第一次
115,2026/5/23,食品品保初級工程師,食品品保概論,46,食品安全管制系統中應建立確認程序，包括：,項目、頻率、執行人及危害分析,項目、頻率、執行人及流程,項目、頻率、執行人及驗效,項目、風險、執行人及驗效,B,,第一次
115,2026/5/23,食品品保初級工程師,食品品保概論,47,從事下列哪種行業需實施「食品安全管制系統」？,冷凍素食水餃工廠,國際觀光旅館附設餐廳,洗選蛋工廠,魚丸製造廠（從業人員5 人以下）,B,,第一次
115,2026/5/23,食品品保初級工程師,食品品保概論,48,下列何者對包裝截切小黃瓜沙拉盒的「有效日期」是正確的敘述？,是指截切小黃瓜沙拉可保持產品價值的期間,是指特定儲存條件下，截切小黃瓜沙拉可保持產品價值的最終期限,在有效日期內可確保截切小黃瓜沙拉無變質、腐敗,"須由中央衛生主管機關或其認定機構制定該產品有效日期
115 年第一次食品品保工程師-初級能力鑑定【公告試題】",B,,第一次
115,2026/5/23,食品品保初級工程師,食品品保概論,49,下列何者不是以食品安全衛生管理法規範？,紅酒酒精濃度不足,某果汁之包裝及外觀抄襲其他品牌,素食攙葷,某果汁宣稱為純果汁，但經查其純度不足,A,,第一次
115,2026/5/23,食品品保初級工程師,食品品保概論,50,有關食品工廠之用水管理，下列敘述何者正確？,清洗地板用水，應符合飲用水水質標準,"使用地下水源者，其水源與廢棄物堆積場所等污染源，應至少保持十公尺之
距離",蓄水塔應保持清潔，設置地點應距化糞池等污染源五公尺以上,飲用水與清洗地板用水之管路系統應完全分離，不可使用三向閥組控制,D,,第一次
115,2026/5/23,食品品保初級工程師,食品品保概論,51,關於食品良好衛生規範，本準則用詞之定義如下，何者正確？,原材料：指成品可食部分之構成材料，包括主原料、副原料及食品添加物,副原料：指主原料及食品添加物以外構成品之次要材料,"水活性：指食品中自由水之表示法，為該食品之水蒸汽壓與在同密度下純水
飽和水蒸汽壓之比值",食品工廠：指食品之原材料處理、製造、加工、調配、包裝及儲存場所,B,,第一次
115,2026/5/23,食品品保初級工程師,食品品保概論,52,有關重組肉及注脂肉食品下列敘述何者有誤？,使用整塊豬肉切片為原料，壓型為肉品屬重組肉品,重組肉食品指不包含水產品為原料,注脂肉食品指以畜肉為原料,"食品販賣業者販售散裝重組肉、注脂肉食品以標記標示者，其字體長度及寬
度各不得小於零點二公分",B,,第一次
115,2026/5/23,食品品保初級工程師,食品品保概論,53,地方政府食品安全會報之召集人應是：,地方政府首長,地方政府副首長,衛生局長,"消費保護官
115 年第一次食品品保工程師-初級能力鑑定【公告試題】",A,,第一次
115,2026/5/23,食品品保初級工程師,食品品保概論,54,食品第二級品管是指：,業者自主品管,驗證機構第三方驗證,主管機關稽查抽驗,消保團體市場抽驗,B,,第一次
115,2026/5/23,食品品保初級工程師,食品品保概論,55,"下列哪兩種處理為麵類製品之潛在危害？ a.使用己二烯酸防腐；b.製作鹼麵時使
用氫氧化鈉；c.使用三偏磷酸鈉製作油麵；d.使用亞硫酸氫鈉漂白麵類製品",ab,ad,bc,bd,B,,第一次
115,2026/5/23,食品品保初級工程師,食品品保概論,56,"有關「散裝食品」係指陳列販賣時無包裝，或有包裝而有下列情形之一者，下列何
者較正確？ a.不具啟封辨識性；b.不具延長保存期限；c.非密封；d.非以擴大販賣
範圍為目的",abc,abcd,bcd,cd,B,,第一次
115,2026/5/23,食品品保初級工程師,食品品保概論,57,"即食性冷凍鯛魚片外銷國外，被海關驗出含單核細胞增生性李斯特菌(Listeria
monocytogenes)，其汙染源之可能性下列何者正確？",鯛魚原料,畜養池水,工廠製程中的冷凝水,以上皆是,D,,第一次
115,2026/5/23,食品品保初級工程師,食品品保概論,58,"廣泛存於動物界，可經由人、貓、狗、蟑螂、老鼠等途徑污染食品，屬於下列哪一
種病原菌最有可能？",腸炎弧菌,單核球增多性李斯特菌,沙門氏桿菌,"出血性大腸桿菌
115 年第一次食品品保工程師-初級能力鑑定【公告試題】",C,,第一次
115,2026/5/23,食品品保初級工程師,食品品保概論,59,"除特別狀況下，有容器或外包裝之食品及食品添加物之標示字體之長度及寬度各
不得小於多少毫米？",0.5,143,2,3,C,,第一次
115,2026/5/23,食品品保初級工程師,食品品保概論,60,"食品業者輸入食品時，應建立追溯追蹤系統，有關產品資訊應包含各管理項目，下
列何者不正確？",報驗義務人名稱之統一編號、食品業者登錄字號,國外出口廠商及製造廠商之名稱或代號、地址、聯絡人及聯絡電話,海關放行日期,不須原料原產地（國）資訊,D,,第一次
115,2026/5/23,食品品保初級工程師,食品品保概論,61,"若產品內容物僅以橄欖油、葵花油為原料，且其含量各佔產品內容物含量百分之
五十，則其品名命名方式下列何者為誤？",可命名橄欖油,本產品不屬於調合油,可命名方式橄欖葵花油,可命名葵花油,B,,第一次
115,2026/5/23,食品品保初級工程師,食品品保概論,62,"某通路貨架陳列之商品，要求供應商應對於標示之過敏原資訊須包含建議標示項
目。請協助驗收人員確認貨架上之商品是否符合該通路之要求，下列哪一項商品
不屬於建議標示項目？",羊乳粉,魷魚絲,大豆油,奇異果醬,C,,第一次
115,2026/5/23,食品品保初級工程師,食品品保概論,63,"有關「食品及其相關產品追溯追蹤系統管理辦法」要求「產品資訊」之「淨重、容
量、數量或度量」，下列敘述何者不適當？",指當日該批生產總量,該輸入報驗批輸入總量,指每包產品內容量,"產品之包裝規格
115 年第一次食品品保工程師-初級能力鑑定【公告試題】",C,,第一次
115,2026/5/23,食品品保初級工程師,食品品保概論,64,成品超過有效日期後未販售完被退回，該批成品的追蹤追溯作業：,無須另行標記，以廢棄品處理,批次需要進行標記，以廢棄品處理,無須另行標記，當作非食用次級品處理,批次、數量等需要進行標記，再行處理,D,,第一次
115,2026/5/23,食品品保初級工程師,食品品保概論,65,"指除監測外之活動，包括驗效危害分析重要管制點計畫，以及判定危害分析重要
管制點計畫是否被確實遵行，下列何者最適切？",確認（Verification）,驗效（Validation）,評估（Estimation）,估計（Evaluation）,A,,第一次
115,2026/5/23,食品品保初級工程師,食品品保概論,66,某工廠生產散裝之即時鮮食食品，其應標示之事項，下列何者有誤？,營養標示為必要標示事項,有效日期,內容物名稱,負責廠商名稱、電話及地址,A,,第一次
